[00:00:12] [Server thread/INFO]: [redbean920108: Removed every effect from 2 targets]
[00:03:55] [Server thread/INFO]: [redbean920108: Gave 1 [_gary_825's Head] to redbean920108]
[00:04:30] [Server thread/INFO]: [redbean920108: Gave 1 [redbean920108's Head] to redbean920108]
[00:04:33] [Server thread/INFO]: [@: Teleported redbean920108 to redbean920108]
[00:04:54] [Server thread/INFO]: [redbean920108: Gave 1 [BABUBABA's Head] to redbean920108]
[00:05:16] [Server thread/INFO]: [redbean920108: Gave 1 [BABUBABABA's Head] to redbean920108]
[00:05:29] [Server thread/INFO]: [redbean920108: Gave 1 [7718_'s Head] to redbean920108]
[00:05:40] [Server thread/INFO]: [@: Teleported redbean920108 to 907.500000, 64.000000, 1254.500000]
[00:13:09] [Server thread/INFO]: [redbean920108: Set own game mode to Survival Mode]
[00:13:19] [User Authenticator #4/INFO]: UUID of player BABUBABABA is 4fd662aa-5c63-4de3-8c57-29146d1e45d2
[00:13:20] [Server thread/INFO]: BABUBABABA[/100.119.187.75:61968] logged in with entity id 12481 at (898.2323801878852, 75.0, 1254.8520341486599)
[00:13:20] [Server thread/INFO]: BABUBABABA joined the game
[00:13:42] [Server thread/INFO]: [redbean920108: Removed every effect from 3 targets]
[00:13:52] [Server thread/INFO]: [redbean920108: Made 7718_ no longer a server operator]
[00:13:58] [Server thread/INFO]: [redbean920108: Made BABUBABABA no longer a server operator]
[00:14:05] [Server thread/INFO]: [redbean920108: Made _gary_825 no longer a server operator]
[00:14:12] [Server thread/INFO]: [redbean920108: Made redbean920108 no longer a server operator]
[00:15:31] [Server thread/INFO]: [@: Teleported redbean920108 to BABUBABABA]
[00:18:37] [Server thread/INFO]: [@: Teleported redbean920108 to 907.500000, 64.000000, 1254.500000]
[00:19:12] [Server thread/INFO]: [@: Teleported redbean920108 to 907.500000, 64.000000, 1254.500000]
[00:19:36] [Server thread/INFO]: [@: Teleported BABUBABABA to BABUBABABA]
[00:19:54] [Server thread/INFO]: [@: Teleported BABUBABABA to 907.500000, 64.000000, 1254.500000]
[00:20:02] [Server thread/INFO]: [@: Teleported redbean920108 to 907.500000, 64.000000, 1254.500000]
[00:20:11] [Server thread/INFO]: [@: Teleported BABUBABABA to redbean920108]
[00:20:31] [Server thread/INFO]: [@: Set the time to 1000]
[00:20:36] [Server thread/INFO]: [@: Teleported BABUBABABA to redbean920108]
[00:21:22] [Server thread/INFO]: [@: Teleported redbean920108 to 907.500000, 64.000000, 1254.500000]
[00:21:48] [Server thread/INFO]: [@: Teleported redbean920108 to 907.500000, 64.000000, 1254.500000]
[00:22:44] [Server thread/INFO]: [@: Teleported redbean920108 to 907.500000, 64.000000, 1254.500000]
[00:31:00] [Server thread/INFO]: [@: Set the time to 1000]
[00:31:02] [Server thread/INFO]: [@: Teleported redbean920108 to 907.500000, 64.000000, 1254.500000]
[00:39:54] [Server thread/INFO]: _gary_825 drowned
[00:42:09] [Server thread/INFO]: [@: Set the time to 1000]
[00:42:13] [Server thread/INFO]: [@: Teleported _gary_825 to 907.500000, 64.000000, 1254.500000]
[00:53:16] [Server thread/INFO]: [@: Set the time to 1000]
[00:53:19] [Server thread/INFO]: [@: Teleported BABUBABABA to redbean920108]
[01:03:56] [Server thread/INFO]: [@: Set the time to 1000]
[01:04:01] [Server thread/INFO]: [@: Teleported BABUBABABA to redbean920108]
[01:04:14] [Server thread/INFO]: [@: Teleported 3 entities to 905.500000, 64.000000, 1230.500000]
[01:07:33] [Server thread/INFO]: BABUBABABA lost connection: Disconnected
[01:07:33] [Server thread/INFO]: BABUBABABA left the game
[01:16:51] [Server thread/WARN]: Mismatch in destroy block pos: ji{x=2421, y=59, z=585} ji{x=2420, y=59, z=585}
[01:26:02] [Server thread/INFO]: redbean920108 has made the advancement [Eye Spy]
[01:26:03] [Server thread/INFO]: _gary_825 has made the advancement [Eye Spy]
[01:28:15] [Server thread/INFO]: redbean920108 has made the advancement [The End?]
[01:28:16] [Server thread/INFO]: Scanning for legacy world dragon fight...
[01:28:16] [Server thread/INFO]: Found that the dragon has not yet been killed in this world.
[01:28:17] [Server thread/WARN]: Can't keep up! Is the server overloaded? Running 2092ms or 41 ticks behind
[01:28:17] [Server thread/INFO]: _gary_825 has made the advancement [The End?]
[01:34:40] [Server thread/INFO]: redbean920108 lost connection: Disconnected
[01:34:40] [Server thread/INFO]: redbean920108 left the game
[01:36:06] [Server thread/INFO]: Made _gary_825 a server operator
[01:36:54] [User Authenticator #5/INFO]: UUID of player redbean920108 is c9bf6189-b5cc-4cd3-8fcf-196e091be6c1
[01:36:57] [Server thread/INFO]: redbean920108[/100.123.124.30:53009] logged in with entity id 41925 at (116.43340345535218, 57.0, -16.60927618386548)
[01:36:57] [Server thread/INFO]: redbean920108 joined the game
[01:36:58] [Server thread/INFO]: [_gary_825: Set redbean920108's game mode to Spectator Mode]
[01:36:58] [Server thread/WARN]: redbean920108 moved too quickly! 0.0,-10.80652611000901,0.678426608419203
[01:37:10] [Server thread/WARN]: redbean920108 moved too quickly! -10.06820401816671,0.0,1.8130921164951843
[01:37:39] [Server thread/INFO]: [_gary_825: Set redbean920108's game mode to Survival Mode]
[01:39:55] [Server thread/WARN]: Acacia Boat (vehicle of _gary_825) moved wrongly! 0.4866704980908878
[01:39:56] [Server thread/WARN]: Acacia Boat (vehicle of _gary_825) moved wrongly! 0.9866704980908878
[01:39:56] [Server thread/WARN]: Acacia Boat (vehicle of _gary_825) moved wrongly! 0.4899999999999949
[01:39:56] [Server thread/WARN]: Acacia Boat (vehicle of _gary_825) moved wrongly! 0.2984003985956889
[01:39:56] [Server thread/WARN]: Acacia Boat (vehicle of _gary_825) moved wrongly! 0.2984003985956889
[01:39:57] [Server thread/WARN]: Acacia Boat (vehicle of _gary_825) moved wrongly! 0.4373340673041497
[01:39:57] [Server thread/WARN]: Acacia Boat (vehicle of _gary_825) moved wrongly! 0.4373340673041497
[01:39:57] [Server thread/WARN]: Acacia Boat (vehicle of _gary_825) moved wrongly! 0.4899999999999949
[01:39:57] [Server thread/WARN]: Acacia Boat (vehicle of _gary_825) moved wrongly! 0.4899999999999949
[01:39:57] [Server thread/WARN]: Acacia Boat (vehicle of _gary_825) moved wrongly! 0.4899999999999949
[01:39:57] [Server thread/WARN]: Acacia Boat (vehicle of _gary_825) moved wrongly! 0.4899999999999949
[01:39:58] [Server thread/WARN]: Acacia Boat (vehicle of _gary_825) moved wrongly! 0.4373340673041497
[01:39:58] [Server thread/WARN]: Acacia Boat (vehicle of _gary_825) moved wrongly! 0.4373340673041497
[01:39:59] [Server thread/WARN]: Acacia Boat (vehicle of _gary_825) moved wrongly! 0.3373340434622918
[01:39:59] [Server thread/WARN]: Acacia Boat (vehicle of _gary_825) moved wrongly! 0.8373340434622918
[01:39:59] [Server thread/WARN]: Acacia Boat (vehicle of _gary_825) moved wrongly! 0.4899999999999949
[01:39:59] [Server thread/WARN]: Acacia Boat (vehicle of _gary_825) moved wrongly! 0.2984003985956889
[01:39:59] [Server thread/WARN]: Acacia Boat (vehicle of _gary_825) moved wrongly! 0.2984003985956889
[01:40:00] [Server thread/WARN]: Acacia Boat (vehicle of _gary_825) moved wrongly! 0.4373340673041497
[01:40:00] [Server thread/WARN]: Acacia Boat (vehicle of _gary_825) moved wrongly! 0.4373340673041497
[01:40:00] [Server thread/WARN]: Acacia Boat (vehicle of _gary_825) moved wrongly! 0.4373340673041497
[01:40:00] [Server thread/WARN]: Acacia Boat (vehicle of _gary_825) moved wrongly! 0.4373340673041497
[01:40:01] [Server thread/WARN]: Acacia Boat (vehicle of _gary_825) moved wrongly! 0.4373340673041497
[01:40:01] [Server thread/WARN]: Acacia Boat (vehicle of _gary_825) moved wrongly! 0.4373340673041497
[01:40:01] [Server thread/WARN]: Acacia Boat (vehicle of _gary_825) moved wrongly! 0.4373340673041497
[01:40:01] [Server thread/WARN]: Acacia Boat (vehicle of _gary_825) moved wrongly! 0.4373340673041497
[01:40:02] [Server thread/WARN]: Acacia Boat (vehicle of _gary_825) moved wrongly! 0.4373340673041497
[01:40:02] [Server thread/WARN]: Acacia Boat (vehicle of _gary_825) moved wrongly! 0.4373340673041497
[01:40:02] [Server thread/WARN]: Acacia Boat (vehicle of _gary_825) moved wrongly! 0.3373340434622918
[01:40:03] [Server thread/WARN]: Acacia Boat (vehicle of _gary_825) moved wrongly! 0.8373340434622918
[01:40:03] [Server thread/WARN]: Acacia Boat (vehicle of _gary_825) moved wrongly! 0.4899999999999949
[01:40:03] [Server thread/WARN]: Acacia Boat (vehicle of _gary_825) moved wrongly! 0.2984003985956889
[01:40:03] [Server thread/WARN]: Acacia Boat (vehicle of _gary_825) moved wrongly! 0.2984003985956889
[01:40:04] [Server thread/WARN]: Acacia Boat (vehicle of _gary_825) moved wrongly! 0.4373340673041497
[01:40:04] [Server thread/WARN]: Acacia Boat (vehicle of _gary_825) moved wrongly! 0.4899999999999949
[01:40:04] [Server thread/WARN]: Acacia Boat (vehicle of _gary_825) moved wrongly! 0.4899999999999949
[01:40:04] [Server thread/WARN]: Acacia Boat (vehicle of _gary_825) moved wrongly! 0.4899999999999949
[01:40:04] [Server thread/WARN]: Acacia Boat (vehicle of _gary_825) moved wrongly! 0.4899999999999949
[01:40:05] [Server thread/WARN]: Acacia Boat (vehicle of _gary_825) moved wrongly! 0.4373340673041497
[01:40:05] [Server thread/WARN]: Acacia Boat (vehicle of _gary_825) moved wrongly! 0.4899999999999949
[01:40:05] [Server thread/WARN]: Acacia Boat (vehicle of _gary_825) moved wrongly! 0.4899999999999949
[01:40:05] [Server thread/WARN]: Acacia Boat (vehicle of _gary_825) moved wrongly! 0.4899999999999949
[01:40:05] [Server thread/WARN]: Acacia Boat (vehicle of _gary_825) moved wrongly! 0.4899999999999949
[01:40:06] [Server thread/WARN]: Acacia Boat (vehicle of _gary_825) moved wrongly! 0.4373340673041497
[01:40:06] [Server thread/WARN]: Acacia Boat (vehicle of _gary_825) moved wrongly! 0.4373340673041497
[01:40:06] [Server thread/WARN]: Acacia Boat (vehicle of _gary_825) moved wrongly! 0.4373340673041497
[01:40:06] [Server thread/WARN]: Acacia Boat (vehicle of _gary_825) moved wrongly! 0.3373340434622918
[01:40:07] [Server thread/WARN]: Acacia Boat (vehicle of _gary_825) moved wrongly! 0.8373340434622918
[01:40:07] [Server thread/WARN]: Acacia Boat (vehicle of _gary_825) moved wrongly! 0.4899999999999949
[01:40:07] [Server thread/WARN]: Acacia Boat (vehicle of _gary_825) moved wrongly! 0.2984003985956889
[01:40:07] [Server thread/WARN]: Acacia Boat (vehicle of _gary_825) moved wrongly! 0.4899999999999949
[01:40:08] [Server thread/WARN]: Acacia Boat (vehicle of _gary_825) moved wrongly! 0.9899999999999949
[01:40:08] [Server thread/WARN]: Acacia Boat (vehicle of _gary_825) moved wrongly! 0.4899999999999949
[01:40:08] [Server thread/WARN]: Acacia Boat (vehicle of _gary_825) moved wrongly! 0.2984003985956889
[01:40:08] [Server thread/WARN]: Acacia Boat (vehicle of _gary_825) moved wrongly! 0.2984003985956889
[01:40:09] [Server thread/WARN]: Acacia Boat (vehicle of _gary_825) moved wrongly! 0.4373340673041497
[01:40:09] [Server thread/WARN]: Acacia Boat (vehicle of _gary_825) moved wrongly! 0.4899999999999949
[01:40:09] [Server thread/WARN]: Acacia Boat (vehicle of _gary_825) moved wrongly! 0.4899999999999949
[01:40:09] [Server thread/WARN]: Acacia Boat (vehicle of _gary_825) moved wrongly! 0.4899999999999949
[01:40:10] [Server thread/WARN]: Acacia Boat (vehicle of _gary_825) moved wrongly! 0.4899999999999949
[01:40:10] [Server thread/WARN]: Acacia Boat (vehicle of _gary_825) moved wrongly! 0.9899999999999949
[01:40:10] [Server thread/WARN]: Acacia Boat (vehicle of _gary_825) moved wrongly! 0.4899999999999949
[01:40:10] [Server thread/WARN]: Acacia Boat (vehicle of _gary_825) moved wrongly! 0.29840039859564627
[01:40:11] [Server thread/WARN]: Acacia Boat (vehicle of _gary_825) moved wrongly! 0.4900000000000091
[01:40:11] [Server thread/WARN]: Acacia Boat (vehicle of _gary_825) moved wrongly! 0.9900000000000091
[01:40:11] [Server thread/WARN]: Acacia Boat (vehicle of _gary_825) moved wrongly! 0.4900000000000091
[01:40:11] [Server thread/WARN]: Acacia Boat (vehicle of _gary_825) moved wrongly! 0.2984003985956747
[01:40:12] [Server thread/WARN]: Acacia Boat (vehicle of _gary_825) moved wrongly! 0.4900000000000091
[01:40:12] [Server thread/WARN]: Acacia Boat (vehicle of _gary_825) moved wrongly! 0.9900000000000091
[01:40:12] [Server thread/WARN]: Acacia Boat (vehicle of _gary_825) moved wrongly! 0.4900000000000091
[01:40:12] [Server thread/WARN]: Acacia Boat (vehicle of _gary_825) moved wrongly! 0.2984003985956747
[01:40:12] [Server thread/WARN]: Acacia Boat (vehicle of _gary_825) moved wrongly! 0.4900000000000091
[01:40:13] [Server thread/WARN]: Acacia Boat (vehicle of _gary_825) moved wrongly! 0.9900000000000091
[01:40:13] [Server thread/WARN]: Acacia Boat (vehicle of _gary_825) moved wrongly! 0.4900000000000091
[01:40:13] [Server thread/WARN]: Acacia Boat (vehicle of _gary_825) moved wrongly! 0.2984003985956747
[01:40:13] [Server thread/WARN]: Acacia Boat (vehicle of _gary_825) moved wrongly! 0.4900000000000091
[01:40:14] [Server thread/WARN]: Acacia Boat (vehicle of _gary_825) moved wrongly! 0.9900000000000091
[01:40:14] [Server thread/WARN]: Acacia Boat (vehicle of _gary_825) moved wrongly! 0.4900000000000091
[01:40:14] [Server thread/WARN]: Acacia Boat (vehicle of _gary_825) moved wrongly! 0.2984003985956747
[01:40:14] [Server thread/WARN]: Acacia Boat (vehicle of _gary_825) moved wrongly! 0.2984003985956747
[01:40:15] [Server thread/WARN]: Acacia Boat (vehicle of _gary_825) moved wrongly! 0.4373340673041639
[01:40:15] [Server thread/WARN]: Acacia Boat (vehicle of _gary_825) moved wrongly! 0.4900000000000091
[01:40:15] [Server thread/WARN]: Acacia Boat (vehicle of _gary_825) moved wrongly! 0.4900000000000091
[01:40:15] [Server thread/WARN]: Acacia Boat (vehicle of _gary_825) moved wrongly! 0.4900000000000091
[01:40:16] [Server thread/WARN]: Acacia Boat (vehicle of _gary_825) moved wrongly! 0.4900000000000091
[01:40:16] [Server thread/WARN]: Acacia Boat (vehicle of _gary_825) moved wrongly! 0.9900000000000091
[01:40:16] [Server thread/WARN]: Acacia Boat (vehicle of _gary_825) moved wrongly! 0.4900000000000091
[01:40:16] [Server thread/WARN]: Acacia Boat (vehicle of _gary_825) moved wrongly! 0.2984003985956747
[01:40:16] [Server thread/WARN]: Acacia Boat (vehicle of _gary_825) moved wrongly! 0.2984003985956747
[01:40:17] [Server thread/WARN]: Acacia Boat (vehicle of _gary_825) moved wrongly! 0.4373340673041639
[01:40:17] [Server thread/WARN]: Acacia Boat (vehicle of _gary_825) moved wrongly! 0.4373340673041639
[01:40:17] [Server thread/WARN]: Acacia Boat (vehicle of _gary_825) moved wrongly! 0.4373340673041639
[01:40:17] [Server thread/WARN]: Acacia Boat (vehicle of _gary_825) moved wrongly! 0.4373340673041639
[01:40:18] [Server thread/WARN]: Acacia Boat (vehicle of _gary_825) moved wrongly! 0.4373340673041639
[01:40:18] [Server thread/WARN]: Acacia Boat (vehicle of _gary_825) moved wrongly! 0.4900000000000091
[01:40:18] [Server thread/WARN]: Acacia Boat (vehicle of _gary_825) moved wrongly! 0.4900000000000091
[01:40:18] [Server thread/WARN]: Acacia Boat (vehicle of _gary_825) moved wrongly! 0.4900000000000091
[01:40:18] [Server thread/WARN]: Acacia Boat (vehicle of _gary_825) moved wrongly! 0.4900000000000091
[01:40:19] [Server thread/WARN]: Acacia Boat (vehicle of _gary_825) moved wrongly! 0.9900000000000091
[01:40:19] [Server thread/WARN]: Acacia Boat (vehicle of _gary_825) moved wrongly! 0.4900000000000091
[01:40:19] [Server thread/WARN]: Acacia Boat (vehicle of _gary_825) moved wrongly! 0.2984003985956747
[01:40:20] [Server thread/WARN]: Acacia Boat (vehicle of _gary_825) moved wrongly! 0.4900000000000091
[01:40:20] [Server thread/WARN]: Acacia Boat (vehicle of _gary_825) moved wrongly! 0.9900000000000091
[01:40:20] [Server thread/WARN]: Acacia Boat (vehicle of _gary_825) moved wrongly! 0.4900000000000091
[01:40:20] [Server thread/WARN]: Acacia Boat (vehicle of _gary_825) moved wrongly! 0.2984003985956747
[01:40:20] [Server thread/WARN]: Acacia Boat (vehicle of _gary_825) moved wrongly! 0.2984003985956747
[01:40:21] [Server thread/WARN]: Acacia Boat (vehicle of _gary_825) moved wrongly! 0.4373340673041639
[01:40:21] [Server thread/WARN]: Acacia Boat (vehicle of _gary_825) moved wrongly! 0.4900000000000091
[01:40:21] [Server thread/WARN]: Acacia Boat (vehicle of _gary_825) moved wrongly! 0.9900000000000091
[01:40:21] [Server thread/WARN]: Acacia Boat (vehicle of _gary_825) moved wrongly! 0.4900000000000091
[01:40:22] [Server thread/WARN]: Acacia Boat (vehicle of _gary_825) moved wrongly! 0.2984003985956747
[01:40:22] [Server thread/WARN]: Acacia Boat (vehicle of _gary_825) moved wrongly! 0.2984003985956747
[01:40:22] [Server thread/WARN]: Acacia Boat (vehicle of _gary_825) moved wrongly! 0.337334043462306
[01:40:23] [Server thread/WARN]: Acacia Boat (vehicle of _gary_825) moved wrongly! 0.837334043462306
[01:40:23] [Server thread/WARN]: Acacia Boat (vehicle of _gary_825) moved wrongly! 0.4900000000000091
[01:40:23] [Server thread/WARN]: Acacia Boat (vehicle of _gary_825) moved wrongly! 0.2984003985956747
[01:40:23] [Server thread/WARN]: Acacia Boat (vehicle of _gary_825) moved wrongly! 0.2984003985956747
[01:40:23] [Server thread/WARN]: Acacia Boat (vehicle of _gary_825) moved wrongly! 0.4900000000000091
[01:40:24] [Server thread/WARN]: Acacia Boat (vehicle of _gary_825) moved wrongly! 0.9900000000000091
[01:40:24] [Server thread/WARN]: Acacia Boat (vehicle of _gary_825) moved wrongly! 0.4900000000000091
[01:40:24] [Server thread/WARN]: Acacia Boat (vehicle of _gary_825) moved wrongly! 0.2984003985956747
[01:40:24] [Server thread/WARN]: Acacia Boat (vehicle of _gary_825) moved wrongly! 0.2984003985956747
[01:40:25] [Server thread/WARN]: Acacia Boat (vehicle of _gary_825) moved wrongly! 0.4373340673041639
[01:40:25] [Server thread/WARN]: Acacia Boat (vehicle of _gary_825) moved wrongly! 0.4373340673041639
[01:40:25] [Server thread/WARN]: Acacia Boat (vehicle of _gary_825) moved wrongly! 0.337334043462306
[01:40:26] [Server thread/WARN]: Acacia Boat (vehicle of _gary_825) moved wrongly! 0.837334043462306
[01:40:26] [Server thread/WARN]: Acacia Boat (vehicle of _gary_825) moved wrongly! 0.4900000000000091
[01:40:26] [Server thread/WARN]: Acacia Boat (vehicle of _gary_825) moved wrongly! 0.2984003985956747
[01:40:26] [Server thread/WARN]: Acacia Boat (vehicle of _gary_825) moved wrongly! 0.2984003985956747
[01:40:27] [Server thread/WARN]: Acacia Boat (vehicle of _gary_825) moved wrongly! 0.4373340673041639
[01:40:27] [Server thread/WARN]: Acacia Boat (vehicle of _gary_825) moved wrongly! 0.4900000000000091
[01:40:27] [Server thread/WARN]: Acacia Boat (vehicle of _gary_825) moved wrongly! 0.4900000000000091
[01:40:27] [Server thread/WARN]: Acacia Boat (vehicle of _gary_825) moved wrongly! 0.4900000000000091
[01:40:27] [Server thread/WARN]: Acacia Boat (vehicle of _gary_825) moved wrongly! 0.4900000000000091
[01:40:28] [Server thread/WARN]: Acacia Boat (vehicle of _gary_825) moved wrongly! 0.4900000000000091
[01:40:28] [Server thread/WARN]: Acacia Boat (vehicle of _gary_825) moved wrongly! 0.4900000000000091
[01:40:28] [Server thread/WARN]: Acacia Boat (vehicle of _gary_825) moved wrongly! 0.4900000000000091
[01:40:28] [Server thread/WARN]: Acacia Boat (vehicle of _gary_825) moved wrongly! 0.9900000000000091
[01:40:28] [Server thread/WARN]: Acacia Boat (vehicle of _gary_825) moved wrongly! 0.4900000000000091
[01:40:29] [Server thread/WARN]: Acacia Boat (vehicle of _gary_825) moved wrongly! 0.2984003985956747
[01:40:29] [Server thread/WARN]: Acacia Boat (vehicle of _gary_825) moved wrongly! 0.2984003985956747
[01:40:29] [Server thread/WARN]: Acacia Boat (vehicle of _gary_825) moved wrongly! 0.337334043462306
[01:40:30] [Server thread/WARN]: Acacia Boat (vehicle of _gary_825) moved wrongly! 0.837334043462306
[01:40:30] [Server thread/WARN]: Acacia Boat (vehicle of _gary_825) moved wrongly! 0.4900000000000091
[01:40:30] [Server thread/WARN]: Acacia Boat (vehicle of _gary_825) moved wrongly! 0.2984003985956747
[01:40:30] [Server thread/WARN]: Acacia Boat (vehicle of _gary_825) moved wrongly! 0.2984003985956747
[01:40:31] [Server thread/WARN]: Acacia Boat (vehicle of _gary_825) moved wrongly! 0.4373340673041639
[01:40:31] [Server thread/WARN]: Acacia Boat (vehicle of _gary_825) moved wrongly! 0.4373340673041639
[01:40:32] [Server thread/WARN]: Acacia Boat (vehicle of _gary_825) moved wrongly! 0.6984003747538168
[01:40:32] [Server thread/WARN]: Acacia Boat (vehicle of _gary_825) moved wrongly! 0.4900000000000091
[01:40:32] [Server thread/WARN]: Acacia Boat (vehicle of _gary_825) moved wrongly! 0.2984003985956747
[01:40:32] [Server thread/WARN]: Acacia Boat (vehicle of _gary_825) moved wrongly! 0.2984003985956747
[01:40:33] [Server thread/WARN]: Acacia Boat (vehicle of _gary_825) moved wrongly! 0.4373340673041639
[01:40:33] [Server thread/WARN]: Acacia Boat (vehicle of _gary_825) moved wrongly! 0.4900000000000091
[01:40:33] [Server thread/WARN]: Acacia Boat (vehicle of _gary_825) moved wrongly! 0.4900000000000091
[01:40:33] [Server thread/WARN]: Acacia Boat (vehicle of _gary_825) moved wrongly! 0.4900000000000091
[01:40:33] [Server thread/WARN]: Acacia Boat (vehicle of _gary_825) moved wrongly! 0.4900000000000091
[01:40:34] [Server thread/WARN]: Acacia Boat (vehicle of _gary_825) moved wrongly! 0.4373340673041639
[01:40:34] [Server thread/WARN]: Acacia Boat (vehicle of _gary_825) moved wrongly! 0.4373340673041639
[01:40:35] [Server thread/WARN]: Acacia Boat (vehicle of _gary_825) moved wrongly! 0.337334043462306
[01:40:35] [Server thread/WARN]: Acacia Boat (vehicle of _gary_825) moved wrongly! 0.837334043462306
[01:40:35] [Server thread/WARN]: Acacia Boat (vehicle of _gary_825) moved wrongly! 0.4900000000000091
[01:40:35] [Server thread/WARN]: Acacia Boat (vehicle of _gary_825) moved wrongly! 0.2984003985956747
[01:40:35] [Server thread/WARN]: Acacia Boat (vehicle of _gary_825) moved wrongly! 0.2984003985956747
[01:40:36] [Server thread/WARN]: Acacia Boat (vehicle of _gary_825) moved wrongly! 0.4373340673041639
[01:40:36] [Server thread/WARN]: Acacia Boat (vehicle of _gary_825) moved wrongly! 0.4900000000000091
[01:40:36] [Server thread/WARN]: Acacia Boat (vehicle of _gary_825) moved wrongly! 0.4900000000000091
[01:40:36] [Server thread/WARN]: Acacia Boat (vehicle of _gary_825) moved wrongly! 0.4900000000000091
[01:40:36] [Server thread/WARN]: Acacia Boat (vehicle of _gary_825) moved wrongly! 0.4900000000000091
[01:40:37] [Server thread/WARN]: Acacia Boat (vehicle of _gary_825) moved wrongly! 0.4373340673041639
[01:40:37] [Server thread/WARN]: Acacia Boat (vehicle of _gary_825) moved wrongly! 0.4373340673041639
[01:40:38] [Server thread/WARN]: Acacia Boat (vehicle of _gary_825) moved wrongly! 0.337334043462306
[01:40:38] [Server thread/WARN]: Acacia Boat (vehicle of _gary_825) moved wrongly! 0.837334043462306
[01:40:38] [Server thread/WARN]: Acacia Boat (vehicle of _gary_825) moved wrongly! 0.4900000000000091
[01:40:38] [Server thread/WARN]: Acacia Boat (vehicle of _gary_825) moved wrongly! 0.2984003985956747
[01:40:38] [Server thread/WARN]: Acacia Boat (vehicle of _gary_825) moved wrongly! 0.2984003985956747
[01:40:38] [Server thread/WARN]: Acacia Boat (vehicle of _gary_825) moved wrongly! 0.4900000000000091
[01:40:39] [Server thread/WARN]: Acacia Boat (vehicle of _gary_825) moved wrongly! 0.9900000000000091
[01:40:39] [Server thread/WARN]: Acacia Boat (vehicle of _gary_825) moved wrongly! 0.4900000000000091
[01:40:39] [Server thread/WARN]: Acacia Boat (vehicle of _gary_825) moved wrongly! 0.2984003985956747
[01:40:39] [Server thread/WARN]: Acacia Boat (vehicle of _gary_825) moved wrongly! 0.2984003985956747
[01:40:40] [Server thread/WARN]: Acacia Boat (vehicle of _gary_825) moved wrongly! 0.4373340673041639
[01:40:40] [Server thread/WARN]: Acacia Boat (vehicle of _gary_825) moved wrongly! 0.4900000000000091
[01:40:40] [Server thread/WARN]: Acacia Boat (vehicle of _gary_825) moved wrongly! 0.9900000000000091
[01:40:40] [Server thread/WARN]: Acacia Boat (vehicle of _gary_825) moved wrongly! 0.4900000000000091
[01:40:41] [Server thread/WARN]: Acacia Boat (vehicle of _gary_825) moved wrongly! 0.2984003985956747
[01:40:41] [Server thread/WARN]: Acacia Boat (vehicle of _gary_825) moved wrongly! 0.2984003985956747
[01:40:41] [Server thread/WARN]: Acacia Boat (vehicle of _gary_825) moved wrongly! 0.337334043462306
[01:40:42] [Server thread/WARN]: Acacia Boat (vehicle of _gary_825) moved wrongly! 0.837334043462306
[01:40:42] [Server thread/WARN]: Acacia Boat (vehicle of _gary_825) moved wrongly! 0.4900000000000091
[01:40:42] [Server thread/WARN]: Acacia Boat (vehicle of _gary_825) moved wrongly! 0.2984003985956747
[01:40:42] [Server thread/WARN]: Acacia Boat (vehicle of _gary_825) moved wrongly! 0.2984003985956747
[01:40:43] [Server thread/WARN]: Acacia Boat (vehicle of _gary_825) moved wrongly! 0.4373340673041639
[01:40:43] [Server thread/WARN]: Acacia Boat (vehicle of _gary_825) moved wrongly! 0.4373340673041639
[01:40:44] [Server thread/WARN]: Acacia Boat (vehicle of _gary_825) moved wrongly! 0.337334043462306
[01:40:44] [Server thread/WARN]: Acacia Boat (vehicle of _gary_825) moved wrongly! 0.837334043462306
[01:40:44] [Server thread/WARN]: Acacia Boat (vehicle of _gary_825) moved wrongly! 0.4900000000000091
[01:40:44] [Server thread/WARN]: Acacia Boat (vehicle of _gary_825) moved wrongly! 0.4900000000000091
[01:40:44] [Server thread/WARN]: Acacia Boat (vehicle of _gary_825) moved wrongly! 0.4900000000000091
[01:40:44] [Server thread/WARN]: Acacia Boat (vehicle of _gary_825) moved wrongly! 0.4900000000000091
[01:40:44] [Server thread/WARN]: Acacia Boat (vehicle of _gary_825) moved wrongly! 0.4900000000000091
[01:40:44] [Server thread/WARN]: Acacia Boat (vehicle of _gary_825) moved wrongly! 0.4900000000000091
[01:40:45] [Server thread/WARN]: Acacia Boat (vehicle of _gary_825) moved wrongly! 0.9900000000000091
[01:40:45] [Server thread/WARN]: Acacia Boat (vehicle of _gary_825) moved wrongly! 0.4900000000000091
[01:40:45] [Server thread/WARN]: Acacia Boat (vehicle of _gary_825) moved wrongly! 0.2984003985956747
[01:40:45] [Server thread/WARN]: Acacia Boat (vehicle of _gary_825) moved wrongly! 0.4900000000000091
[01:40:46] [Server thread/WARN]: Acacia Boat (vehicle of _gary_825) moved wrongly! 0.9900000000000091
[01:40:46] [Server thread/WARN]: Acacia Boat (vehicle of _gary_825) moved wrongly! 0.4900000000000091
[01:40:46] [Server thread/WARN]: Acacia Boat (vehicle of _gary_825) moved wrongly! 0.2984003985956747
[01:40:47] [Server thread/WARN]: Acacia Boat (vehicle of _gary_825) moved wrongly! 0.4900000000000091
[01:40:47] [Server thread/WARN]: Acacia Boat (vehicle of _gary_825) moved wrongly! 0.9900000000000091
[01:40:47] [Server thread/WARN]: Acacia Boat (vehicle of _gary_825) moved wrongly! 0.4900000000000091
[01:40:47] [Server thread/WARN]: Acacia Boat (vehicle of _gary_825) moved wrongly! 0.2984003985956747
[01:40:47] [Server thread/WARN]: Acacia Boat (vehicle of _gary_825) moved wrongly! 0.2984003985956747
[01:40:48] [Server thread/WARN]: Acacia Boat (vehicle of _gary_825) moved wrongly! 0.2984003985956747
[01:40:48] [Server thread/WARN]: Acacia Boat (vehicle of _gary_825) moved wrongly! 0.2984003985956747
[01:40:48] [Server thread/WARN]: Acacia Boat (vehicle of _gary_825) moved wrongly! 0.337334043462306
[01:40:49] [Server thread/WARN]: Acacia Boat (vehicle of _gary_825) moved wrongly! 0.837334043462306
[01:40:49] [Server thread/WARN]: Acacia Boat (vehicle of _gary_825) moved wrongly! 0.4900000000000091
[01:40:49] [Server thread/WARN]: Acacia Boat (vehicle of _gary_825) moved wrongly! 0.2984003985956747
[01:40:49] [Server thread/WARN]: Acacia Boat (vehicle of _gary_825) moved wrongly! 0.2984003985956747
[01:40:50] [Server thread/WARN]: Acacia Boat (vehicle of _gary_825) moved wrongly! 0.4373340673041639
[01:40:50] [Server thread/WARN]: Acacia Boat (vehicle of _gary_825) moved wrongly! 0.4900000000000091
[01:40:50] [Server thread/WARN]: Acacia Boat (vehicle of _gary_825) moved wrongly! 0.4900000000000091
[01:40:50] [Server thread/WARN]: Acacia Boat (vehicle of _gary_825) moved wrongly! 0.4900000000000091
[01:40:51] [Server thread/WARN]: Acacia Boat (vehicle of _gary_825) moved wrongly! 0.4900000000000091
[01:40:51] [Server thread/WARN]: Acacia Boat (vehicle of _gary_825) moved wrongly! 0.9900000000000091
[01:40:51] [Server thread/WARN]: Acacia Boat (vehicle of _gary_825) moved wrongly! 0.4900000000000091
[01:40:51] [Server thread/WARN]: Acacia Boat (vehicle of _gary_825) moved wrongly! 0.2984003985956747
[01:40:51] [Server thread/WARN]: Acacia Boat (vehicle of _gary_825) moved wrongly! 0.4900000000000091
[01:40:52] [Server thread/WARN]: Acacia Boat (vehicle of _gary_825) moved wrongly! 0.9900000000000091
[01:40:52] [Server thread/WARN]: Acacia Boat (vehicle of _gary_825) moved wrongly! 0.4900000000000091
[01:40:52] [Server thread/WARN]: Acacia Boat (vehicle of _gary_825) moved wrongly! 0.2984003985956747
[01:40:52] [Server thread/WARN]: Acacia Boat (vehicle of _gary_825) moved wrongly! 0.2984003985956747
[01:40:53] [Server thread/WARN]: Acacia Boat (vehicle of _gary_825) moved wrongly! 0.4373340673041639
[01:40:53] [Server thread/WARN]: Acacia Boat (vehicle of _gary_825) moved wrongly! 0.4373340673041639
[01:40:53] [Server thread/WARN]: Acacia Boat (vehicle of _gary_825) moved wrongly! 0.4373340673041639
[01:40:53] [Server thread/WARN]: Acacia Boat (vehicle of _gary_825) moved wrongly! 0.4373340673041639
[01:40:54] [Server thread/WARN]: Acacia Boat (vehicle of _gary_825) moved wrongly! 0.4373340673041639
[01:40:54] [Server thread/WARN]: Acacia Boat (vehicle of _gary_825) moved wrongly! 0.4900000000000091
[01:40:54] [Server thread/WARN]: Acacia Boat (vehicle of _gary_825) moved wrongly! 0.4900000000000091
[01:40:54] [Server thread/WARN]: Acacia Boat (vehicle of _gary_825) moved wrongly! 0.4900000000000091
[01:40:54] [Server thread/WARN]: Acacia Boat (vehicle of _gary_825) moved wrongly! 0.4900000000000091
[01:40:55] [Server thread/WARN]: Acacia Boat (vehicle of _gary_825) moved wrongly! 0.4373340673041639
[01:40:55] [Server thread/WARN]: Acacia Boat (vehicle of _gary_825) moved wrongly! 0.4373340673041639
[01:40:55] [Server thread/WARN]: Acacia Boat (vehicle of _gary_825) moved wrongly! 0.4373340673041639
[01:40:55] [Server thread/WARN]: Acacia Boat (vehicle of _gary_825) moved wrongly! 0.4373340673041639
[01:40:56] [Server thread/WARN]: Acacia Boat (vehicle of _gary_825) moved wrongly! 0.4465781607237034
[01:40:56] [Server thread/WARN]: Acacia Boat (vehicle of _gary_825) moved wrongly! 0.4465781607237034
[01:40:57] [Server thread/WARN]: Acacia Boat (vehicle of _gary_825) moved wrongly! 0.337334043462306
[01:40:57] [Server thread/WARN]: Acacia Boat (vehicle of _gary_825) moved wrongly! 0.837334043462306
[01:40:57] [Server thread/WARN]: Acacia Boat (vehicle of _gary_825) moved wrongly! 0.4900000000000091
[01:40:58] [Server thread/WARN]: Acacia Boat (vehicle of _gary_825) moved wrongly! 0.4373340673041639
[01:40:58] [Server thread/WARN]: Acacia Boat (vehicle of _gary_825) moved wrongly! 0.4373340673041639
[01:40:58] [Server thread/WARN]: Acacia Boat (vehicle of _gary_825) moved wrongly! 0.337334043462306
[01:40:59] [Server thread/WARN]: Acacia Boat (vehicle of _gary_825) moved wrongly! 0.4900000000000091
[01:40:59] [Server thread/WARN]: Acacia Boat (vehicle of _gary_825) moved wrongly! 0.4900000000000091
[01:40:59] [Server thread/WARN]: Acacia Boat (vehicle of _gary_825) moved wrongly! 0.4900000000000091
[01:40:59] [Server thread/WARN]: Acacia Boat (vehicle of _gary_825) moved wrongly! 0.337334043462306
[01:41:00] [Server thread/WARN]: Acacia Boat (vehicle of _gary_825) moved wrongly! 0.837334043462306
[01:41:00] [Server thread/WARN]: Acacia Boat (vehicle of _gary_825) moved wrongly! 0.4900000000000091
[01:41:00] [Server thread/WARN]: Acacia Boat (vehicle of _gary_825) moved wrongly! 0.2984003985956747
[01:41:00] [Server thread/WARN]: Acacia Boat (vehicle of _gary_825) moved wrongly! 0.2984003985956747
[01:41:01] [Server thread/WARN]: Acacia Boat (vehicle of _gary_825) moved wrongly! 0.4373340673041639
[01:41:01] [Server thread/WARN]: Acacia Boat (vehicle of _gary_825) moved wrongly! 0.4900000000000091
[01:41:01] [Server thread/WARN]: Acacia Boat (vehicle of _gary_825) moved wrongly! 0.4900000000000091
[01:41:01] [Server thread/WARN]: Acacia Boat (vehicle of _gary_825) moved wrongly! 0.4900000000000091
[01:41:01] [Server thread/WARN]: Acacia Boat (vehicle of _gary_825) moved wrongly! 0.4900000000000091
[01:41:02] [Server thread/WARN]: Acacia Boat (vehicle of _gary_825) moved wrongly! 0.4373340673041639
[01:41:02] [Server thread/WARN]: Acacia Boat (vehicle of _gary_825) moved wrongly! 0.4373340673041639
[01:41:02] [Server thread/WARN]: Acacia Boat (vehicle of _gary_825) moved wrongly! 0.4373340673041639
[01:41:02] [Server thread/WARN]: Acacia Boat (vehicle of _gary_825) moved wrongly! 0.4373340673041639
[01:41:03] [Server thread/WARN]: Acacia Boat (vehicle of _gary_825) moved wrongly! 0.4373340673041639
[01:41:03] [Server thread/WARN]: Acacia Boat (vehicle of _gary_825) moved wrongly! 0.4900000000000091
[01:41:03] [Server thread/WARN]: Acacia Boat (vehicle of _gary_825) moved wrongly! 0.4900000000000091
[01:41:03] [Server thread/WARN]: Acacia Boat (vehicle of _gary_825) moved wrongly! 0.4900000000000091
[01:41:03] [Server thread/WARN]: Acacia Boat (vehicle of _gary_825) moved wrongly! 0.4900000000000091
[01:41:04] [Server thread/WARN]: Acacia Boat (vehicle of _gary_825) moved wrongly! 0.4373340673041639
[01:41:04] [Server thread/WARN]: Acacia Boat (vehicle of _gary_825) moved wrongly! 0.4900000000000091
[01:41:04] [Server thread/WARN]: Acacia Boat (vehicle of _gary_825) moved wrongly! 0.4900000000000091
[01:41:04] [Server thread/WARN]: Acacia Boat (vehicle of _gary_825) moved wrongly! 0.4900000000000091
[01:41:04] [Server thread/WARN]: Acacia Boat (vehicle of _gary_825) moved wrongly! 0.4900000000000091
[01:41:05] [Server thread/WARN]: Acacia Boat (vehicle of _gary_825) moved wrongly! 0.9900000000000091
[01:41:05] [Server thread/WARN]: Acacia Boat (vehicle of _gary_825) moved wrongly! 0.4900000000000091
[01:41:05] [Server thread/WARN]: Acacia Boat (vehicle of _gary_825) moved wrongly! 0.2984003985956747
[01:41:05] [Server thread/WARN]: Acacia Boat (vehicle of _gary_825) moved wrongly! 0.2984003985956747
[01:41:06] [Server thread/WARN]: Acacia Boat (vehicle of _gary_825) moved wrongly! 0.4373340673041639
[01:41:06] [Server thread/WARN]: Acacia Boat (vehicle of _gary_825) moved wrongly! 0.4373340673041639
[01:41:06] [Server thread/WARN]: Acacia Boat (vehicle of _gary_825) moved wrongly! 0.337334043462306
[01:41:07] [Server thread/WARN]: Acacia Boat (vehicle of _gary_825) moved wrongly! 0.837334043462306
[01:41:07] [Server thread/WARN]: Acacia Boat (vehicle of _gary_825) moved wrongly! 0.4900000000000091
[01:41:07] [Server thread/WARN]: Acacia Boat (vehicle of _gary_825) moved wrongly! 0.2984003985956747
[01:41:07] [Server thread/WARN]: Acacia Boat (vehicle of _gary_825) moved wrongly! 0.2984003985956747
[01:41:08] [Server thread/WARN]: Acacia Boat (vehicle of _gary_825) moved wrongly! 0.4373340673041639
[01:41:08] [Server thread/WARN]: Acacia Boat (vehicle of _gary_825) moved wrongly! 0.4900000000000091
[01:41:08] [Server thread/WARN]: Acacia Boat (vehicle of _gary_825) moved wrongly! 0.4900000000000091
[01:41:08] [Server thread/WARN]: Acacia Boat (vehicle of _gary_825) moved wrongly! 0.4900000000000091
[01:41:09] [Server thread/WARN]: Acacia Boat (vehicle of _gary_825) moved wrongly! 0.4900000000000091
[01:41:09] [Server thread/WARN]: Acacia Boat (vehicle of _gary_825) moved wrongly! 0.9900000000000091
[01:41:09] [Server thread/WARN]: Acacia Boat (vehicle of _gary_825) moved wrongly! 0.4900000000000091
[01:41:09] [Server thread/WARN]: Acacia Boat (vehicle of _gary_825) moved wrongly! 0.2984003985956747
[01:41:10] [Server thread/WARN]: Acacia Boat (vehicle of _gary_825) moved wrongly! 0.4900000000000091
[01:41:10] [Server thread/WARN]: Acacia Boat (vehicle of _gary_825) moved wrongly! 0.9900000000000091
[01:41:10] [Server thread/WARN]: Acacia Boat (vehicle of _gary_825) moved wrongly! 0.4900000000000091
[01:41:10] [Server thread/WARN]: Acacia Boat (vehicle of _gary_825) moved wrongly! 0.2984003985956747
[01:41:10] [Server thread/WARN]: Acacia Boat (vehicle of _gary_825) moved wrongly! 0.2984003985956747
[01:41:11] [Server thread/WARN]: Acacia Boat (vehicle of _gary_825) moved wrongly! 0.4373340673041639
[01:41:11] [Server thread/WARN]: Acacia Boat (vehicle of _gary_825) moved wrongly! 0.4900000000000091
[01:41:11] [Server thread/WARN]: Acacia Boat (vehicle of _gary_825) moved wrongly! 0.4900000000000091
[01:41:11] [Server thread/WARN]: Acacia Boat (vehicle of _gary_825) moved wrongly! 0.4900000000000091
[01:41:11] [Server thread/WARN]: Acacia Boat (vehicle of _gary_825) moved wrongly! 0.4900000000000091
[01:41:12] [Server thread/WARN]: Acacia Boat (vehicle of _gary_825) moved wrongly! 0.337334043462306
[01:41:12] [Server thread/WARN]: Acacia Boat (vehicle of _gary_825) moved wrongly! 0.4900000000000091
[01:41:12] [Server thread/WARN]: Acacia Boat (vehicle of _gary_825) moved wrongly! 0.4900000000000091
[01:41:12] [Server thread/WARN]: Acacia Boat (vehicle of _gary_825) moved wrongly! 0.4900000000000091
[01:41:13] [Server thread/WARN]: Acacia Boat (vehicle of _gary_825) moved wrongly! 0.4373340673041639
[01:41:13] [Server thread/WARN]: Acacia Boat (vehicle of _gary_825) moved wrongly! 0.4900000000000091
[01:41:13] [Server thread/WARN]: Acacia Boat (vehicle of _gary_825) moved wrongly! 0.4900000000000091
[01:41:13] [Server thread/WARN]: Acacia Boat (vehicle of _gary_825) moved wrongly! 0.4900000000000091
[01:41:13] [Server thread/WARN]: Acacia Boat (vehicle of _gary_825) moved wrongly! 0.4900000000000091
[01:41:14] [Server thread/WARN]: Acacia Boat (vehicle of _gary_825) moved wrongly! 0.4373340673041639
[01:41:14] [Server thread/WARN]: Acacia Boat (vehicle of _gary_825) moved wrongly! 0.4373340673041639
[01:41:15] [Server thread/WARN]: Acacia Boat (vehicle of _gary_825) moved wrongly! 0.337334043462306
[01:41:15] [Server thread/WARN]: Acacia Boat (vehicle of _gary_825) moved wrongly! 0.837334043462306
[01:41:15] [Server thread/WARN]: Acacia Boat (vehicle of _gary_825) moved wrongly! 0.4900000000000091
[01:41:15] [Server thread/WARN]: Acacia Boat (vehicle of _gary_825) moved wrongly! 0.29840039859573153
[01:41:15] [Server thread/WARN]: Acacia Boat (vehicle of _gary_825) moved wrongly! 0.29840039859573153
[01:41:16] [Server thread/WARN]: Acacia Boat (vehicle of _gary_825) moved wrongly! 0.4373340673041639
[01:41:16] [Server thread/WARN]: Acacia Boat (vehicle of _gary_825) moved wrongly! 0.4900000000000091
[01:41:16] [Server thread/WARN]: Acacia Boat (vehicle of _gary_825) moved wrongly! 0.9900000000000091
[01:41:16] [Server thread/WARN]: Acacia Boat (vehicle of _gary_825) moved wrongly! 0.4900000000000091
[01:41:17] [Server thread/WARN]: Acacia Boat (vehicle of _gary_825) moved wrongly! 0.29840039859573153
[01:41:17] [Server thread/WARN]: Acacia Boat (vehicle of _gary_825) moved wrongly! 0.4900000000000091
[01:41:17] [Server thread/WARN]: Acacia Boat (vehicle of _gary_825) moved wrongly! 0.4900000000000091
[01:41:17] [Server thread/WARN]: Acacia Boat (vehicle of _gary_825) moved wrongly! 0.4900000000000091
[01:41:17] [Server thread/WARN]: Acacia Boat (vehicle of _gary_825) moved wrongly! 0.4900000000000091
[01:41:18] [Server thread/WARN]: Acacia Boat (vehicle of _gary_825) moved wrongly! 0.29840039859573153
[01:41:18] [Server thread/WARN]: Acacia Boat (vehicle of _gary_825) moved wrongly! 0.29840039859573153
[01:41:19] [Server thread/WARN]: Acacia Boat (vehicle of _gary_825) moved wrongly! 0.337334043462306
[01:41:19] [Server thread/WARN]: Acacia Boat (vehicle of _gary_825) moved wrongly! 0.837334043462306
[01:41:19] [Server thread/WARN]: Acacia Boat (vehicle of _gary_825) moved wrongly! 0.4900000000000091
[01:41:19] [Server thread/WARN]: Acacia Boat (vehicle of _gary_825) moved wrongly! 0.4900000000000091
[01:41:19] [Server thread/WARN]: Acacia Boat (vehicle of _gary_825) moved wrongly! 0.9900000000000091
[01:41:19] [Server thread/WARN]: Acacia Boat (vehicle of _gary_825) moved wrongly! 0.4900000000000091
[01:41:20] [Server thread/WARN]: Acacia Boat (vehicle of _gary_825) moved wrongly! 0.29840039859573153
[01:41:20] [Server thread/WARN]: Acacia Boat (vehicle of _gary_825) moved wrongly! 0.4900000000000091
[01:41:20] [Server thread/WARN]: Acacia Boat (vehicle of _gary_825) moved wrongly! 0.4900000000000091
[01:41:20] [Server thread/WARN]: Acacia Boat (vehicle of _gary_825) moved wrongly! 0.4900000000000091
[01:41:20] [Server thread/WARN]: Acacia Boat (vehicle of _gary_825) moved wrongly! 0.4900000000000091
[01:41:21] [Server thread/WARN]: Acacia Boat (vehicle of _gary_825) moved wrongly! 0.29840039859573153
[01:41:21] [Server thread/WARN]: Acacia Boat (vehicle of _gary_825) moved wrongly! 0.29840039859573153
[01:41:22] [Server thread/WARN]: Acacia Boat (vehicle of _gary_825) moved wrongly! 0.337334043462306
[01:41:22] [Server thread/WARN]: Acacia Boat (vehicle of _gary_825) moved wrongly! 0.837334043462306
[01:41:22] [Server thread/WARN]: Acacia Boat (vehicle of _gary_825) moved wrongly! 0.4900000000000091
[01:41:22] [Server thread/WARN]: Acacia Boat (vehicle of _gary_825) moved wrongly! 0.4900000000000091
[01:41:22] [Server thread/WARN]: Acacia Boat (vehicle of _gary_825) moved wrongly! 0.4900000000000091
[01:41:22] [Server thread/WARN]: Acacia Boat (vehicle of _gary_825) moved wrongly! 0.4900000000000091
[01:41:23] [Server thread/WARN]: Acacia Boat (vehicle of _gary_825) moved wrongly! 0.4373340673041639
[01:41:23] [Server thread/WARN]: Acacia Boat (vehicle of _gary_825) moved wrongly! 0.4373340673041639
[01:41:23] [Server thread/WARN]: Acacia Boat (vehicle of _gary_825) moved wrongly! 0.4373340673041639
[01:41:23] [Server thread/WARN]: Acacia Boat (vehicle of _gary_825) moved wrongly! 0.4373340673041639
[01:41:24] [Server thread/WARN]: Acacia Boat (vehicle of _gary_825) moved wrongly! 0.4373340673041639
[01:41:24] [Server thread/WARN]: Acacia Boat (vehicle of _gary_825) moved wrongly! 0.4373340673041639
[01:41:24] [Server thread/WARN]: Acacia Boat (vehicle of _gary_825) moved wrongly! 0.4373340673041639
[01:41:25] [Server thread/WARN]: Acacia Boat (vehicle of _gary_825) moved wrongly! 0.4373340673041639
[01:41:25] [Server thread/WARN]: Acacia Boat (vehicle of _gary_825) moved wrongly! 0.4373340673041639
[01:41:25] [Server thread/WARN]: Acacia Boat (vehicle of _gary_825) moved wrongly! 0.4373340673041639
[01:41:25] [Server thread/WARN]: Acacia Boat (vehicle of _gary_825) moved wrongly! 0.4373340673041639
[01:41:26] [Server thread/WARN]: Acacia Boat (vehicle of _gary_825) moved wrongly! 0.4373340673041639
[01:41:26] [Server thread/WARN]: Acacia Boat (vehicle of _gary_825) moved wrongly! 0.4373340673041639
[01:41:26] [Server thread/WARN]: Acacia Boat (vehicle of _gary_825) moved wrongly! 0.4373340673041639
[01:41:26] [Server thread/WARN]: Acacia Boat (vehicle of _gary_825) moved wrongly! 0.4373340673041639
[01:41:27] [Server thread/WARN]: Acacia Boat (vehicle of _gary_825) moved wrongly! 0.337334043462306
[01:41:27] [Server thread/WARN]: Acacia Boat (vehicle of _gary_825) moved wrongly! 0.837334043462306
[01:41:27] [Server thread/WARN]: Acacia Boat (vehicle of _gary_825) moved wrongly! 0.4900000000000091
[01:41:28] [Server thread/WARN]: Acacia Boat (vehicle of _gary_825) moved wrongly! 0.4900000000000091
[01:41:28] [Server thread/WARN]: Acacia Boat (vehicle of _gary_825) moved wrongly! 0.4900000000000091
[01:41:28] [Server thread/WARN]: Acacia Boat (vehicle of _gary_825) moved wrongly! 0.4900000000000091
[01:41:29] [Server thread/WARN]: Acacia Boat (vehicle of _gary_825) moved wrongly! 0.9900000000000091
[01:41:29] [Server thread/WARN]: Acacia Boat (vehicle of _gary_825) moved wrongly! 0.4900000000000091
[01:41:29] [Server thread/WARN]: Acacia Boat (vehicle of _gary_825) moved wrongly! 0.29840039859573153
[01:41:29] [Server thread/WARN]: Acacia Boat (vehicle of _gary_825) moved wrongly! 0.4900000000000091
[01:41:30] [Server thread/WARN]: Acacia Boat (vehicle of _gary_825) moved wrongly! 0.9900000000000091
[01:41:30] [Server thread/WARN]: Acacia Boat (vehicle of _gary_825) moved wrongly! 0.4900000000000091
[01:41:30] [Server thread/WARN]: Acacia Boat (vehicle of _gary_825) moved wrongly! 0.4900000000000091
[01:41:30] [Server thread/WARN]: Acacia Boat (vehicle of _gary_825) moved wrongly! 0.4900000000000091
[01:41:30] [Server thread/WARN]: Acacia Boat (vehicle of _gary_825) moved wrongly! 0.4900000000000091
[01:41:30] [Server thread/WARN]: Acacia Boat (vehicle of _gary_825) moved wrongly! 0.4900000000000091
[01:41:30] [Server thread/WARN]: Acacia Boat (vehicle of _gary_825) moved wrongly! 0.4900000000000091
[01:41:31] [Server thread/WARN]: Acacia Boat (vehicle of _gary_825) moved wrongly! 0.9900000000000091
[01:41:31] [Server thread/WARN]: Acacia Boat (vehicle of _gary_825) moved wrongly! 0.4900000000000091
[01:41:31] [Server thread/WARN]: Acacia Boat (vehicle of _gary_825) moved wrongly! 0.29840039859573153
[01:41:31] [Server thread/WARN]: Acacia Boat (vehicle of _gary_825) moved wrongly! 0.4900000000000091
[01:41:32] [Server thread/WARN]: Acacia Boat (vehicle of _gary_825) moved wrongly! 0.9900000000000091
[01:41:32] [Server thread/WARN]: Acacia Boat (vehicle of _gary_825) moved wrongly! 0.4900000000000091
[01:41:32] [Server thread/WARN]: Acacia Boat (vehicle of _gary_825) moved wrongly! 0.6584004272059474
[01:41:32] [Server thread/WARN]: Acacia Boat (vehicle of _gary_825) moved wrongly! 0.4900000000000091
[01:41:33] [Server thread/WARN]: Acacia Boat (vehicle of _gary_825) moved wrongly! 0.29840039859573153
[01:41:33] [Server thread/WARN]: Acacia Boat (vehicle of _gary_825) moved wrongly! 0.29840039859573153
[01:41:33] [Server thread/WARN]: Acacia Boat (vehicle of _gary_825) moved wrongly! 0.4900000000000091
[01:41:33] [Server thread/WARN]: Acacia Boat (vehicle of _gary_825) moved wrongly! 0.9900000000000091
[01:41:33] [Server thread/WARN]: Acacia Boat (vehicle of _gary_825) moved wrongly! 0.4900000000000091
[01:41:34] [Server thread/WARN]: Acacia Boat (vehicle of _gary_825) moved wrongly! 0.29840039859573153
[01:41:34] [Server thread/WARN]: Acacia Boat (vehicle of _gary_825) moved wrongly! 0.4900000000000091
[01:41:34] [Server thread/WARN]: Acacia Boat (vehicle of _gary_825) moved wrongly! 0.9900000000000091
[01:41:34] [Server thread/WARN]: Acacia Boat (vehicle of _gary_825) moved wrongly! 0.4900000000000091
[01:41:35] [Server thread/WARN]: Acacia Boat (vehicle of _gary_825) moved wrongly! 0.29840039859573153
[01:41:35] [Server thread/WARN]: Acacia Boat (vehicle of _gary_825) moved wrongly! 0.29840039859573153
[01:41:35] [Server thread/WARN]: Acacia Boat (vehicle of _gary_825) moved wrongly! 0.4900000000000091
[01:41:35] [Server thread/WARN]: Acacia Boat (vehicle of _gary_825) moved wrongly! 0.9900000000000091
[01:41:35] [Server thread/WARN]: Acacia Boat (vehicle of _gary_825) moved wrongly! 0.4900000000000091
[01:41:36] [Server thread/WARN]: Acacia Boat (vehicle of _gary_825) moved wrongly! 0.29840039859573153
[01:41:36] [Server thread/WARN]: Acacia Boat (vehicle of _gary_825) moved wrongly! 0.4900000000000091
[01:41:36] [Server thread/WARN]: Acacia Boat (vehicle of _gary_825) moved wrongly! 0.9900000000000091
[01:41:36] [Server thread/WARN]: Acacia Boat (vehicle of _gary_825) moved wrongly! 0.4900000000000091
[01:41:37] [Server thread/WARN]: Acacia Boat (vehicle of _gary_825) moved wrongly! 0.6584004272059474
[01:41:37] [Server thread/WARN]: Acacia Boat (vehicle of _gary_825) moved wrongly! 0.4900000000000091
[01:41:37] [Server thread/WARN]: Acacia Boat (vehicle of _gary_825) moved wrongly! 0.29840039859573153
[01:41:38] [Server thread/WARN]: Acacia Boat (vehicle of _gary_825) moved wrongly! 0.4900000000000091
[01:41:38] [Server thread/WARN]: Acacia Boat (vehicle of _gary_825) moved wrongly! 0.9900000000000091
[01:41:38] [Server thread/WARN]: Acacia Boat (vehicle of _gary_825) moved wrongly! 0.4900000000000091
[01:41:38] [Server thread/WARN]: Acacia Boat (vehicle of _gary_825) moved wrongly! 0.29840039859573153
[01:41:39] [Server thread/WARN]: Acacia Boat (vehicle of _gary_825) moved wrongly! 0.4900000000000091
[01:41:39] [Server thread/WARN]: Acacia Boat (vehicle of _gary_825) moved wrongly! 0.9900000000000091
[01:41:39] [Server thread/WARN]: Acacia Boat (vehicle of _gary_825) moved wrongly! 0.4900000000000091
[01:41:39] [Server thread/WARN]: Acacia Boat (vehicle of _gary_825) moved wrongly! 0.29840039859573153
[01:41:40] [Server thread/WARN]: Acacia Boat (vehicle of _gary_825) moved wrongly! 0.4900000000000091
[01:41:40] [Server thread/WARN]: Acacia Boat (vehicle of _gary_825) moved wrongly! 0.9900000000000091
[01:41:40] [Server thread/WARN]: Acacia Boat (vehicle of _gary_825) moved wrongly! 0.4900000000000091
[01:41:40] [Server thread/WARN]: Acacia Boat (vehicle of _gary_825) moved wrongly! 0.29840039859573153
[01:41:40] [Server thread/WARN]: Acacia Boat (vehicle of _gary_825) moved wrongly! 0.29840039859573153
[01:41:41] [Server thread/WARN]: Acacia Boat (vehicle of _gary_825) moved wrongly! 0.337334043462306
[01:41:41] [Server thread/WARN]: Acacia Boat (vehicle of _gary_825) moved wrongly! 0.4900000000000091
[01:41:41] [Server thread/WARN]: Acacia Boat (vehicle of _gary_825) moved wrongly! 0.4900000000000091
[01:41:41] [Server thread/WARN]: Acacia Boat (vehicle of _gary_825) moved wrongly! 0.4900000000000091
[01:41:42] [Server thread/WARN]: Acacia Boat (vehicle of _gary_825) moved wrongly! 0.337334043462306
[01:41:42] [Server thread/WARN]: Acacia Boat (vehicle of _gary_825) moved wrongly! 0.4900000000000091
[01:41:42] [Server thread/WARN]: Acacia Boat (vehicle of _gary_825) moved wrongly! 0.4900000000000091
[01:41:42] [Server thread/WARN]: Acacia Boat (vehicle of _gary_825) moved wrongly! 0.4900000000000091
[01:41:43] [Server thread/WARN]: Acacia Boat (vehicle of _gary_825) moved wrongly! 0.337334043462306
[01:41:43] [Server thread/WARN]: Acacia Boat (vehicle of _gary_825) moved wrongly! 0.4900000000000091
[01:41:43] [Server thread/WARN]: Acacia Boat (vehicle of _gary_825) moved wrongly! 0.4900000000000091
[01:41:43] [Server thread/WARN]: Acacia Boat (vehicle of _gary_825) moved wrongly! 0.4900000000000091
[01:41:44] [Server thread/WARN]: Acacia Boat (vehicle of _gary_825) moved wrongly! 0.337334043462306
[01:41:44] [Server thread/WARN]: Acacia Boat (vehicle of _gary_825) moved wrongly! 0.837334043462306
[01:41:44] [Server thread/WARN]: Acacia Boat (vehicle of _gary_825) moved wrongly! 0.4900000000000091
[01:41:45] [Server thread/WARN]: Acacia Boat (vehicle of _gary_825) moved wrongly! 0.6584004272059474
[01:41:45] [Server thread/WARN]: Acacia Boat (vehicle of _gary_825) moved wrongly! 0.4900000000000091
[01:41:45] [Server thread/WARN]: Acacia Boat (vehicle of _gary_825) moved wrongly! 0.6584004272059474
[01:41:45] [Server thread/WARN]: Acacia Boat (vehicle of _gary_825) moved wrongly! 0.4900000000000091
[01:41:45] [Server thread/WARN]: Acacia Boat (vehicle of _gary_825) moved wrongly! 0.4900000000000091
[01:41:46] [Server thread/WARN]: Acacia Boat (vehicle of _gary_825) moved wrongly! 0.9900000000000091
[01:41:46] [Server thread/WARN]: Acacia Boat (vehicle of _gary_825) moved wrongly! 0.4900000000000091
[01:41:46] [Server thread/WARN]: Acacia Boat (vehicle of _gary_825) moved wrongly! 0.29840039859573153
[01:41:46] [Server thread/WARN]: Acacia Boat (vehicle of _gary_825) moved wrongly! 0.4900000000000091
[01:41:47] [Server thread/WARN]: Acacia Boat (vehicle of _gary_825) moved wrongly! 0.9900000000000091
[01:41:47] [Server thread/WARN]: Acacia Boat (vehicle of _gary_825) moved wrongly! 0.4900000000000091
[01:41:47] [Server thread/WARN]: Acacia Boat (vehicle of _gary_825) moved wrongly! 0.29840039859573153
[01:41:47] [Server thread/WARN]: Acacia Boat (vehicle of _gary_825) moved wrongly! 0.4900000000000091
[01:41:48] [Server thread/WARN]: Acacia Boat (vehicle of _gary_825) moved wrongly! 0.9900000000000091
[01:41:48] [Server thread/WARN]: Acacia Boat (vehicle of _gary_825) moved wrongly! 0.4900000000000091
[01:41:48] [Server thread/WARN]: Acacia Boat (vehicle of _gary_825) moved wrongly! 0.29840039859573153
[01:41:49] [Server thread/WARN]: Acacia Boat (vehicle of _gary_825) moved wrongly! 0.4900000000000091
[01:41:49] [Server thread/WARN]: Acacia Boat (vehicle of _gary_825) moved wrongly! 0.9900000000000091
[01:41:49] [Server thread/WARN]: Acacia Boat (vehicle of _gary_825) moved wrongly! 0.4900000000000091
[01:41:49] [Server thread/WARN]: Acacia Boat (vehicle of _gary_825) moved wrongly! 0.29840039859573153
[01:41:50] [Server thread/WARN]: Acacia Boat (vehicle of _gary_825) moved wrongly! 0.4900000000000091
[01:41:50] [Server thread/WARN]: Acacia Boat (vehicle of _gary_825) moved wrongly! 0.9900000000000091
[01:41:50] [Server thread/WARN]: Acacia Boat (vehicle of _gary_825) moved wrongly! 0.4900000000000091
[01:41:50] [Server thread/WARN]: Acacia Boat (vehicle of _gary_825) moved wrongly! 0.29840039859573153
[01:41:51] [Server thread/WARN]: Acacia Boat (vehicle of _gary_825) moved wrongly! 0.4900000000000091
[01:41:51] [Server thread/WARN]: Acacia Boat (vehicle of _gary_825) moved wrongly! 0.4900000000000091
[01:41:51] [Server thread/WARN]: Acacia Boat (vehicle of _gary_825) moved wrongly! 0.9900000000000091
[01:41:51] [Server thread/WARN]: Acacia Boat (vehicle of _gary_825) moved wrongly! 0.4900000000000091
[01:41:51] [Server thread/WARN]: Acacia Boat (vehicle of _gary_825) moved wrongly! 0.4900000000000091
[01:41:51] [Server thread/WARN]: Acacia Boat (vehicle of _gary_825) moved wrongly! 0.29840039859573153
[01:41:51] [Server thread/WARN]: Acacia Boat (vehicle of _gary_825) moved wrongly! 0.29840039859573153
[01:41:52] [Server thread/WARN]: Acacia Boat (vehicle of _gary_825) moved wrongly! 0.337334043462306
[01:41:52] [Server thread/WARN]: Acacia Boat (vehicle of _gary_825) moved wrongly! 0.4900000000000091
[01:41:52] [Server thread/WARN]: Acacia Boat (vehicle of _gary_825) moved wrongly! 0.4900000000000091
[01:41:52] [Server thread/WARN]: Acacia Boat (vehicle of _gary_825) moved wrongly! 0.4900000000000091
[01:41:53] [Server thread/WARN]: Acacia Boat (vehicle of _gary_825) moved wrongly! 0.337334043462306
[01:41:53] [Server thread/WARN]: Acacia Boat (vehicle of _gary_825) moved wrongly! 0.4900000000000091
[01:41:53] [Server thread/WARN]: Acacia Boat (vehicle of _gary_825) moved wrongly! 0.4900000000000091
[01:41:53] [Server thread/WARN]: Acacia Boat (vehicle of _gary_825) moved wrongly! 0.4900000000000091
[01:41:54] [Server thread/WARN]: Acacia Boat (vehicle of _gary_825) moved wrongly! 0.337334043462306
[01:41:54] [Server thread/WARN]: Acacia Boat (vehicle of _gary_825) moved wrongly! 0.4900000000000091
[01:41:54] [Server thread/WARN]: Acacia Boat (vehicle of _gary_825) moved wrongly! 0.4900000000000091
[01:41:54] [Server thread/WARN]: Acacia Boat (vehicle of _gary_825) moved wrongly! 0.4900000000000091
[01:41:55] [Server thread/WARN]: Acacia Boat (vehicle of _gary_825) moved wrongly! 0.337334043462306
[01:41:55] [Server thread/WARN]: Acacia Boat (vehicle of _gary_825) moved wrongly! 0.4900000000000091
[01:41:55] [Server thread/WARN]: Acacia Boat (vehicle of _gary_825) moved wrongly! 0.4900000000000091
[01:41:55] [Server thread/WARN]: Acacia Boat (vehicle of _gary_825) moved wrongly! 0.4900000000000091
[01:41:56] [Server thread/WARN]: Acacia Boat (vehicle of _gary_825) moved wrongly! 0.337334043462306
[01:41:56] [Server thread/WARN]: Acacia Boat (vehicle of _gary_825) moved wrongly! 0.4900000000000091
[01:41:56] [Server thread/WARN]: Acacia Boat (vehicle of _gary_825) moved wrongly! 0.4900000000000091
[01:41:56] [Server thread/WARN]: Acacia Boat (vehicle of _gary_825) moved wrongly! 0.4900000000000091
[01:41:57] [Server thread/WARN]: Acacia Boat (vehicle of _gary_825) moved wrongly! 0.4373340673041639
[01:41:57] [Server thread/WARN]: Acacia Boat (vehicle of _gary_825) moved wrongly! 0.4900000000000091
[01:41:57] [Server thread/WARN]: Acacia Boat (vehicle of _gary_825) moved wrongly! 0.4900000000000091
[01:41:57] [Server thread/WARN]: Acacia Boat (vehicle of _gary_825) moved wrongly! 0.4900000000000091
[01:41:57] [Server thread/WARN]: Acacia Boat (vehicle of _gary_825) moved wrongly! 0.4900000000000091
[01:41:57] [Server thread/WARN]: Acacia Boat (vehicle of _gary_825) moved wrongly! 0.4900000000000091
[01:41:58] [Server thread/WARN]: Acacia Boat (vehicle of _gary_825) moved wrongly! 0.4900000000000091
[01:41:58] [Server thread/WARN]: Acacia Boat (vehicle of _gary_825) moved wrongly! 0.9900000000000091
[01:41:58] [Server thread/WARN]: Acacia Boat (vehicle of _gary_825) moved wrongly! 0.4900000000000091
[01:41:58] [Server thread/WARN]: Acacia Boat (vehicle of _gary_825) moved wrongly! 0.29840039859573153
[01:41:59] [Server thread/WARN]: Acacia Boat (vehicle of _gary_825) moved wrongly! 0.44657816072367496
[01:41:59] [Server thread/WARN]: Acacia Boat (vehicle of _gary_825) moved wrongly! 0.44657816072367496
[01:41:59] [Server thread/WARN]: Acacia Boat (vehicle of _gary_825) moved wrongly! 0.4373340673041639
[01:42:00] [Server thread/WARN]: Acacia Boat (vehicle of _gary_825) moved wrongly! 0.4900000000000091
[01:42:00] [Server thread/WARN]: Acacia Boat (vehicle of _gary_825) moved wrongly! 0.9900000000000091
[01:42:00] [Server thread/WARN]: Acacia Boat (vehicle of _gary_825) moved wrongly! 0.4900000000000091
[01:42:00] [Server thread/WARN]: Acacia Boat (vehicle of _gary_825) moved wrongly! 0.29840039859573153
[01:42:00] [Server thread/WARN]: Acacia Boat (vehicle of _gary_825) moved wrongly! 0.29840039859573153
[01:42:01] [Server thread/WARN]: Acacia Boat (vehicle of _gary_825) moved wrongly! 0.4373340673041639
[01:42:01] [Server thread/WARN]: Acacia Boat (vehicle of _gary_825) moved wrongly! 0.4373340673041639
[01:42:01] [Server thread/WARN]: Acacia Boat (vehicle of _gary_825) moved wrongly! 0.4373340673041639
[01:42:01] [Server thread/WARN]: Acacia Boat (vehicle of _gary_825) moved wrongly! 0.4900000000000091
[01:42:02] [Server thread/WARN]: Acacia Boat (vehicle of _gary_825) moved wrongly! 0.9900000000000091
[01:42:02] [Server thread/WARN]: Acacia Boat (vehicle of _gary_825) moved wrongly! 0.4900000000000091
[01:42:02] [Server thread/WARN]: Acacia Boat (vehicle of _gary_825) moved wrongly! 0.29840039859573153
[01:42:03] [Server thread/WARN]: Acacia Boat (vehicle of _gary_825) moved wrongly! 0.4900000000000091
[01:42:03] [Server thread/WARN]: Acacia Boat (vehicle of _gary_825) moved wrongly! 0.9900000000000091
[01:42:03] [Server thread/WARN]: Acacia Boat (vehicle of _gary_825) moved wrongly! 0.4900000000000091
[01:42:03] [Server thread/WARN]: Acacia Boat (vehicle of _gary_825) moved wrongly! 0.6584004272059474
[01:42:03] [Server thread/WARN]: Acacia Boat (vehicle of _gary_825) moved wrongly! 0.4900000000000091
[01:42:04] [Server thread/WARN]: Acacia Boat (vehicle of _gary_825) moved wrongly! 0.29840039859573153
[01:42:04] [Server thread/WARN]: Acacia Boat (vehicle of _gary_825) moved wrongly! 0.4900000000000091
[01:42:04] [Server thread/WARN]: Acacia Boat (vehicle of _gary_825) moved wrongly! 0.9900000000000091
[01:42:04] [Server thread/WARN]: Acacia Boat (vehicle of _gary_825) moved wrongly! 0.4900000000000091
[01:42:05] [Server thread/WARN]: Acacia Boat (vehicle of _gary_825) moved wrongly! 0.29840039859573153
[01:42:05] [Server thread/WARN]: Acacia Boat (vehicle of _gary_825) moved wrongly! 0.4900000000000091
[01:42:05] [Server thread/WARN]: Acacia Boat (vehicle of _gary_825) moved wrongly! 0.9900000000000091
[01:42:05] [Server thread/WARN]: Acacia Boat (vehicle of _gary_825) moved wrongly! 0.4900000000000091
[01:42:06] [Server thread/WARN]: Acacia Boat (vehicle of _gary_825) moved wrongly! 0.6584004272059474
[01:42:06] [Server thread/WARN]: Acacia Boat (vehicle of _gary_825) moved wrongly! 0.4900000000000091
[01:42:06] [Server thread/WARN]: Acacia Boat (vehicle of _gary_825) moved wrongly! 0.29840039859573153
[01:42:06] [Server thread/WARN]: Acacia Boat (vehicle of _gary_825) moved wrongly! 0.29840039859573153
[01:42:07] [Server thread/WARN]: Acacia Boat (vehicle of _gary_825) moved wrongly! 0.337334043462306
[01:42:07] [Server thread/WARN]: Acacia Boat (vehicle of _gary_825) moved wrongly! 0.4900000000000091
[01:42:07] [Server thread/WARN]: Acacia Boat (vehicle of _gary_825) moved wrongly! 0.4900000000000091
[01:42:07] [Server thread/WARN]: Acacia Boat (vehicle of _gary_825) moved wrongly! 0.4900000000000091
[01:42:08] [Server thread/WARN]: Acacia Boat (vehicle of _gary_825) moved wrongly! 0.337334043462306
[01:42:08] [Server thread/WARN]: Acacia Boat (vehicle of _gary_825) moved wrongly! 0.4900000000000091
[01:42:08] [Server thread/WARN]: Acacia Boat (vehicle of _gary_825) moved wrongly! 0.4900000000000091
[01:42:08] [Server thread/WARN]: Acacia Boat (vehicle of _gary_825) moved wrongly! 0.4900000000000091
[01:42:09] [Server thread/WARN]: Acacia Boat (vehicle of _gary_825) moved wrongly! 0.337334043462306
[01:42:09] [Server thread/WARN]: Acacia Boat (vehicle of _gary_825) moved wrongly! 0.4900000000000091
[01:42:09] [Server thread/WARN]: Acacia Boat (vehicle of _gary_825) moved wrongly! 0.4900000000000091
[01:42:09] [Server thread/WARN]: Acacia Boat (vehicle of _gary_825) moved wrongly! 0.4900000000000091
[01:42:10] [Server thread/WARN]: Acacia Boat (vehicle of _gary_825) moved wrongly! 0.4373340673041639
[01:42:10] [Server thread/WARN]: Acacia Boat (vehicle of _gary_825) moved wrongly! 0.4373340673041639
[01:42:10] [Server thread/WARN]: Acacia Boat (vehicle of _gary_825) moved wrongly! 0.337334043462306
[01:42:10] [Server thread/WARN]: Acacia Boat (vehicle of _gary_825) moved wrongly! 0.337334043462306
[01:42:11] [Server thread/WARN]: Acacia Boat (vehicle of _gary_825) moved wrongly! 0.4900000000000091
[01:42:11] [Server thread/WARN]: Acacia Boat (vehicle of _gary_825) moved wrongly! 0.4900000000000091
[01:42:11] [Server thread/WARN]: Acacia Boat (vehicle of _gary_825) moved wrongly! 0.4900000000000091
[01:42:11] [Server thread/WARN]: Acacia Boat (vehicle of _gary_825) moved wrongly! 0.4900000000000091
[01:42:11] [Server thread/WARN]: Acacia Boat (vehicle of _gary_825) moved wrongly! 0.337334043462306
[01:42:12] [Server thread/WARN]: Acacia Boat (vehicle of _gary_825) moved wrongly! 0.4900000000000091
[01:42:12] [Server thread/WARN]: Acacia Boat (vehicle of _gary_825) moved wrongly! 0.4900000000000091
[01:42:12] [Server thread/WARN]: Acacia Boat (vehicle of _gary_825) moved wrongly! 0.4900000000000091
[01:42:13] [Server thread/WARN]: Acacia Boat (vehicle of _gary_825) moved wrongly! 0.837334043462306
[01:42:13] [Server thread/WARN]: Acacia Boat (vehicle of _gary_825) moved wrongly! 0.29840039859573153
[01:42:13] [Server thread/WARN]: Acacia Boat (vehicle of _gary_825) moved wrongly! 0.29840039859573153
[01:42:14] [Server thread/WARN]: Acacia Boat (vehicle of _gary_825) moved wrongly! 0.337334043462306
[01:42:14] [Server thread/WARN]: Acacia Boat (vehicle of _gary_825) moved wrongly! 0.4900000000000091
[01:42:14] [Server thread/WARN]: Acacia Boat (vehicle of _gary_825) moved wrongly! 0.4900000000000091
[01:42:14] [Server thread/WARN]: Acacia Boat (vehicle of _gary_825) moved wrongly! 0.4900000000000091
[01:42:15] [Server thread/WARN]: Acacia Boat (vehicle of _gary_825) moved wrongly! 0.337334043462306
[01:42:15] [Server thread/WARN]: Acacia Boat (vehicle of _gary_825) moved wrongly! 0.4900000000000091
[01:42:15] [Server thread/WARN]: Acacia Boat (vehicle of _gary_825) moved wrongly! 0.4900000000000091
[01:42:15] [Server thread/WARN]: Acacia Boat (vehicle of _gary_825) moved wrongly! 0.4900000000000091
[01:42:16] [Server thread/WARN]: Acacia Boat (vehicle of _gary_825) moved wrongly! 0.337334043462306
[01:42:16] [Server thread/WARN]: Acacia Boat (vehicle of _gary_825) moved wrongly! 0.4900000000000091
[01:42:16] [Server thread/WARN]: Acacia Boat (vehicle of _gary_825) moved wrongly! 0.4900000000000091
[01:42:16] [Server thread/WARN]: Acacia Boat (vehicle of _gary_825) moved wrongly! 0.4900000000000091
[01:42:17] [Server thread/WARN]: Acacia Boat (vehicle of _gary_825) moved wrongly! 0.4900000000000091
[01:42:17] [Server thread/WARN]: Acacia Boat (vehicle of _gary_825) moved wrongly! 0.4900000000000091
[01:42:17] [Server thread/WARN]: Acacia Boat (vehicle of _gary_825) moved wrongly! 0.4900000000000091
[01:42:18] [Server thread/WARN]: Acacia Boat (vehicle of _gary_825) moved wrongly! 0.337334043462306
[01:42:18] [Server thread/WARN]: Acacia Boat (vehicle of _gary_825) moved wrongly! 0.4900000000000091
[01:42:18] [Server thread/WARN]: Acacia Boat (vehicle of _gary_825) moved wrongly! 0.4900000000000091
[01:42:19] [Server thread/WARN]: Acacia Boat (vehicle of _gary_825) moved wrongly! 0.9900000000000091
[01:42:19] [Server thread/WARN]: Acacia Boat (vehicle of _gary_825) moved wrongly! 0.4900000000000091
[01:42:19] [Server thread/WARN]: Acacia Boat (vehicle of _gary_825) moved wrongly! 0.29840039859573153
[01:42:20] [Server thread/WARN]: Acacia Boat (vehicle of _gary_825) moved wrongly! 0.9900000000000091
[01:42:20] [Server thread/WARN]: Acacia Boat (vehicle of _gary_825) moved wrongly! 0.3419999442101016
[01:42:21] [Server thread/WARN]: Acacia Boat (vehicle of _gary_825) moved wrongly! 0.9900000000000091
[01:42:22] [Server thread/WARN]: Acacia Boat (vehicle of _gary_825) moved wrongly! 0.6984003747538736
[01:42:22] [Server thread/WARN]: Acacia Boat (vehicle of _gary_825) moved wrongly! 0.4900000000000091
[01:42:22] [Server thread/WARN]: Acacia Boat (vehicle of _gary_825) moved wrongly! 0.29840039859573153
[01:42:22] [Server thread/WARN]: Acacia Boat (vehicle of _gary_825) moved wrongly! 0.29840039859573153
[01:42:23] [Server thread/WARN]: Acacia Boat (vehicle of _gary_825) moved wrongly! 0.4373340673041639
[01:42:23] [Server thread/WARN]: Acacia Boat (vehicle of _gary_825) moved wrongly! 0.4373340673041639
[01:42:23] [Server thread/WARN]: Acacia Boat (vehicle of _gary_825) moved wrongly! 0.337334043462306
[01:42:24] [Server thread/WARN]: Acacia Boat (vehicle of _gary_825) moved wrongly! 0.837334043462306
[01:42:24] [Server thread/WARN]: Acacia Boat (vehicle of _gary_825) moved wrongly! 0.4900000000000091
[01:42:24] [Server thread/WARN]: Acacia Boat (vehicle of _gary_825) moved wrongly! 0.29840039859573153
[01:42:25] [Server thread/WARN]: Acacia Boat (vehicle of _gary_825) moved wrongly! 0.9900000000000091
[01:42:26] [Server thread/WARN]: Acacia Boat (vehicle of _gary_825) moved wrongly! 0.6150401702163322
[01:42:26] [Server thread/WARN]: Acacia Boat (vehicle of _gary_825) moved wrongly! 0.3419999442101016
[01:42:26] [Server thread/WARN]: Acacia Boat (vehicle of _gary_825) moved wrongly! 0.4900000000000091
[01:42:27] [Server thread/WARN]: Acacia Boat (vehicle of _gary_825) moved wrongly! 0.9900000000000091
[01:42:27] [Server thread/WARN]: Acacia Boat (vehicle of _gary_825) moved wrongly! 0.4900000000000091
[01:42:27] [Server thread/WARN]: Acacia Boat (vehicle of _gary_825) moved wrongly! 0.29840039859573153
[01:42:27] [Server thread/WARN]: Acacia Boat (vehicle of _gary_825) moved wrongly! 0.29840039859573153
[01:42:28] [Server thread/WARN]: Acacia Boat (vehicle of _gary_825) moved wrongly! 0.337334043462306
[01:42:28] [Server thread/WARN]: Acacia Boat (vehicle of _gary_825) moved wrongly! 0.4900000000000091
[01:42:28] [Server thread/WARN]: Acacia Boat (vehicle of _gary_825) moved wrongly! 0.4900000000000091
[01:42:29] [Server thread/WARN]: Acacia Boat (vehicle of _gary_825) moved wrongly! 0.337334043462306
[01:42:29] [Server thread/WARN]: Acacia Boat (vehicle of _gary_825) moved wrongly! 0.4900000000000091
[01:42:29] [Server thread/WARN]: Acacia Boat (vehicle of _gary_825) moved wrongly! 0.4900000000000091
[01:42:29] [Server thread/WARN]: Acacia Boat (vehicle of _gary_825) moved wrongly! 0.4900000000000091
[01:42:30] [Server thread/WARN]: Acacia Boat (vehicle of _gary_825) moved wrongly! 0.4900000000000091
[01:42:30] [Server thread/WARN]: Acacia Boat (vehicle of _gary_825) moved wrongly! 0.4900000000000091
[01:42:30] [Server thread/WARN]: Acacia Boat (vehicle of _gary_825) moved wrongly! 0.4900000000000091
[01:42:30] [Server thread/WARN]: Acacia Boat (vehicle of _gary_825) moved wrongly! 0.337334043462306
[01:42:31] [Server thread/WARN]: Acacia Boat (vehicle of _gary_825) moved wrongly! 0.837334043462306
[01:42:31] [Server thread/WARN]: Acacia Boat (vehicle of _gary_825) moved wrongly! 0.4900000000000091
[01:42:31] [Server thread/WARN]: Acacia Boat (vehicle of _gary_825) moved wrongly! 0.29840039859573153
[01:42:31] [Server thread/WARN]: Acacia Boat (vehicle of _gary_825) moved wrongly! 0.4900000000000091
[01:42:32] [Server thread/WARN]: Acacia Boat (vehicle of _gary_825) moved wrongly! 0.4900000000000091
[01:42:32] [Server thread/WARN]: Acacia Boat (vehicle of _gary_825) moved wrongly! 0.4900000000000091
[01:42:32] [Server thread/WARN]: Acacia Boat (vehicle of _gary_825) moved wrongly! 0.4900000000000091
[01:42:32] [Server thread/WARN]: Acacia Boat (vehicle of _gary_825) moved wrongly! 0.337334043462306
[01:42:33] [Server thread/WARN]: Acacia Boat (vehicle of _gary_825) moved wrongly! 0.837334043462306
[01:42:33] [Server thread/WARN]: Acacia Boat (vehicle of _gary_825) moved wrongly! 0.4900000000000091
[01:42:33] [Server thread/WARN]: Acacia Boat (vehicle of _gary_825) moved wrongly! 0.4900000000000091
[01:42:33] [Server thread/WARN]: Acacia Boat (vehicle of _gary_825) moved wrongly! 0.4900000000000091
[01:42:33] [Server thread/WARN]: Acacia Boat (vehicle of _gary_825) moved wrongly! 0.4900000000000091
[01:42:33] [Server thread/WARN]: Acacia Boat (vehicle of _gary_825) moved wrongly! 0.4900000000000091
[01:42:33] [Server thread/WARN]: Acacia Boat (vehicle of _gary_825) moved wrongly! 0.4900000000000091
[01:42:34] [Server thread/WARN]: Acacia Boat (vehicle of _gary_825) moved wrongly! 0.4373340673041639
[01:42:34] [Server thread/WARN]: Acacia Boat (vehicle of _gary_825) moved wrongly! 0.4373340673041639
[01:42:34] [Server thread/WARN]: Acacia Boat (vehicle of _gary_825) moved wrongly! 0.4373340673041639
[01:42:34] [Server thread/WARN]: Acacia Boat (vehicle of _gary_825) moved wrongly! 0.4900000000000091
[01:42:35] [Server thread/WARN]: Acacia Boat (vehicle of _gary_825) moved wrongly! 0.9900000000000091
[01:42:35] [Server thread/WARN]: Acacia Boat (vehicle of _gary_825) moved wrongly! 0.4900000000000091
[01:42:35] [Server thread/WARN]: Acacia Boat (vehicle of _gary_825) moved wrongly! 0.4900000000000091
[01:42:35] [Server thread/WARN]: Acacia Boat (vehicle of _gary_825) moved wrongly! 0.4900000000000091
[01:42:35] [Server thread/WARN]: Acacia Boat (vehicle of _gary_825) moved wrongly! 0.9900000000000091
[01:42:35] [Server thread/WARN]: Acacia Boat (vehicle of _gary_825) moved wrongly! 0.4900000000000091
[01:42:36] [Server thread/WARN]: Acacia Boat (vehicle of _gary_825) moved wrongly! 0.29840039859573153
[01:42:36] [Server thread/WARN]: Acacia Boat (vehicle of _gary_825) moved wrongly! 0.29840039859573153
[01:42:36] [Server thread/WARN]: Acacia Boat (vehicle of _gary_825) moved wrongly! 0.29840039859573153
[01:42:36] [Server thread/WARN]: Acacia Boat (vehicle of _gary_825) moved wrongly! 0.4900000000000091
[01:42:36] [Server thread/WARN]: Acacia Boat (vehicle of _gary_825) moved wrongly! 0.9900000000000091
[01:42:36] [Server thread/WARN]: Acacia Boat (vehicle of _gary_825) moved wrongly! 0.4900000000000091
[01:42:37] [Server thread/WARN]: Acacia Boat (vehicle of _gary_825) moved wrongly! 0.29840039859573153
[01:42:37] [Server thread/WARN]: Acacia Boat (vehicle of _gary_825) moved wrongly! 0.29840039859573153
[01:42:37] [Server thread/WARN]: Acacia Boat (vehicle of _gary_825) moved wrongly! 0.4373340673041639
[01:42:37] [Server thread/WARN]: Acacia Boat (vehicle of _gary_825) moved wrongly! 0.4373340673041639
[01:42:38] [Server thread/WARN]: Acacia Boat (vehicle of _gary_825) moved wrongly! 0.337334043462306
[01:42:38] [Server thread/WARN]: Acacia Boat (vehicle of _gary_825) moved wrongly! 0.837334043462306
[01:42:38] [Server thread/WARN]: Acacia Boat (vehicle of _gary_825) moved wrongly! 0.4900000000000091
[01:42:39] [Server thread/WARN]: Acacia Boat (vehicle of _gary_825) moved wrongly! 0.29840039859573153
[01:42:39] [Server thread/WARN]: Acacia Boat (vehicle of _gary_825) moved wrongly! 0.29840039859573153
[01:42:39] [Server thread/WARN]: Acacia Boat (vehicle of _gary_825) moved wrongly! 0.4373340673041639
[01:42:39] [Server thread/WARN]: Acacia Boat (vehicle of _gary_825) moved wrongly! 0.4900000000000091
[01:42:40] [Server thread/WARN]: Acacia Boat (vehicle of _gary_825) moved wrongly! 0.9900000000000091
[01:42:40] [Server thread/WARN]: Acacia Boat (vehicle of _gary_825) moved wrongly! 0.4900000000000091
[01:42:41] [Server thread/WARN]: Acacia Boat (vehicle of _gary_825) moved wrongly! 0.6984003747538736
[01:42:41] [Server thread/WARN]: Acacia Boat (vehicle of _gary_825) moved wrongly! 0.4900000000000091
[01:42:42] [Server thread/WARN]: Acacia Boat (vehicle of _gary_825) moved wrongly! 0.5750402226684059
[01:42:42] [Server thread/WARN]: Acacia Boat (vehicle of _gary_825) moved wrongly! 0.4900000000000091
[01:42:42] [Server thread/WARN]: Acacia Boat (vehicle of _gary_825) moved wrongly! 0.4900000000000091
[01:42:43] [Server thread/WARN]: Acacia Boat (vehicle of _gary_825) moved wrongly! 0.9900000000000091
[01:42:43] [Server thread/WARN]: Acacia Boat (vehicle of _gary_825) moved wrongly! 0.4900000000000091
[01:42:43] [Server thread/WARN]: Acacia Boat (vehicle of _gary_825) moved wrongly! 0.4900000000000091
[01:42:43] [Server thread/WARN]: Acacia Boat (vehicle of _gary_825) moved wrongly! 0.4900000000000091
[01:42:43] [Server thread/WARN]: Acacia Boat (vehicle of _gary_825) moved wrongly! 0.4900000000000091
[01:42:44] [Server thread/WARN]: Acacia Boat (vehicle of _gary_825) moved wrongly! 0.29840039859573153
[01:42:44] [Server thread/WARN]: Acacia Boat (vehicle of _gary_825) moved wrongly! 0.29840039859573153
[01:42:44] [Server thread/WARN]: Acacia Boat (vehicle of _gary_825) moved wrongly! 0.29840039859573153
[01:42:44] [Server thread/WARN]: Acacia Boat (vehicle of _gary_825) moved wrongly! 0.29840039859573153
[01:42:44] [Server thread/WARN]: Acacia Boat (vehicle of _gary_825) moved wrongly! 0.29840039859573153
[01:42:44] [Server thread/WARN]: Acacia Boat (vehicle of _gary_825) moved wrongly! 0.4900000000000091
[01:42:44] [Server thread/WARN]: Acacia Boat (vehicle of _gary_825) moved wrongly! 0.4900000000000091
[01:42:44] [Server thread/WARN]: Acacia Boat (vehicle of _gary_825) moved wrongly! 0.48935556220448007
[01:42:44] [Server thread/WARN]: Acacia Boat (vehicle of _gary_825) moved wrongly! 0.9893555622044801
[01:42:44] [Server thread/WARN]: Acacia Boat (vehicle of _gary_825) moved wrongly! 0.9893555622044801
[01:42:44] [Server thread/WARN]: Acacia Boat (vehicle of _gary_825) moved wrongly! 0.9893555622044801
[01:42:44] [Server thread/WARN]: Acacia Boat (vehicle of _gary_825) moved wrongly! 0.4900000000000091
[01:42:44] [Server thread/WARN]: Acacia Boat (vehicle of _gary_825) moved wrongly! 0.4900000000000091
[01:42:44] [Server thread/WARN]: Acacia Boat (vehicle of _gary_825) moved wrongly! 0.4900000000000091
[01:42:44] [Server thread/WARN]: Acacia Boat (vehicle of _gary_825) moved wrongly! 0.4900000000000091
[01:42:44] [Server thread/WARN]: Acacia Boat (vehicle of _gary_825) moved wrongly! 0.4900000000000091
[01:42:44] [Server thread/WARN]: Acacia Boat (vehicle of _gary_825) moved wrongly! 0.4900000000000091
[01:42:44] [Server thread/WARN]: Acacia Boat (vehicle of _gary_825) moved wrongly! 0.4900000000000091
[01:42:44] [Server thread/WARN]: Acacia Boat (vehicle of _gary_825) moved wrongly! 0.4900000000000091
[01:42:45] [Server thread/WARN]: Acacia Boat (vehicle of _gary_825) moved wrongly! 0.4900000000000091
[01:42:45] [Server thread/WARN]: Acacia Boat (vehicle of _gary_825) moved wrongly! 0.4900000000000091
[01:42:45] [Server thread/WARN]: Acacia Boat (vehicle of _gary_825) moved wrongly! 0.4900000000000091
[01:42:45] [Server thread/WARN]: Acacia Boat (vehicle of _gary_825) moved wrongly! 0.4373340673041639
[01:42:46] [Server thread/WARN]: Acacia Boat (vehicle of _gary_825) moved wrongly! 0.29840039859573153
[01:42:46] [Server thread/WARN]: Acacia Boat (vehicle of _gary_825) moved wrongly! 0.29840039859573153
[01:42:46] [Server thread/WARN]: Acacia Boat (vehicle of _gary_825) moved wrongly! 0.4900000000000091
[01:42:46] [Server thread/WARN]: Acacia Boat (vehicle of _gary_825) moved wrongly! 0.4900000000000091
[01:42:46] [Server thread/WARN]: Acacia Boat (vehicle of _gary_825) moved wrongly! 0.4900000000000091
[01:42:47] [Server thread/WARN]: Acacia Boat (vehicle of _gary_825) moved wrongly! 0.29840039859573153
[01:42:47] [Server thread/WARN]: Acacia Boat (vehicle of _gary_825) moved wrongly! 0.29840039859573153
[01:42:47] [Server thread/WARN]: Acacia Boat (vehicle of _gary_825) moved wrongly! 0.337334043462306
[01:42:48] [Server thread/WARN]: Acacia Boat (vehicle of _gary_825) moved wrongly! 0.837334043462306
[01:42:48] [Server thread/WARN]: Acacia Boat (vehicle of _gary_825) moved wrongly! 0.4900000000000091
[01:42:48] [Server thread/WARN]: Acacia Boat (vehicle of _gary_825) moved wrongly! 0.29840039859573153
[01:42:48] [Server thread/WARN]: Acacia Boat (vehicle of _gary_825) moved wrongly! 0.29840039859573153
[01:42:49] [Server thread/WARN]: Acacia Boat (vehicle of _gary_825) moved wrongly! 0.29840039859573153
[01:42:49] [Server thread/WARN]: Acacia Boat (vehicle of _gary_825) moved wrongly! 0.29840039859573153
[01:42:50] [Server thread/WARN]: Acacia Boat (vehicle of _gary_825) moved wrongly! 0.6984003747538736
[01:42:50] [Server thread/WARN]: Acacia Boat (vehicle of _gary_825) moved wrongly! 0.4900000000000091
[01:42:50] [Server thread/WARN]: Acacia Boat (vehicle of _gary_825) moved wrongly! 0.29840039859573153
[01:42:50] [Server thread/WARN]: Acacia Boat (vehicle of _gary_825) moved wrongly! 0.2910402484176302
[01:42:51] [Server thread/WARN]: Acacia Boat (vehicle of _gary_825) moved wrongly! 0.7910402484176302
[01:42:51] [Server thread/WARN]: Acacia Boat (vehicle of _gary_825) moved wrongly! 0.4900000000000091
[01:42:51] [Server thread/WARN]: Acacia Boat (vehicle of _gary_825) moved wrongly! 0.6584004272059474
[01:42:52] [Server thread/WARN]: Acacia Boat (vehicle of _gary_825) moved wrongly! 0.41399994564056897
[01:42:52] [Server thread/WARN]: Acacia Boat (vehicle of _gary_825) moved wrongly! 0.41399994564056897
[01:42:52] [Server thread/WARN]: Acacia Boat (vehicle of _gary_825) moved wrongly! 0.337334043462306
[01:42:53] [Server thread/WARN]: Acacia Boat (vehicle of _gary_825) moved wrongly! 0.837334043462306
[01:42:53] [Server thread/WARN]: Acacia Boat (vehicle of _gary_825) moved wrongly! 0.4900000000000091
[01:42:54] [Server thread/WARN]: Acacia Boat (vehicle of _gary_825) moved wrongly! 0.6984003747538736
[01:42:55] [Server thread/WARN]: Acacia Boat (vehicle of _gary_825) moved wrongly! 0.41399994564056897
[01:42:55] [Server thread/WARN]: Acacia Boat (vehicle of _gary_825) moved wrongly! 0.41399994564056897
[01:42:55] [Server thread/WARN]: Acacia Boat (vehicle of _gary_825) moved wrongly! 0.4900000000000091
[01:42:55] [Server thread/WARN]: Acacia Boat (vehicle of _gary_825) moved wrongly! 0.4900000000000091
[01:42:55] [Server thread/WARN]: Acacia Boat (vehicle of _gary_825) moved wrongly! 0.4900000000000091
[01:42:56] [Server thread/WARN]: Acacia Boat (vehicle of _gary_825) moved wrongly! 0.29840039859573153
[01:42:56] [Server thread/WARN]: Acacia Boat (vehicle of _gary_825) moved wrongly! 0.29840039859573153
[01:42:56] [Server thread/WARN]: Acacia Boat (vehicle of _gary_825) moved wrongly! 0.9900000000000091
[01:42:57] [Server thread/WARN]: Acacia Boat (vehicle of _gary_825) moved wrongly! 0.4900000000000091
[01:42:57] [Server thread/WARN]: Acacia Boat (vehicle of _gary_825) moved wrongly! 0.4900000000000091
[01:42:58] [Server thread/WARN]: Acacia Boat (vehicle of _gary_825) moved wrongly! 0.29840039859573153
[01:42:58] [Server thread/WARN]: Acacia Boat (vehicle of _gary_825) moved wrongly! 0.29840039859573153
[01:42:58] [Server thread/WARN]: Acacia Boat (vehicle of _gary_825) moved wrongly! 0.337334043462306
[01:42:59] [Server thread/WARN]: Acacia Boat (vehicle of _gary_825) moved wrongly! 0.837334043462306
[01:42:59] [Server thread/WARN]: Acacia Boat (vehicle of _gary_825) moved wrongly! 0.4900000000000091
[01:42:59] [Server thread/WARN]: Acacia Boat (vehicle of _gary_825) moved wrongly! 0.29840039859573153
[01:43:00] [Server thread/WARN]: Acacia Boat (vehicle of _gary_825) moved wrongly! 0.29840039859573153
[01:43:00] [Server thread/WARN]: Acacia Boat (vehicle of _gary_825) moved wrongly! 0.29840039859573153
[01:43:00] [Server thread/WARN]: Acacia Boat (vehicle of _gary_825) moved wrongly! 0.4373340673041639
[01:43:01] [Server thread/WARN]: Acacia Boat (vehicle of _gary_825) moved wrongly! 0.337334043462306
[01:43:01] [Server thread/WARN]: Acacia Boat (vehicle of _gary_825) moved wrongly! 0.337334043462306
[01:43:01] [Server thread/WARN]: Acacia Boat (vehicle of _gary_825) moved wrongly! 0.4900000000000091
[01:43:01] [Server thread/WARN]: Acacia Boat (vehicle of _gary_825) moved wrongly! 0.4900000000000091
[01:43:02] [Server thread/WARN]: Acacia Boat (vehicle of _gary_825) moved wrongly! 0.29840039859573153
[01:43:02] [Server thread/WARN]: Acacia Boat (vehicle of _gary_825) moved wrongly! 0.29840039859573153
[01:43:02] [Server thread/WARN]: Acacia Boat (vehicle of _gary_825) moved wrongly! 0.4373340673041639
[01:43:03] [Server thread/WARN]: Acacia Boat (vehicle of _gary_825) moved wrongly! 0.29840039859573153
[01:43:03] [Server thread/WARN]: Acacia Boat (vehicle of _gary_825) moved wrongly! 0.29840039859573153
[01:43:03] [Server thread/WARN]: Acacia Boat (vehicle of _gary_825) moved wrongly! 0.4373340673041639
[01:43:04] [Server thread/WARN]: Acacia Boat (vehicle of _gary_825) moved wrongly! 0.6984003747538736
[01:43:05] [Server thread/WARN]: Acacia Boat (vehicle of _gary_825) moved wrongly! 0.29840039859573153
[01:43:05] [Server thread/WARN]: Acacia Boat (vehicle of _gary_825) moved wrongly! 0.29840039859573153
[01:43:05] [Server thread/WARN]: Acacia Boat (vehicle of _gary_825) moved wrongly! 0.337334043462306
[01:43:06] [Server thread/WARN]: Acacia Boat (vehicle of _gary_825) moved wrongly! 0.4900000000000091
[01:43:06] [Server thread/WARN]: Acacia Boat (vehicle of _gary_825) moved wrongly! 0.4900000000000091
[01:43:06] [Server thread/WARN]: Acacia Boat (vehicle of _gary_825) moved wrongly! 0.4900000000000091
[01:43:06] [Server thread/WARN]: Acacia Boat (vehicle of _gary_825) moved wrongly! 0.4373340673041639
[01:43:06] [Server thread/WARN]: Acacia Boat (vehicle of _gary_825) moved wrongly! 0.4373340673041639
[01:43:07] [Server thread/WARN]: Acacia Boat (vehicle of _gary_825) moved wrongly! 0.29840039859573153
[01:43:07] [Server thread/WARN]: Acacia Boat (vehicle of _gary_825) moved wrongly! 0.29840039859573153
[01:43:07] [Server thread/WARN]: Acacia Boat (vehicle of _gary_825) moved wrongly! 0.4373340673041639
[01:43:07] [Server thread/WARN]: Acacia Boat (vehicle of _gary_825) moved wrongly! 0.4373340673041639
[01:43:08] [Server thread/WARN]: Acacia Boat (vehicle of _gary_825) moved wrongly! 0.4373340673041639
[01:43:08] [Server thread/WARN]: Acacia Boat (vehicle of _gary_825) moved wrongly! 0.4373340673041639
[01:43:08] [Server thread/WARN]: Acacia Boat (vehicle of _gary_825) moved wrongly! 0.337334043462306
[01:43:09] [Server thread/WARN]: Acacia Boat (vehicle of _gary_825) moved wrongly! 0.837334043462306
[01:43:09] [Server thread/WARN]: Acacia Boat (vehicle of _gary_825) moved wrongly! 0.4900000000000091
[01:43:09] [Server thread/WARN]: Acacia Boat (vehicle of _gary_825) moved wrongly! 0.29840039859573153
[01:43:09] [Server thread/WARN]: Acacia Boat (vehicle of _gary_825) moved wrongly! 0.29840039859573153
[01:43:10] [Server thread/WARN]: Acacia Boat (vehicle of _gary_825) moved wrongly! 0.4373340673041639
[01:43:10] [Server thread/WARN]: Acacia Boat (vehicle of _gary_825) moved wrongly! 0.4373340673041639
[01:43:10] [Server thread/WARN]: Acacia Boat (vehicle of _gary_825) moved wrongly! 0.337334043462306
[01:43:11] [Server thread/WARN]: Acacia Boat (vehicle of _gary_825) moved wrongly! 0.837334043462306
[01:43:11] [Server thread/WARN]: Acacia Boat (vehicle of _gary_825) moved wrongly! 0.4900000000000091
[01:43:11] [Server thread/WARN]: Acacia Boat (vehicle of _gary_825) moved wrongly! 0.29840039859573153
[01:43:11] [Server thread/WARN]: Acacia Boat (vehicle of _gary_825) moved wrongly! 0.29840039859573153
[01:43:12] [Server thread/WARN]: Acacia Boat (vehicle of _gary_825) moved wrongly! 0.4373340673041639
[01:43:12] [Server thread/WARN]: Acacia Boat (vehicle of _gary_825) moved wrongly! 0.4373340673041639
[01:43:12] [Server thread/WARN]: Acacia Boat (vehicle of _gary_825) moved wrongly! 0.337334043462306
[01:43:13] [Server thread/WARN]: Acacia Boat (vehicle of _gary_825) moved wrongly! 0.4900000000000091
[01:43:13] [Server thread/WARN]: Acacia Boat (vehicle of _gary_825) moved wrongly! 0.4900000000000091
[01:43:13] [Server thread/WARN]: Acacia Boat (vehicle of _gary_825) moved wrongly! 0.4900000000000091
[01:43:13] [Server thread/WARN]: Acacia Boat (vehicle of _gary_825) moved wrongly! 0.337334043462306
[01:43:14] [Server thread/WARN]: Acacia Boat (vehicle of _gary_825) moved wrongly! 0.837334043462306
[01:43:14] [Server thread/WARN]: Acacia Boat (vehicle of _gary_825) moved wrongly! 0.4900000000000091
[01:43:14] [Server thread/WARN]: Acacia Boat (vehicle of _gary_825) moved wrongly! 0.29840039859573153
[01:43:14] [Server thread/WARN]: Acacia Boat (vehicle of _gary_825) moved wrongly! 0.29840039859573153
[01:43:15] [Server thread/WARN]: Acacia Boat (vehicle of _gary_825) moved wrongly! 0.29840039859573153
[01:43:15] [Server thread/WARN]: Acacia Boat (vehicle of _gary_825) moved wrongly! 0.29840039859573153
[01:43:15] [Server thread/WARN]: Acacia Boat (vehicle of _gary_825) moved wrongly! 0.4373340673041639
[01:43:15] [Server thread/WARN]: Acacia Boat (vehicle of _gary_825) moved wrongly! 0.4373340673041639
[01:43:16] [Server thread/WARN]: Acacia Boat (vehicle of _gary_825) moved wrongly! 0.29840039859573153
[01:43:16] [Server thread/WARN]: Acacia Boat (vehicle of _gary_825) moved wrongly! 0.29840039859573153
[01:43:16] [Server thread/WARN]: Acacia Boat (vehicle of _gary_825) moved wrongly! 0.9900000000000091
[01:43:17] [Server thread/WARN]: Acacia Boat (vehicle of _gary_825) moved wrongly! 0.29840039859573153
[01:43:17] [Server thread/WARN]: Acacia Boat (vehicle of _gary_825) moved wrongly! 0.29840039859573153
[01:43:17] [Server thread/WARN]: Acacia Boat (vehicle of _gary_825) moved wrongly! 0.337334043462306
[01:43:18] [Server thread/WARN]: Acacia Boat (vehicle of _gary_825) moved wrongly! 0.4900000000000091
[01:43:18] [Server thread/WARN]: Acacia Boat (vehicle of _gary_825) moved wrongly! 0.4900000000000091
[01:43:18] [Server thread/WARN]: Acacia Boat (vehicle of _gary_825) moved wrongly! 0.4900000000000091
[01:43:18] [Server thread/WARN]: Acacia Boat (vehicle of _gary_825) moved wrongly! 0.4900000000000091
[01:43:18] [Server thread/WARN]: Acacia Boat (vehicle of _gary_825) moved wrongly! 0.4900000000000091
[01:43:18] [Server thread/WARN]: Acacia Boat (vehicle of _gary_825) moved wrongly! 0.4900000000000091
[01:43:19] [Server thread/WARN]: Acacia Boat (vehicle of _gary_825) moved wrongly! 0.6584004272059474
[01:43:19] [Server thread/WARN]: Acacia Boat (vehicle of _gary_825) moved wrongly! 0.4900000000000091
[01:43:19] [Server thread/WARN]: Acacia Boat (vehicle of _gary_825) moved wrongly! 0.29840039859573153
[01:43:20] [Server thread/WARN]: Acacia Boat (vehicle of _gary_825) moved wrongly! 0.4900000000000091
[01:43:20] [Server thread/WARN]: Acacia Boat (vehicle of _gary_825) moved wrongly! 0.9900000000000091
[01:43:20] [Server thread/WARN]: Acacia Boat (vehicle of _gary_825) moved wrongly! 0.4900000000000091
[01:43:20] [Server thread/WARN]: Acacia Boat (vehicle of _gary_825) moved wrongly! 0.29840039859573153
[01:43:21] [Server thread/WARN]: Acacia Boat (vehicle of _gary_825) moved wrongly! 0.9900000000000091
[01:43:22] [Server thread/WARN]: Acacia Boat (vehicle of _gary_825) moved wrongly! 0.6984003747538736
[01:43:24] [Server thread/WARN]: Acacia Boat (vehicle of _gary_825) moved wrongly! 0.4900000000000091
[01:43:24] [Server thread/WARN]: Acacia Boat (vehicle of _gary_825) moved wrongly! 0.4900000000000091
[01:43:24] [Server thread/WARN]: Acacia Boat (vehicle of _gary_825) moved wrongly! 0.4900000000000091
[01:43:24] [Server thread/WARN]: Acacia Boat (vehicle of _gary_825) moved wrongly! 0.337334043462306
[01:43:25] [Server thread/WARN]: Acacia Boat (vehicle of _gary_825) moved wrongly! 0.4900000000000091
[01:43:25] [Server thread/WARN]: Acacia Boat (vehicle of _gary_825) moved wrongly! 0.4900000000000091
[01:43:25] [Server thread/WARN]: Acacia Boat (vehicle of _gary_825) moved wrongly! 0.4900000000000091
[01:43:25] [Server thread/WARN]: Acacia Boat (vehicle of _gary_825) moved wrongly! 0.337334043462306
[01:43:26] [Server thread/WARN]: Acacia Boat (vehicle of _gary_825) moved wrongly! 0.4900000000000091
[01:43:26] [Server thread/WARN]: Acacia Boat (vehicle of _gary_825) moved wrongly! 0.4900000000000091
[01:43:26] [Server thread/WARN]: Acacia Boat (vehicle of _gary_825) moved wrongly! 0.4900000000000091
[01:43:26] [Server thread/WARN]: Acacia Boat (vehicle of _gary_825) moved wrongly! 0.337334043462306
[01:43:26] [Server thread/WARN]: Acacia Boat (vehicle of _gary_825) moved wrongly! 0.337334043462306
[01:43:27] [Server thread/WARN]: Acacia Boat (vehicle of _gary_825) moved wrongly! 0.4900000000000091
[01:43:27] [Server thread/WARN]: Acacia Boat (vehicle of _gary_825) moved wrongly! 0.4900000000000091
[01:43:27] [Server thread/WARN]: Acacia Boat (vehicle of _gary_825) moved wrongly! 0.4900000000000091
[01:43:27] [Server thread/WARN]: Acacia Boat (vehicle of _gary_825) moved wrongly! 0.4900000000000091
[01:43:27] [Server thread/WARN]: Acacia Boat (vehicle of _gary_825) moved wrongly! 0.34657813688181704
[01:43:28] [Server thread/WARN]: Acacia Boat (vehicle of _gary_825) moved wrongly! 0.4900000000000091
[01:43:28] [Server thread/WARN]: Acacia Boat (vehicle of _gary_825) moved wrongly! 0.4900000000000091
[01:43:28] [Server thread/WARN]: Acacia Boat (vehicle of _gary_825) moved wrongly! 0.4900000000000091
[01:43:28] [Server thread/WARN]: Acacia Boat (vehicle of _gary_825) moved wrongly! 0.337334043462306
[01:43:29] [Server thread/WARN]: Acacia Boat (vehicle of _gary_825) moved wrongly! 0.4900000000000091
[01:43:29] [Server thread/WARN]: Acacia Boat (vehicle of _gary_825) moved wrongly! 0.4900000000000091
[01:43:29] [Server thread/WARN]: Acacia Boat (vehicle of _gary_825) moved wrongly! 0.4900000000000091
[01:43:29] [Server thread/WARN]: Acacia Boat (vehicle of _gary_825) moved wrongly! 0.337334043462306
[01:43:30] [Server thread/WARN]: Acacia Boat (vehicle of _gary_825) moved wrongly! 0.4900000000000091
[01:43:30] [Server thread/WARN]: Acacia Boat (vehicle of _gary_825) moved wrongly! 0.4900000000000091
[01:43:30] [Server thread/WARN]: Acacia Boat (vehicle of _gary_825) moved wrongly! 0.4900000000000091
[01:43:30] [Server thread/WARN]: Acacia Boat (vehicle of _gary_825) moved wrongly! 0.337334043462306
[01:43:31] [Server thread/WARN]: Acacia Boat (vehicle of _gary_825) moved wrongly! 0.837334043462306
[01:43:31] [Server thread/WARN]: Acacia Boat (vehicle of _gary_825) moved wrongly! 0.4900000000000091
[01:43:31] [Server thread/WARN]: Acacia Boat (vehicle of _gary_825) moved wrongly! 0.29840039859573153
[01:43:32] [Server thread/WARN]: Acacia Boat (vehicle of _gary_825) moved wrongly! 0.44657816072367496
[01:43:32] [Server thread/WARN]: Acacia Boat (vehicle of _gary_825) moved wrongly! 0.4900000000000091
[01:43:32] [Server thread/WARN]: Acacia Boat (vehicle of _gary_825) moved wrongly! 0.4900000000000091
[01:43:32] [Server thread/WARN]: Acacia Boat (vehicle of _gary_825) moved wrongly! 0.4900000000000091
[01:43:32] [Server thread/WARN]: Acacia Boat (vehicle of _gary_825) moved wrongly! 0.4900000000000091
[01:43:33] [Server thread/WARN]: Acacia Boat (vehicle of _gary_825) moved wrongly! 0.6584004272059474
[01:43:33] [Server thread/WARN]: Acacia Boat (vehicle of _gary_825) moved wrongly! 0.4900000000000091
[01:43:33] [Server thread/WARN]: Acacia Boat (vehicle of _gary_825) moved wrongly! 0.29840039859573153
[01:43:34] [Server thread/WARN]: Acacia Boat (vehicle of _gary_825) moved wrongly! 0.4373340673041639
[01:43:34] [Server thread/WARN]: Acacia Boat (vehicle of _gary_825) moved wrongly! 0.4900000000000091
[01:43:34] [Server thread/WARN]: Acacia Boat (vehicle of _gary_825) moved wrongly! 0.9900000000000091
[01:43:34] [Server thread/WARN]: Acacia Boat (vehicle of _gary_825) moved wrongly! 0.4900000000000091
[01:43:35] [Server thread/WARN]: Acacia Boat (vehicle of _gary_825) moved wrongly! 0.29840039859573153
[01:43:35] [Server thread/WARN]: Acacia Boat (vehicle of _gary_825) moved wrongly! 0.4900000000000091
[01:43:35] [Server thread/WARN]: Acacia Boat (vehicle of _gary_825) moved wrongly! 0.9900000000000091
[01:43:35] [Server thread/WARN]: Acacia Boat (vehicle of _gary_825) moved wrongly! 0.4900000000000091
[01:43:36] [Server thread/WARN]: Acacia Boat (vehicle of _gary_825) moved wrongly! 0.29840039859573153
[01:43:36] [Server thread/WARN]: Acacia Boat (vehicle of _gary_825) moved wrongly! 0.4900000000000091
[01:43:36] [Server thread/WARN]: Acacia Boat (vehicle of _gary_825) moved wrongly! 0.9900000000000091
[01:43:36] [Server thread/WARN]: Acacia Boat (vehicle of _gary_825) moved wrongly! 0.4900000000000091
[01:43:37] [Server thread/WARN]: Acacia Boat (vehicle of _gary_825) moved wrongly! 0.29840039859573153
[01:43:37] [Server thread/WARN]: Acacia Boat (vehicle of _gary_825) moved wrongly! 0.4900000000000091
[01:43:37] [Server thread/WARN]: Acacia Boat (vehicle of _gary_825) moved wrongly! 0.9900000000000091
[01:43:37] [Server thread/WARN]: Acacia Boat (vehicle of _gary_825) moved wrongly! 0.4900000000000091
[01:43:38] [Server thread/WARN]: Acacia Boat (vehicle of _gary_825) moved wrongly! 0.29840039859573153
[01:43:38] [Server thread/WARN]: Acacia Boat (vehicle of _gary_825) moved wrongly! 0.4900000000000091
[01:43:38] [Server thread/WARN]: Acacia Boat (vehicle of _gary_825) moved wrongly! 0.9900000000000091
[01:43:38] [Server thread/WARN]: Acacia Boat (vehicle of _gary_825) moved wrongly! 0.4900000000000091
[01:43:39] [Server thread/WARN]: Acacia Boat (vehicle of _gary_825) moved wrongly! 0.4900000000000091
[01:43:39] [Server thread/WARN]: Acacia Boat (vehicle of _gary_825) moved wrongly! 0.9900000000000091
[01:43:39] [Server thread/WARN]: Acacia Boat (vehicle of _gary_825) moved wrongly! 0.4900000000000091
[01:43:39] [Server thread/WARN]: Acacia Boat (vehicle of _gary_825) moved wrongly! 0.29840039859573153
[01:43:39] [Server thread/WARN]: Acacia Boat (vehicle of _gary_825) moved wrongly! 0.4900000000000091
[01:43:40] [Server thread/WARN]: Acacia Boat (vehicle of _gary_825) moved wrongly! 0.4900000000000091
[01:43:40] [Server thread/WARN]: Acacia Boat (vehicle of _gary_825) moved wrongly! 0.4900000000000091
[01:43:40] [Server thread/WARN]: Acacia Boat (vehicle of _gary_825) moved wrongly! 0.4900000000000091
[01:43:41] [Server thread/WARN]: Acacia Boat (vehicle of _gary_825) moved wrongly! 0.4900000000000091
[01:43:41] [Server thread/WARN]: Acacia Boat (vehicle of _gary_825) moved wrongly! 0.4900000000000091
[01:43:41] [Server thread/WARN]: Acacia Boat (vehicle of _gary_825) moved wrongly! 0.4900000000000091
[01:43:42] [Server thread/WARN]: Acacia Boat (vehicle of _gary_825) moved wrongly! 0.4900000000000091
[01:43:42] [Server thread/WARN]: Acacia Boat (vehicle of _gary_825) moved wrongly! 0.4900000000000091
[01:43:42] [Server thread/WARN]: Acacia Boat (vehicle of _gary_825) moved wrongly! 0.4900000000000091
[01:43:42] [Server thread/WARN]: Acacia Boat (vehicle of _gary_825) moved wrongly! 0.337334043462306
[01:43:43] [Server thread/WARN]: Acacia Boat (vehicle of _gary_825) moved wrongly! 0.4900000000000091
[01:43:43] [Server thread/WARN]: Acacia Boat (vehicle of _gary_825) moved wrongly! 0.4900000000000091
[01:43:43] [Server thread/WARN]: Acacia Boat (vehicle of _gary_825) moved wrongly! 0.4900000000000091
[01:43:43] [Server thread/WARN]: Acacia Boat (vehicle of _gary_825) moved wrongly! 0.337334043462306
[01:43:43] [Server thread/WARN]: Acacia Boat (vehicle of _gary_825) moved wrongly! 0.337334043462306
[01:43:44] [Server thread/WARN]: Acacia Boat (vehicle of _gary_825) moved wrongly! 0.4900000000000091
[01:43:44] [Server thread/WARN]: Acacia Boat (vehicle of _gary_825) moved wrongly! 0.4900000000000091
[01:43:44] [Server thread/WARN]: Acacia Boat (vehicle of _gary_825) moved wrongly! 0.4900000000000091
[01:43:44] [Server thread/WARN]: Acacia Boat (vehicle of _gary_825) moved wrongly! 0.4900000000000091
[01:43:45] [Server thread/WARN]: Acacia Boat (vehicle of _gary_825) moved wrongly! 0.4900000000000091
[01:43:45] [Server thread/WARN]: Acacia Boat (vehicle of _gary_825) moved wrongly! 0.4900000000000091
[01:43:45] [Server thread/WARN]: Acacia Boat (vehicle of _gary_825) moved wrongly! 0.4900000000000091
[01:43:45] [Server thread/WARN]: Acacia Boat (vehicle of _gary_825) moved wrongly! 0.337334043462306
[01:43:46] [Server thread/WARN]: Acacia Boat (vehicle of _gary_825) moved wrongly! 0.4900000000000091
[01:43:46] [Server thread/WARN]: Acacia Boat (vehicle of _gary_825) moved wrongly! 0.4900000000000091
[01:43:46] [Server thread/WARN]: Acacia Boat (vehicle of _gary_825) moved wrongly! 0.4900000000000091
[01:43:46] [Server thread/WARN]: Acacia Boat (vehicle of _gary_825) moved wrongly! 0.337334043462306
[01:43:47] [Server thread/WARN]: Acacia Boat (vehicle of _gary_825) moved wrongly! 0.4900000000000091
[01:43:47] [Server thread/WARN]: Acacia Boat (vehicle of _gary_825) moved wrongly! 0.4900000000000091
[01:43:47] [Server thread/WARN]: Acacia Boat (vehicle of _gary_825) moved wrongly! 0.4900000000000091
[01:43:47] [Server thread/WARN]: Acacia Boat (vehicle of _gary_825) moved wrongly! 0.337334043462306
[01:43:48] [Server thread/WARN]: Acacia Boat (vehicle of _gary_825) moved wrongly! 0.4900000000000091
[01:43:48] [Server thread/WARN]: Acacia Boat (vehicle of _gary_825) moved wrongly! 0.4900000000000091
[01:43:48] [Server thread/WARN]: Acacia Boat (vehicle of _gary_825) moved wrongly! 0.4900000000000091
[01:43:48] [Server thread/WARN]: Acacia Boat (vehicle of _gary_825) moved wrongly! 0.337334043462306
[01:43:49] [Server thread/WARN]: Acacia Boat (vehicle of _gary_825) moved wrongly! 0.837334043462306
[01:43:49] [Server thread/WARN]: Acacia Boat (vehicle of _gary_825) moved wrongly! 0.4900000000000091
[01:43:49] [Server thread/WARN]: Acacia Boat (vehicle of _gary_825) moved wrongly! 0.29840039859573153
[01:43:50] [Server thread/WARN]: Acacia Boat (vehicle of _gary_825) moved wrongly! 0.44657816072367496
[01:43:50] [Server thread/WARN]: Acacia Boat (vehicle of _gary_825) moved wrongly! 0.4900000000000091
[01:43:50] [Server thread/WARN]: Acacia Boat (vehicle of _gary_825) moved wrongly! 0.9900000000000091
[01:43:50] [Server thread/WARN]: Acacia Boat (vehicle of _gary_825) moved wrongly! 0.4900000000000091
[01:43:51] [Server thread/WARN]: Acacia Boat (vehicle of _gary_825) moved wrongly! 0.6584004272059474
[01:43:51] [Server thread/WARN]: Acacia Boat (vehicle of _gary_825) moved wrongly! 0.4900000000000091
[01:43:51] [Server thread/WARN]: Acacia Boat (vehicle of _gary_825) moved wrongly! 0.29840039859573153
[01:43:52] [Server thread/WARN]: Acacia Boat (vehicle of _gary_825) moved wrongly! 0.4900000000000091
[01:43:52] [Server thread/WARN]: Acacia Boat (vehicle of _gary_825) moved wrongly! 0.9900000000000091
[01:43:52] [Server thread/WARN]: Acacia Boat (vehicle of _gary_825) moved wrongly! 0.4900000000000091
[01:43:52] [Server thread/WARN]: Acacia Boat (vehicle of _gary_825) moved wrongly! 0.4900000000000091
[01:43:52] [Server thread/WARN]: Acacia Boat (vehicle of _gary_825) moved wrongly! 0.9900000000000091
[01:43:52] [Server thread/WARN]: Acacia Boat (vehicle of _gary_825) moved wrongly! 0.4900000000000091
[01:43:53] [Server thread/WARN]: Acacia Boat (vehicle of _gary_825) moved wrongly! 0.6584004272059474
[01:43:53] [Server thread/WARN]: Acacia Boat (vehicle of _gary_825) moved wrongly! 0.4900000000000091
[01:43:53] [Server thread/WARN]: Acacia Boat (vehicle of _gary_825) moved wrongly! 0.29840039859573153
[01:43:54] [Server thread/WARN]: Acacia Boat (vehicle of _gary_825) moved wrongly! 0.4900000000000091
[01:43:54] [Server thread/WARN]: Acacia Boat (vehicle of _gary_825) moved wrongly! 0.9900000000000091
[01:43:54] [Server thread/WARN]: Acacia Boat (vehicle of _gary_825) moved wrongly! 0.4900000000000091
[01:43:54] [Server thread/WARN]: Acacia Boat (vehicle of _gary_825) moved wrongly! 0.6584004272059474
[01:43:54] [Server thread/WARN]: Acacia Boat (vehicle of _gary_825) moved wrongly! 0.4900000000000091
[01:43:55] [Server thread/WARN]: Acacia Boat (vehicle of _gary_825) moved wrongly! 0.29840039859573153
[01:43:55] [Server thread/WARN]: Acacia Boat (vehicle of _gary_825) moved wrongly! 0.29840039859573153
[01:43:56] [Server thread/WARN]: Acacia Boat (vehicle of _gary_825) moved wrongly! 0.4900000000000091
[01:43:56] [Server thread/WARN]: Acacia Boat (vehicle of _gary_825) moved wrongly! 0.4900000000000091
[01:43:56] [Server thread/WARN]: Acacia Boat (vehicle of _gary_825) moved wrongly! 0.4900000000000091
[01:43:56] [Server thread/WARN]: Acacia Boat (vehicle of _gary_825) moved wrongly! 0.4900000000000091
[01:43:56] [Server thread/WARN]: Acacia Boat (vehicle of _gary_825) moved wrongly! 0.337334043462306
[01:43:57] [Server thread/WARN]: Acacia Boat (vehicle of _gary_825) moved wrongly! 0.4900000000000091
[01:43:57] [Server thread/WARN]: Acacia Boat (vehicle of _gary_825) moved wrongly! 0.4900000000000091
[01:43:57] [Server thread/WARN]: Acacia Boat (vehicle of _gary_825) moved wrongly! 0.4900000000000091
[01:43:57] [Server thread/WARN]: Acacia Boat (vehicle of _gary_825) moved wrongly! 0.337334043462306
[01:43:58] [Server thread/WARN]: Acacia Boat (vehicle of _gary_825) moved wrongly! 0.4900000000000091
[01:43:58] [Server thread/WARN]: Acacia Boat (vehicle of _gary_825) moved wrongly! 0.4900000000000091
[01:43:58] [Server thread/WARN]: Acacia Boat (vehicle of _gary_825) moved wrongly! 0.4900000000000091
[01:43:58] [Server thread/WARN]: Acacia Boat (vehicle of _gary_825) moved wrongly! 0.337334043462306
[01:43:58] [Server thread/WARN]: Acacia Boat (vehicle of _gary_825) moved wrongly! 0.337334043462306
[01:43:59] [Server thread/WARN]: Acacia Boat (vehicle of _gary_825) moved wrongly! 0.4900000000000091
[01:43:59] [Server thread/WARN]: Acacia Boat (vehicle of _gary_825) moved wrongly! 0.4900000000000091
[01:43:59] [Server thread/WARN]: Acacia Boat (vehicle of _gary_825) moved wrongly! 0.4900000000000091
[01:43:59] [Server thread/WARN]: Acacia Boat (vehicle of _gary_825) moved wrongly! 0.4900000000000091
[01:43:59] [Server thread/WARN]: Acacia Boat (vehicle of _gary_825) moved wrongly! 0.337334043462306
[01:44:00] [Server thread/WARN]: Acacia Boat (vehicle of _gary_825) moved wrongly! 0.4900000000000091
[01:44:00] [Server thread/WARN]: Acacia Boat (vehicle of _gary_825) moved wrongly! 0.4900000000000091
[01:44:00] [Server thread/WARN]: Acacia Boat (vehicle of _gary_825) moved wrongly! 0.4900000000000091
[01:44:00] [Server thread/WARN]: Acacia Boat (vehicle of _gary_825) moved wrongly! 0.337334043462306
[01:44:01] [Server thread/WARN]: Acacia Boat (vehicle of _gary_825) moved wrongly! 0.4900000000000091
[01:44:01] [Server thread/WARN]: Acacia Boat (vehicle of _gary_825) moved wrongly! 0.4900000000000091
[01:44:01] [Server thread/WARN]: Acacia Boat (vehicle of _gary_825) moved wrongly! 0.4900000000000091
[01:44:01] [Server thread/WARN]: Acacia Boat (vehicle of _gary_825) moved wrongly! 0.337334043462306
[01:44:02] [Server thread/WARN]: Acacia Boat (vehicle of _gary_825) moved wrongly! 0.4900000000000091
[01:44:02] [Server thread/WARN]: Acacia Boat (vehicle of _gary_825) moved wrongly! 0.4900000000000091
[01:44:02] [Server thread/WARN]: Acacia Boat (vehicle of _gary_825) moved wrongly! 0.4900000000000091
[01:44:02] [Server thread/WARN]: Acacia Boat (vehicle of _gary_825) moved wrongly! 0.337334043462306
[01:44:03] [Server thread/WARN]: Acacia Boat (vehicle of _gary_825) moved wrongly! 0.337334043462306
[01:44:03] [Server thread/WARN]: Acacia Boat (vehicle of _gary_825) moved wrongly! 0.4900000000000091
[01:44:03] [Server thread/WARN]: Acacia Boat (vehicle of _gary_825) moved wrongly! 0.4900000000000091
[01:44:03] [Server thread/WARN]: Acacia Boat (vehicle of _gary_825) moved wrongly! 0.4900000000000091
[01:44:03] [Server thread/WARN]: Acacia Boat (vehicle of _gary_825) moved wrongly! 0.4900000000000091
[01:44:03] [Server thread/WARN]: Acacia Boat (vehicle of _gary_825) moved wrongly! 0.4900000000000091
[01:44:03] [Server thread/WARN]: Acacia Boat (vehicle of _gary_825) moved wrongly! 0.4900000000000091
[01:44:03] [Server thread/WARN]: Acacia Boat (vehicle of _gary_825) moved wrongly! 0.4900000000000091
[01:44:04] [Server thread/WARN]: Acacia Boat (vehicle of _gary_825) moved wrongly! 0.6584004272059474
[01:44:04] [Server thread/WARN]: Acacia Boat (vehicle of _gary_825) moved wrongly! 0.4900000000000091
[01:44:04] [Server thread/WARN]: Acacia Boat (vehicle of _gary_825) moved wrongly! 0.4900000000000091
[01:44:04] [Server thread/WARN]: Acacia Boat (vehicle of _gary_825) moved wrongly! 0.4900000000000091
[01:44:04] [Server thread/WARN]: Acacia Boat (vehicle of _gary_825) moved wrongly! 0.4900000000000091
[01:44:04] [Server thread/WARN]: Acacia Boat (vehicle of _gary_825) moved wrongly! 0.4900000000000091
[01:44:04] [Server thread/WARN]: Acacia Boat (vehicle of _gary_825) moved wrongly! 0.4900000000000091
[01:44:04] [Server thread/WARN]: Acacia Boat (vehicle of _gary_825) moved wrongly! 0.4900000000000091
[01:44:05] [Server thread/WARN]: Acacia Boat (vehicle of _gary_825) moved wrongly! 0.9900000000000091
[01:44:05] [Server thread/WARN]: Acacia Boat (vehicle of _gary_825) moved wrongly! 0.4900000000000091
[01:44:05] [Server thread/WARN]: Acacia Boat (vehicle of _gary_825) moved wrongly! 0.29840039859573153
[01:44:05] [Server thread/WARN]: Acacia Boat (vehicle of _gary_825) moved wrongly! 0.4900000000000091
[01:44:06] [Server thread/WARN]: Acacia Boat (vehicle of _gary_825) moved wrongly! 0.9900000000000091
[01:44:06] [Server thread/WARN]: Acacia Boat (vehicle of _gary_825) moved wrongly! 0.4900000000000091
[01:44:06] [Server thread/WARN]: Acacia Boat (vehicle of _gary_825) moved wrongly! 0.29840039859573153
[01:44:07] [Server thread/WARN]: Acacia Boat (vehicle of _gary_825) moved wrongly! 0.4373340673041639
[01:44:07] [Server thread/WARN]: Acacia Boat (vehicle of _gary_825) moved wrongly! 0.4900000000000091
[01:44:07] [Server thread/WARN]: Acacia Boat (vehicle of _gary_825) moved wrongly! 0.9900000000000091
[01:44:07] [Server thread/WARN]: Acacia Boat (vehicle of _gary_825) moved wrongly! 0.4900000000000091
[01:44:08] [Server thread/WARN]: Acacia Boat (vehicle of _gary_825) moved wrongly! 0.29840039859573153
[01:44:08] [Server thread/WARN]: Acacia Boat (vehicle of _gary_825) moved wrongly! 0.4900000000000091
[01:44:08] [Server thread/WARN]: Acacia Boat (vehicle of _gary_825) moved wrongly! 0.9900000000000091
[01:44:08] [Server thread/WARN]: Acacia Boat (vehicle of _gary_825) moved wrongly! 0.4900000000000091
[01:44:09] [Server thread/WARN]: Acacia Boat (vehicle of _gary_825) moved wrongly! 0.29840039859573153
[01:44:09] [Server thread/WARN]: Acacia Boat (vehicle of _gary_825) moved wrongly! 0.4900000000000091
[01:44:09] [Server thread/WARN]: Acacia Boat (vehicle of _gary_825) moved wrongly! 0.9900000000000091
[01:44:09] [Server thread/WARN]: Acacia Boat (vehicle of _gary_825) moved wrongly! 0.4900000000000091
[01:44:10] [Server thread/WARN]: Acacia Boat (vehicle of _gary_825) moved wrongly! 0.29840039859573153
[01:44:10] [Server thread/WARN]: Acacia Boat (vehicle of _gary_825) moved wrongly! 0.29840039859573153
[01:44:11] [Server thread/WARN]: Acacia Boat (vehicle of _gary_825) moved wrongly! 0.4900000000000091
[01:44:11] [Server thread/WARN]: Acacia Boat (vehicle of _gary_825) moved wrongly! 0.4900000000000091
[01:44:11] [Server thread/WARN]: Acacia Boat (vehicle of _gary_825) moved wrongly! 0.4900000000000091
[01:44:11] [Server thread/WARN]: Acacia Boat (vehicle of _gary_825) moved wrongly! 0.337334043462306
[01:44:12] [Server thread/WARN]: Acacia Boat (vehicle of _gary_825) moved wrongly! 0.4900000000000091
[01:44:12] [Server thread/WARN]: Acacia Boat (vehicle of _gary_825) moved wrongly! 0.4900000000000091
[01:44:12] [Server thread/WARN]: Acacia Boat (vehicle of _gary_825) moved wrongly! 0.4900000000000091
[01:44:12] [Server thread/WARN]: Acacia Boat (vehicle of _gary_825) moved wrongly! 0.337334043462306
[01:44:13] [Server thread/WARN]: Acacia Boat (vehicle of _gary_825) moved wrongly! 0.4900000000000091
[01:44:13] [Server thread/WARN]: Acacia Boat (vehicle of _gary_825) moved wrongly! 0.4900000000000091
[01:44:13] [Server thread/WARN]: Acacia Boat (vehicle of _gary_825) moved wrongly! 0.4900000000000091
[01:44:13] [Server thread/WARN]: Acacia Boat (vehicle of _gary_825) moved wrongly! 0.337334043462306
[01:44:14] [Server thread/WARN]: Acacia Boat (vehicle of _gary_825) moved wrongly! 0.4900000000000091
[01:44:14] [Server thread/WARN]: Acacia Boat (vehicle of _gary_825) moved wrongly! 0.4900000000000091
[01:44:14] [Server thread/WARN]: Acacia Boat (vehicle of _gary_825) moved wrongly! 0.4900000000000091
[01:44:14] [Server thread/WARN]: Acacia Boat (vehicle of _gary_825) moved wrongly! 0.337334043462306
[01:44:15] [Server thread/WARN]: Acacia Boat (vehicle of _gary_825) moved wrongly! 0.4900000000000091
[01:44:15] [Server thread/WARN]: Acacia Boat (vehicle of _gary_825) moved wrongly! 0.4900000000000091
[01:44:15] [Server thread/WARN]: Acacia Boat (vehicle of _gary_825) moved wrongly! 0.4900000000000091
[01:44:15] [Server thread/WARN]: Acacia Boat (vehicle of _gary_825) moved wrongly! 0.337334043462306
[01:44:15] [Server thread/WARN]: Acacia Boat (vehicle of _gary_825) moved wrongly! 0.337334043462306
[01:44:16] [Server thread/WARN]: Acacia Boat (vehicle of _gary_825) moved wrongly! 0.4900000000000091
[01:44:16] [Server thread/WARN]: Acacia Boat (vehicle of _gary_825) moved wrongly! 0.4900000000000091
[01:44:16] [Server thread/WARN]: Acacia Boat (vehicle of _gary_825) moved wrongly! 0.4900000000000091
[01:44:16] [Server thread/WARN]: Acacia Boat (vehicle of _gary_825) moved wrongly! 0.4900000000000091
[01:44:16] [Server thread/WARN]: Acacia Boat (vehicle of _gary_825) moved wrongly! 0.337334043462306
[01:44:17] [Server thread/WARN]: Acacia Boat (vehicle of _gary_825) moved wrongly! 0.4900000000000091
[01:44:17] [Server thread/WARN]: Acacia Boat (vehicle of _gary_825) moved wrongly! 0.4900000000000091
[01:44:17] [Server thread/WARN]: Acacia Boat (vehicle of _gary_825) moved wrongly! 0.4900000000000091
[01:44:17] [Server thread/WARN]: Acacia Boat (vehicle of _gary_825) moved wrongly! 0.337334043462306
[01:44:18] [Server thread/WARN]: Acacia Boat (vehicle of _gary_825) moved wrongly! 0.837334043462306
[01:44:18] [Server thread/WARN]: Acacia Boat (vehicle of _gary_825) moved wrongly! 0.4900000000000091
[01:44:18] [Server thread/WARN]: Acacia Boat (vehicle of _gary_825) moved wrongly! 0.4900000000000091
[01:44:18] [Server thread/WARN]: Acacia Boat (vehicle of _gary_825) moved wrongly! 0.9900000000000091
[01:44:18] [Server thread/WARN]: Acacia Boat (vehicle of _gary_825) moved wrongly! 0.4900000000000091
[01:44:19] [Server thread/WARN]: Acacia Boat (vehicle of _gary_825) moved wrongly! 0.29840039859573153
[01:44:19] [Server thread/WARN]: Acacia Boat (vehicle of _gary_825) moved wrongly! 0.4900000000000091
[01:44:19] [Server thread/WARN]: Acacia Boat (vehicle of _gary_825) moved wrongly! 0.4900000000000091
[01:44:19] [Server thread/WARN]: Acacia Boat (vehicle of _gary_825) moved wrongly! 0.4900000000000091
[01:44:19] [Server thread/WARN]: Acacia Boat (vehicle of _gary_825) moved wrongly! 0.4900000000000091
[01:44:20] [Server thread/WARN]: Acacia Boat (vehicle of _gary_825) moved wrongly! 0.44657816072367496
[01:44:20] [Server thread/WARN]: Acacia Boat (vehicle of _gary_825) moved wrongly! 0.4900000000000091
[01:44:20] [Server thread/WARN]: Acacia Boat (vehicle of _gary_825) moved wrongly! 0.4900000000000091
[01:44:20] [Server thread/WARN]: Acacia Boat (vehicle of _gary_825) moved wrongly! 0.4900000000000091
[01:44:20] [Server thread/WARN]: Acacia Boat (vehicle of _gary_825) moved wrongly! 0.4900000000000091
[01:44:21] [Server thread/WARN]: Acacia Boat (vehicle of _gary_825) moved wrongly! 0.6584004272059474
[01:44:21] [Server thread/WARN]: Acacia Boat (vehicle of _gary_825) moved wrongly! 0.4900000000000091
[01:44:21] [Server thread/WARN]: Acacia Boat (vehicle of _gary_825) moved wrongly! 0.29840039859573153
[01:44:22] [Server thread/WARN]: Acacia Boat (vehicle of _gary_825) moved wrongly! 0.4900000000000091
[01:44:22] [Server thread/WARN]: Acacia Boat (vehicle of _gary_825) moved wrongly! 0.9900000000000091
[01:44:22] [Server thread/WARN]: Acacia Boat (vehicle of _gary_825) moved wrongly! 0.4900000000000091
[01:44:22] [Server thread/WARN]: Acacia Boat (vehicle of _gary_825) moved wrongly! 0.29840039859573153
[01:44:23] [Server thread/WARN]: Acacia Boat (vehicle of _gary_825) moved wrongly! 0.4900000000000091
[01:44:23] [Server thread/WARN]: Acacia Boat (vehicle of _gary_825) moved wrongly! 0.9900000000000091
[01:44:23] [Server thread/WARN]: Acacia Boat (vehicle of _gary_825) moved wrongly! 0.4900000000000091
[01:44:23] [Server thread/WARN]: Acacia Boat (vehicle of _gary_825) moved wrongly! 0.29840039859573153
[01:44:23] [Server thread/WARN]: Acacia Boat (vehicle of _gary_825) moved wrongly! 0.29840039859573153
[01:44:24] [Server thread/WARN]: Acacia Boat (vehicle of _gary_825) moved wrongly! 0.837334043462306
[01:44:25] [Server thread/WARN]: Acacia Boat (vehicle of _gary_825) moved wrongly! 0.4139999456406258
[01:44:25] [Server thread/WARN]: Acacia Boat (vehicle of _gary_825) moved wrongly! 0.4139999456406258
[01:44:25] [Server thread/WARN]: Acacia Boat (vehicle of _gary_825) moved wrongly! 0.337334043462306
[01:44:26] [Server thread/WARN]: Acacia Boat (vehicle of _gary_825) moved wrongly! 0.4900000000000091
[01:44:26] [Server thread/WARN]: Acacia Boat (vehicle of _gary_825) moved wrongly! 0.4900000000000091
[01:44:26] [Server thread/WARN]: Acacia Boat (vehicle of _gary_825) moved wrongly! 0.4900000000000091
[01:44:27] [Server thread/WARN]: Acacia Boat (vehicle of _gary_825) moved wrongly! 0.4900000000000091
[01:44:27] [Server thread/WARN]: Acacia Boat (vehicle of _gary_825) moved wrongly! 0.4900000000000091
[01:44:27] [Server thread/WARN]: Acacia Boat (vehicle of _gary_825) moved wrongly! 0.4900000000000091
[01:44:27] [Server thread/WARN]: Acacia Boat (vehicle of _gary_825) moved wrongly! 0.337334043462306
[01:44:28] [Server thread/WARN]: Acacia Boat (vehicle of _gary_825) moved wrongly! 0.4900000000000091
[01:44:28] [Server thread/WARN]: Acacia Boat (vehicle of _gary_825) moved wrongly! 0.4900000000000091
[01:44:28] [Server thread/WARN]: Acacia Boat (vehicle of _gary_825) moved wrongly! 0.4900000000000091
[01:44:28] [Server thread/WARN]: Acacia Boat (vehicle of _gary_825) moved wrongly! 0.337334043462306
[01:44:29] [Server thread/WARN]: Acacia Boat (vehicle of _gary_825) moved wrongly! 0.4900000000000091
[01:44:29] [Server thread/WARN]: Acacia Boat (vehicle of _gary_825) moved wrongly! 0.4900000000000091
[01:44:29] [Server thread/WARN]: Acacia Boat (vehicle of _gary_825) moved wrongly! 0.4900000000000091
[01:44:29] [Server thread/WARN]: Acacia Boat (vehicle of _gary_825) moved wrongly! 0.337334043462306
[01:44:30] [Server thread/WARN]: Acacia Boat (vehicle of _gary_825) moved wrongly! 0.4900000000000091
[01:44:30] [Server thread/WARN]: Acacia Boat (vehicle of _gary_825) moved wrongly! 0.4900000000000091
[01:44:30] [Server thread/WARN]: Acacia Boat (vehicle of _gary_825) moved wrongly! 0.4900000000000091
[01:44:30] [Server thread/WARN]: Acacia Boat (vehicle of _gary_825) moved wrongly! 0.337334043462306
[01:44:31] [Server thread/WARN]: Acacia Boat (vehicle of _gary_825) moved wrongly! 0.337334043462306
[01:44:31] [Server thread/WARN]: Acacia Boat (vehicle of _gary_825) moved wrongly! 0.4900000000000091
[01:44:31] [Server thread/WARN]: Acacia Boat (vehicle of _gary_825) moved wrongly! 0.4900000000000091
[01:44:31] [Server thread/WARN]: Acacia Boat (vehicle of _gary_825) moved wrongly! 0.6584004272059474
[01:44:31] [Server thread/WARN]: Acacia Boat (vehicle of _gary_825) moved wrongly! 0.4900000000000091
[01:44:32] [Server thread/WARN]: Acacia Boat (vehicle of _gary_825) moved wrongly! 0.6584004272059474
[01:44:32] [Server thread/WARN]: Acacia Boat (vehicle of _gary_825) moved wrongly! 0.4900000000000091
[01:44:32] [Server thread/WARN]: Acacia Boat (vehicle of _gary_825) moved wrongly! 0.29840039859573153
[01:44:32] [Server thread/WARN]: Acacia Boat (vehicle of _gary_825) moved wrongly! 0.4900000000000091
[01:44:33] [Server thread/WARN]: Acacia Boat (vehicle of _gary_825) moved wrongly! 0.9900000000000091
[01:44:33] [Server thread/WARN]: Acacia Boat (vehicle of _gary_825) moved wrongly! 0.4900000000000091
[01:44:33] [Server thread/WARN]: Acacia Boat (vehicle of _gary_825) moved wrongly! 0.29840039859573153
[01:44:33] [Server thread/WARN]: Acacia Boat (vehicle of _gary_825) moved wrongly! 0.29840039859573153
[01:44:34] [Server thread/WARN]: Acacia Boat (vehicle of _gary_825) moved wrongly! 0.4900000000000091
[01:44:34] [Server thread/WARN]: Acacia Boat (vehicle of _gary_825) moved wrongly! 0.9900000000000091
[01:44:34] [Server thread/WARN]: Acacia Boat (vehicle of _gary_825) moved wrongly! 0.4900000000000091
[01:44:34] [Server thread/WARN]: Acacia Boat (vehicle of _gary_825) moved wrongly! 0.29840039859573153
[01:44:35] [Server thread/WARN]: Acacia Boat (vehicle of _gary_825) moved wrongly! 0.4900000000000091
[01:44:35] [Server thread/WARN]: Acacia Boat (vehicle of _gary_825) moved wrongly! 0.9900000000000091
[01:44:35] [Server thread/WARN]: Acacia Boat (vehicle of _gary_825) moved wrongly! 0.4900000000000091
[01:44:35] [Server thread/WARN]: Acacia Boat (vehicle of _gary_825) moved wrongly! 0.29840039859573153
[01:44:35] [Server thread/WARN]: Acacia Boat (vehicle of _gary_825) moved wrongly! 0.29840039859573153
[01:44:36] [Server thread/WARN]: Acacia Boat (vehicle of _gary_825) moved wrongly! 0.6984003747538736
[01:44:37] [Server thread/WARN]: Acacia Boat (vehicle of _gary_825) moved wrongly! 0.3419999442101016
[01:44:37] [Server thread/WARN]: Acacia Boat (vehicle of _gary_825) moved wrongly! 0.3419999442101016
[01:44:38] [Server thread/WARN]: Acacia Boat (vehicle of _gary_825) moved wrongly! 0.4900000000000091
[01:44:38] [Server thread/WARN]: Acacia Boat (vehicle of _gary_825) moved wrongly! 0.4900000000000091
[01:44:38] [Server thread/WARN]: Acacia Boat (vehicle of _gary_825) moved wrongly! 0.4900000000000091
[01:44:38] [Server thread/WARN]: Acacia Boat (vehicle of _gary_825) moved wrongly! 0.337334043462306
[01:44:39] [Server thread/WARN]: Acacia Boat (vehicle of _gary_825) moved wrongly! 0.4900000000000091
[01:44:39] [Server thread/WARN]: Acacia Boat (vehicle of _gary_825) moved wrongly! 0.4900000000000091
[01:44:39] [Server thread/WARN]: Acacia Boat (vehicle of _gary_825) moved wrongly! 0.4900000000000091
[01:44:40] [Server thread/WARN]: Acacia Boat (vehicle of _gary_825) moved wrongly! 0.4900000000000091
[01:44:40] [Server thread/WARN]: Acacia Boat (vehicle of _gary_825) moved wrongly! 0.4900000000000091
[01:44:40] [Server thread/WARN]: Acacia Boat (vehicle of _gary_825) moved wrongly! 0.4900000000000091
[01:44:41] [Server thread/WARN]: Acacia Boat (vehicle of _gary_825) moved wrongly! 0.4900000000000091
[01:44:41] [Server thread/WARN]: Acacia Boat (vehicle of _gary_825) moved wrongly! 0.4900000000000091
[01:44:41] [Server thread/WARN]: Acacia Boat (vehicle of _gary_825) moved wrongly! 0.4900000000000091
[01:44:41] [Server thread/WARN]: Acacia Boat (vehicle of _gary_825) moved wrongly! 0.4373340673041639
[01:44:41] [Server thread/WARN]: Acacia Boat (vehicle of _gary_825) moved wrongly! 0.4373340673041639
[01:44:42] [Server thread/WARN]: Acacia Boat (vehicle of _gary_825) moved wrongly! 0.337334043462306
[01:44:42] [Server thread/WARN]: Acacia Boat (vehicle of _gary_825) moved wrongly! 0.337334043462306
[01:44:42] [Server thread/WARN]: Acacia Boat (vehicle of _gary_825) moved wrongly! 0.4900000000000091
[01:44:42] [Server thread/WARN]: Acacia Boat (vehicle of _gary_825) moved wrongly! 0.4900000000000091
[01:44:42] [Server thread/WARN]: Acacia Boat (vehicle of _gary_825) moved wrongly! 0.4900000000000091
[01:44:42] [Server thread/WARN]: Acacia Boat (vehicle of _gary_825) moved wrongly! 0.4900000000000091
[01:44:43] [Server thread/WARN]: Acacia Boat (vehicle of _gary_825) moved wrongly! 0.9900000000000091
[01:44:43] [Server thread/WARN]: Acacia Boat (vehicle of _gary_825) moved wrongly! 0.4900000000000091
[01:44:43] [Server thread/WARN]: Acacia Boat (vehicle of _gary_825) moved wrongly! 0.4900000000000091
[01:44:43] [Server thread/WARN]: Acacia Boat (vehicle of _gary_825) moved wrongly! 0.4900000000000091
[01:44:44] [Server thread/WARN]: Acacia Boat (vehicle of _gary_825) moved wrongly! 0.4373340673041639
[01:44:44] [Server thread/WARN]: Acacia Boat (vehicle of _gary_825) moved wrongly! 0.4373340673041639
[01:44:45] [Server thread/WARN]: Acacia Boat (vehicle of _gary_825) moved wrongly! 0.9900000000000091
[01:44:45] [Server thread/WARN]: Acacia Boat (vehicle of _gary_825) moved wrongly! 0.9900000000000091
[01:44:46] [Server thread/WARN]: Acacia Boat (vehicle of _gary_825) moved wrongly! 0.6984003747538736
[01:44:46] [Server thread/WARN]: Acacia Boat (vehicle of _gary_825) moved wrongly! 0.4900000000000091
[01:44:46] [Server thread/WARN]: Acacia Boat (vehicle of _gary_825) moved wrongly! 0.4900000000000091
[01:44:46] [Server thread/WARN]: Acacia Boat (vehicle of _gary_825) moved wrongly! 0.4900000000000091
[01:44:46] [Server thread/WARN]: Acacia Boat (vehicle of _gary_825) moved wrongly! 0.9900000000000091
[01:44:46] [Server thread/WARN]: Acacia Boat (vehicle of _gary_825) moved wrongly! 0.4900000000000091
[01:44:47] [Server thread/WARN]: Acacia Boat (vehicle of _gary_825) moved wrongly! 0.29840039859573153
[01:44:47] [Server thread/WARN]: Acacia Boat (vehicle of _gary_825) moved wrongly! 0.4900000000000091
[01:44:47] [Server thread/WARN]: Acacia Boat (vehicle of _gary_825) moved wrongly! 0.9900000000000091
[01:44:47] [Server thread/WARN]: Acacia Boat (vehicle of _gary_825) moved wrongly! 0.4900000000000091
[01:44:48] [Server thread/WARN]: Acacia Boat (vehicle of _gary_825) moved wrongly! 0.4900000000000091
[01:44:48] [Server thread/WARN]: Acacia Boat (vehicle of _gary_825) moved wrongly! 0.9900000000000091
[01:44:48] [Server thread/WARN]: Acacia Boat (vehicle of _gary_825) moved wrongly! 0.4900000000000091
[01:44:49] [Server thread/WARN]: Acacia Boat (vehicle of _gary_825) moved wrongly! 0.6584004272059474
[01:44:49] [Server thread/WARN]: Acacia Boat (vehicle of _gary_825) moved wrongly! 0.4900000000000091
[01:44:49] [Server thread/WARN]: Acacia Boat (vehicle of _gary_825) moved wrongly! 0.29840039859573153
[01:44:50] [Server thread/WARN]: Acacia Boat (vehicle of _gary_825) moved wrongly! 0.4900000000000091
[01:44:50] [Server thread/WARN]: Acacia Boat (vehicle of _gary_825) moved wrongly! 0.9900000000000091
[01:44:50] [Server thread/WARN]: Acacia Boat (vehicle of _gary_825) moved wrongly! 0.4900000000000091
[01:44:50] [Server thread/WARN]: Acacia Boat (vehicle of _gary_825) moved wrongly! 0.6584004272059474
[01:44:50] [Server thread/WARN]: Acacia Boat (vehicle of _gary_825) moved wrongly! 0.6584004272059474
[01:44:51] [Server thread/WARN]: Acacia Boat (vehicle of _gary_825) moved wrongly! 0.29840039859573153
[01:44:51] [Server thread/WARN]: Acacia Boat (vehicle of _gary_825) moved wrongly! 0.9900000000000091
[01:44:53] [Server thread/WARN]: Acacia Boat (vehicle of _gary_825) moved wrongly! 0.6984003747538736
[01:44:53] [Server thread/WARN]: Acacia Boat (vehicle of _gary_825) moved wrongly! 0.4900000000000091
[01:44:53] [Server thread/WARN]: Acacia Boat (vehicle of _gary_825) moved wrongly! 0.4745931782463231
[01:44:54] [Server thread/WARN]: Acacia Boat (vehicle of _gary_825) moved wrongly! 0.4900000000000091
[01:44:54] [Server thread/WARN]: Acacia Boat (vehicle of _gary_825) moved wrongly! 0.4900000000000091
[01:44:54] [Server thread/WARN]: Acacia Boat (vehicle of _gary_825) moved wrongly! 0.4900000000000091
[01:44:54] [Server thread/WARN]: Acacia Boat (vehicle of _gary_825) moved wrongly! 0.4373340673041639
[01:44:54] [Server thread/WARN]: Acacia Boat (vehicle of _gary_825) moved wrongly! 0.4373340673041639
[01:44:55] [Server thread/WARN]: Acacia Boat (vehicle of _gary_825) moved wrongly! 0.4373340673041639
[01:44:55] [Server thread/WARN]: Acacia Boat (vehicle of _gary_825) moved wrongly! 0.4373340673041639
[01:44:56] [Server thread/WARN]: Acacia Boat (vehicle of _gary_825) moved wrongly! 0.4900000000000091
[01:44:56] [Server thread/WARN]: Acacia Boat (vehicle of _gary_825) moved wrongly! 0.4900000000000091
[01:44:56] [Server thread/WARN]: Acacia Boat (vehicle of _gary_825) moved wrongly! 0.4900000000000091
[01:44:56] [Server thread/WARN]: Acacia Boat (vehicle of _gary_825) moved wrongly! 0.4373340673041639
[01:44:56] [Server thread/WARN]: Acacia Boat (vehicle of _gary_825) moved wrongly! 0.4373340673041639
[01:44:57] [Server thread/WARN]: Acacia Boat (vehicle of _gary_825) moved wrongly! 0.4373340673041639
[01:44:57] [Server thread/WARN]: Acacia Boat (vehicle of _gary_825) moved wrongly! 0.4373340673041639
[01:44:57] [Server thread/WARN]: Acacia Boat (vehicle of _gary_825) moved wrongly! 0.4900000000000091
[01:44:57] [Server thread/WARN]: Acacia Boat (vehicle of _gary_825) moved wrongly! 0.4900000000000091
[01:44:57] [Server thread/WARN]: Acacia Boat (vehicle of _gary_825) moved wrongly! 0.4900000000000091
[01:44:57] [Server thread/WARN]: Acacia Boat (vehicle of _gary_825) moved wrongly! 0.4900000000000091
[01:44:57] [Server thread/WARN]: Acacia Boat (vehicle of _gary_825) moved wrongly! 0.4900000000000091
[01:44:57] [Server thread/WARN]: Acacia Boat (vehicle of _gary_825) moved wrongly! 0.4900000000000091
[01:44:58] [Server thread/WARN]: Acacia Boat (vehicle of _gary_825) moved wrongly! 0.3688901606960826
[01:44:58] [Server thread/WARN]: Acacia Boat (vehicle of _gary_825) moved wrongly! 0.3688901606960826
[01:44:58] [Server thread/WARN]: Acacia Boat (vehicle of _gary_825) moved wrongly! 0.4900000000000091
[01:44:58] [Server thread/WARN]: Acacia Boat (vehicle of _gary_825) moved wrongly! 0.4900000000000091
[01:44:58] [Server thread/WARN]: Acacia Boat (vehicle of _gary_825) moved wrongly! 0.4900000000000091
[01:44:58] [Server thread/WARN]: Acacia Boat (vehicle of _gary_825) moved wrongly! 0.4900000000000091
[01:44:59] [Server thread/WARN]: Acacia Boat (vehicle of _gary_825) moved wrongly! 0.44657816072367496
[01:44:59] [Server thread/WARN]: Acacia Boat (vehicle of _gary_825) moved wrongly! 0.44657816072367496
[01:44:59] [Server thread/WARN]: Acacia Boat (vehicle of _gary_825) moved wrongly! 0.44657816072367496
[01:44:59] [Server thread/WARN]: Acacia Boat (vehicle of _gary_825) moved wrongly! 0.4900000000000091
[01:45:00] [Server thread/WARN]: Acacia Boat (vehicle of _gary_825) moved wrongly! 0.9900000000000091
[01:45:00] [Server thread/WARN]: Acacia Boat (vehicle of _gary_825) moved wrongly! 0.4900000000000091
[01:45:00] [Server thread/WARN]: Acacia Boat (vehicle of _gary_825) moved wrongly! 0.4900000000000091
[01:45:00] [Server thread/WARN]: Acacia Boat (vehicle of _gary_825) moved wrongly! 0.4900000000000091
[01:45:01] [Server thread/WARN]: Acacia Boat (vehicle of _gary_825) moved wrongly! 0.4373340673041639
[01:45:01] [Server thread/WARN]: Acacia Boat (vehicle of _gary_825) moved wrongly! 0.4900000000000091
[01:45:01] [Server thread/WARN]: Acacia Boat (vehicle of _gary_825) moved wrongly! 0.9900000000000091
[01:45:01] [Server thread/WARN]: Acacia Boat (vehicle of _gary_825) moved wrongly! 0.4900000000000091
[01:45:02] [Server thread/WARN]: Acacia Boat (vehicle of _gary_825) moved wrongly! 0.4373340673041639
[01:45:02] [Server thread/WARN]: Acacia Boat (vehicle of _gary_825) moved wrongly! 0.4900000000000091
[01:45:03] [Server thread/WARN]: Acacia Boat (vehicle of _gary_825) moved wrongly! 0.9900000000000091
[01:45:03] [Server thread/WARN]: Acacia Boat (vehicle of _gary_825) moved wrongly! 0.4900000000000091
[01:45:03] [Server thread/WARN]: Acacia Boat (vehicle of _gary_825) moved wrongly! 0.6584004272059474
[01:45:03] [Server thread/WARN]: Acacia Boat (vehicle of _gary_825) moved wrongly! 0.4900000000000091
[01:45:04] [Server thread/WARN]: Acacia Boat (vehicle of _gary_825) moved wrongly! 0.6584004272059474
[01:45:04] [Server thread/WARN]: Acacia Boat (vehicle of _gary_825) moved wrongly! 0.6584004272059474
[01:45:04] [Server thread/WARN]: Acacia Boat (vehicle of _gary_825) moved wrongly! 0.29840039859573153
[01:45:04] [Server thread/WARN]: Acacia Boat (vehicle of _gary_825) moved wrongly! 0.29840039859573153
[01:45:04] [Server thread/WARN]: Acacia Boat (vehicle of _gary_825) moved wrongly! 0.4900000000000091
[01:45:05] [Server thread/WARN]: Acacia Boat (vehicle of _gary_825) moved wrongly! 0.4900000000000091
[01:45:05] [Server thread/WARN]: Acacia Boat (vehicle of _gary_825) moved wrongly! 0.4900000000000091
[01:45:05] [Server thread/WARN]: Acacia Boat (vehicle of _gary_825) moved wrongly! 0.4900000000000091
[01:45:06] [Server thread/WARN]: Acacia Boat (vehicle of _gary_825) moved wrongly! 0.4900000000000091
[01:45:06] [Server thread/WARN]: Acacia Boat (vehicle of _gary_825) moved wrongly! 0.4900000000000091
[01:45:06] [Server thread/WARN]: Acacia Boat (vehicle of _gary_825) moved wrongly! 0.4900000000000091
[01:45:07] [Server thread/WARN]: Acacia Boat (vehicle of _gary_825) moved wrongly! 0.837334043462306
[01:45:08] [Server thread/WARN]: Acacia Boat (vehicle of _gary_825) moved wrongly! 0.337334043462306
[01:45:08] [Server thread/WARN]: Acacia Boat (vehicle of _gary_825) moved wrongly! 0.4900000000000091
[01:45:08] [Server thread/WARN]: Acacia Boat (vehicle of _gary_825) moved wrongly! 0.4900000000000091
[01:45:08] [Server thread/WARN]: Acacia Boat (vehicle of _gary_825) moved wrongly! 0.4900000000000091
[01:45:09] [Server thread/WARN]: Acacia Boat (vehicle of _gary_825) moved wrongly! 0.4373340673041639
[01:45:09] [Server thread/WARN]: Acacia Boat (vehicle of _gary_825) moved wrongly! 0.4373340673041639
[01:45:10] [Server thread/WARN]: Acacia Boat (vehicle of _gary_825) moved wrongly! 0.4900000000000091
[01:45:10] [Server thread/WARN]: Acacia Boat (vehicle of _gary_825) moved wrongly! 0.4900000000000091
[01:45:10] [Server thread/WARN]: Acacia Boat (vehicle of _gary_825) moved wrongly! 0.4900000000000091
[01:45:10] [Server thread/WARN]: Acacia Boat (vehicle of _gary_825) moved wrongly! 0.4900000000000091
[01:45:11] [Server thread/WARN]: Acacia Boat (vehicle of _gary_825) moved wrongly! 0.4900000000000091
[01:45:11] [Server thread/WARN]: Acacia Boat (vehicle of _gary_825) moved wrongly! 0.4900000000000091
[01:45:11] [Server thread/WARN]: Acacia Boat (vehicle of _gary_825) moved wrongly! 0.4900000000000091
[01:45:11] [Server thread/WARN]: Acacia Boat (vehicle of _gary_825) moved wrongly! 0.4373340673041639
[01:45:11] [Server thread/WARN]: Acacia Boat (vehicle of _gary_825) moved wrongly! 0.4373340673041639
[01:45:12] [Server thread/WARN]: Acacia Boat (vehicle of _gary_825) moved wrongly! 0.337334043462306
[01:45:12] [Server thread/WARN]: Acacia Boat (vehicle of _gary_825) moved wrongly! 0.337334043462306
[01:45:12] [Server thread/WARN]: Acacia Boat (vehicle of _gary_825) moved wrongly! 0.4900000000000091
[01:45:12] [Server thread/WARN]: Acacia Boat (vehicle of _gary_825) moved wrongly! 0.4900000000000091
[01:45:12] [Server thread/WARN]: Acacia Boat (vehicle of _gary_825) moved wrongly! 0.4900000000000091
[01:45:12] [Server thread/WARN]: Acacia Boat (vehicle of _gary_825) moved wrongly! 0.4900000000000091
[01:45:13] [Server thread/WARN]: Acacia Boat (vehicle of _gary_825) moved wrongly! 0.4900000000000091
[01:45:13] [Server thread/WARN]: Acacia Boat (vehicle of _gary_825) moved wrongly! 0.4900000000000091
[01:45:13] [Server thread/WARN]: Acacia Boat (vehicle of _gary_825) moved wrongly! 0.4900000000000091
[01:45:13] [Server thread/WARN]: Acacia Boat (vehicle of _gary_825) moved wrongly! 0.4900000000000091
[01:45:13] [Server thread/WARN]: Acacia Boat (vehicle of _gary_825) moved wrongly! 0.4900000000000091
[01:45:13] [Server thread/WARN]: Acacia Boat (vehicle of _gary_825) moved wrongly! 0.4900000000000091
[01:45:13] [Server thread/WARN]: Acacia Boat (vehicle of _gary_825) moved wrongly! 0.4900000000000091
[01:45:13] [Server thread/WARN]: Acacia Boat (vehicle of _gary_825) moved wrongly! 0.4900000000000091
[01:45:13] [Server thread/WARN]: Acacia Boat (vehicle of _gary_825) moved wrongly! 0.4900000000000091
[01:45:14] [Server thread/WARN]: Acacia Boat (vehicle of _gary_825) moved wrongly! 0.44657816072367496
[01:45:14] [Server thread/WARN]: Acacia Boat (vehicle of _gary_825) moved wrongly! 0.4373340673041639
[01:45:14] [Server thread/WARN]: Acacia Boat (vehicle of _gary_825) moved wrongly! 0.4373340673041639
[01:45:15] [Server thread/WARN]: Acacia Boat (vehicle of _gary_825) moved wrongly! 0.4373340673041639
[01:45:15] [Server thread/WARN]: Acacia Boat (vehicle of _gary_825) moved wrongly! 0.4373340673041639
[01:45:15] [Server thread/WARN]: Acacia Boat (vehicle of _gary_825) moved wrongly! 0.4373340673041639
[01:45:15] [Server thread/WARN]: Acacia Boat (vehicle of _gary_825) moved wrongly! 0.4373340673041639
[01:45:16] [Server thread/WARN]: Acacia Boat (vehicle of _gary_825) moved wrongly! 0.4373340673041639
[01:45:16] [Server thread/WARN]: Acacia Boat (vehicle of _gary_825) moved wrongly! 0.4900000000000091
[01:45:16] [Server thread/WARN]: Acacia Boat (vehicle of _gary_825) moved wrongly! 0.9900000000000091
[01:45:16] [Server thread/WARN]: Acacia Boat (vehicle of _gary_825) moved wrongly! 0.4900000000000091
[01:45:17] [Server thread/WARN]: Acacia Boat (vehicle of _gary_825) moved wrongly! 0.29840039859573153
[01:45:17] [Server thread/WARN]: Acacia Boat (vehicle of _gary_825) moved wrongly! 0.29840039859573153
[01:45:17] [Server thread/WARN]: Acacia Boat (vehicle of _gary_825) moved wrongly! 0.9900000000000091
[01:45:17] [Server thread/WARN]: Acacia Boat (vehicle of _gary_825) moved wrongly! 0.9900000000000091
[01:45:18] [Server thread/WARN]: Acacia Boat (vehicle of _gary_825) moved wrongly! 0.6984003747538736
[01:45:18] [Server thread/WARN]: Acacia Boat (vehicle of _gary_825) moved wrongly! 0.4900000000000091
[01:45:19] [Server thread/WARN]: Acacia Boat (vehicle of _gary_825) moved wrongly! 0.4900000000000091
[01:45:19] [Server thread/WARN]: Acacia Boat (vehicle of _gary_825) moved wrongly! 0.4900000000000091
[01:45:19] [Server thread/WARN]: Acacia Boat (vehicle of _gary_825) moved wrongly! 0.4900000000000091
[01:45:20] [Server thread/WARN]: Acacia Boat (vehicle of _gary_825) moved wrongly! 0.6984003747538736
[01:45:20] [Server thread/WARN]: Acacia Boat (vehicle of _gary_825) moved wrongly! 0.4900000000000091
[01:45:21] [Server thread/WARN]: Acacia Boat (vehicle of _gary_825) moved wrongly! 0.29840039859573153
[01:45:21] [Server thread/WARN]: Acacia Boat (vehicle of _gary_825) moved wrongly! 0.29840039859573153
[01:45:21] [Server thread/WARN]: Acacia Boat (vehicle of _gary_825) moved wrongly! 0.337334043462306
[01:45:22] [Server thread/WARN]: Acacia Boat (vehicle of _gary_825) moved wrongly! 0.837334043462306
[01:45:22] [Server thread/WARN]: Acacia Boat (vehicle of _gary_825) moved wrongly! 0.4900000000000091
[01:45:22] [Server thread/WARN]: Acacia Boat (vehicle of _gary_825) moved wrongly! 0.29840039859573153
[01:45:22] [Server thread/WARN]: Acacia Boat (vehicle of _gary_825) moved wrongly! 0.29840039859573153
[01:45:23] [Server thread/WARN]: Acacia Boat (vehicle of _gary_825) moved wrongly! 0.7419999203682437
[01:45:23] [Server thread/WARN]: Acacia Boat (vehicle of _gary_825) moved wrongly! 0.7419999203682437
[01:45:24] [Server thread/WARN]: Acacia Boat (vehicle of _gary_825) moved wrongly! 0.337334043462306
[01:45:24] [Server thread/WARN]: Acacia Boat (vehicle of _gary_825) moved wrongly! 0.837334043462306
[01:45:24] [Server thread/WARN]: Acacia Boat (vehicle of _gary_825) moved wrongly! 0.4900000000000091
[01:45:25] [Server thread/WARN]: Acacia Boat (vehicle of _gary_825) moved wrongly! 0.4900000000000091
[01:45:25] [Server thread/WARN]: Acacia Boat (vehicle of _gary_825) moved wrongly! 0.4900000000000091
[01:45:25] [Server thread/WARN]: Acacia Boat (vehicle of _gary_825) moved wrongly! 0.4900000000000091
[01:45:25] [Server thread/WARN]: Acacia Boat (vehicle of _gary_825) moved wrongly! 0.4373340673041639
[01:45:25] [Server thread/WARN]: Acacia Boat (vehicle of _gary_825) moved wrongly! 0.4373340673041639
[01:45:26] [Server thread/WARN]: Acacia Boat (vehicle of _gary_825) moved wrongly! 0.337334043462306
[01:45:26] [Server thread/WARN]: Acacia Boat (vehicle of _gary_825) moved wrongly! 0.837334043462306
[01:45:26] [Server thread/WARN]: Acacia Boat (vehicle of _gary_825) moved wrongly! 0.4900000000000091
[01:45:27] [Server thread/WARN]: Acacia Boat (vehicle of _gary_825) moved wrongly! 0.4373340673041639
[01:45:27] [Server thread/WARN]: Acacia Boat (vehicle of _gary_825) moved wrongly! 0.4373340673041639
[01:45:28] [Server thread/WARN]: Acacia Boat (vehicle of _gary_825) moved wrongly! 0.4373340673041639
[01:45:28] [Server thread/WARN]: Acacia Boat (vehicle of _gary_825) moved wrongly! 0.4900000000000091
[01:45:28] [Server thread/WARN]: Acacia Boat (vehicle of _gary_825) moved wrongly! 0.9900000000000091
[01:45:28] [Server thread/WARN]: Acacia Boat (vehicle of _gary_825) moved wrongly! 0.4900000000000091
[01:45:28] [Server thread/WARN]: Acacia Boat (vehicle of _gary_825) moved wrongly! 0.4900000000000091
[01:45:29] [Server thread/WARN]: Acacia Boat (vehicle of _gary_825) moved wrongly! 0.4900000000000091
[01:45:29] [Server thread/WARN]: Acacia Boat (vehicle of _gary_825) moved wrongly! 0.9900000000000091
[01:45:29] [Server thread/WARN]: Acacia Boat (vehicle of _gary_825) moved wrongly! 0.4900000000000091
[01:45:29] [Server thread/WARN]: Acacia Boat (vehicle of _gary_825) moved wrongly! 0.6584004272059474
[01:45:29] [Server thread/WARN]: Acacia Boat (vehicle of _gary_825) moved wrongly! 0.4900000000000091
[01:45:29] [Server thread/WARN]: Acacia Boat (vehicle of _gary_825) moved wrongly! 0.4900000000000091
[01:45:29] [Server thread/WARN]: Acacia Boat (vehicle of _gary_825) moved wrongly! 0.4900000000000091
[01:45:30] [Server thread/WARN]: Acacia Boat (vehicle of _gary_825) moved wrongly! 0.9900000000000091
[01:45:30] [Server thread/WARN]: Acacia Boat (vehicle of _gary_825) moved wrongly! 0.4900000000000091
[01:45:31] [Server thread/WARN]: Acacia Boat (vehicle of _gary_825) moved wrongly! 0.4373340673041639
[01:45:31] [Server thread/WARN]: Acacia Boat (vehicle of _gary_825) moved wrongly! 0.4900000000000091
[01:45:32] [Server thread/WARN]: Acacia Boat (vehicle of _gary_825) moved wrongly! 0.9900000000000091
[01:45:32] [Server thread/WARN]: Acacia Boat (vehicle of _gary_825) moved wrongly! 0.4900000000000091
[01:45:32] [Server thread/WARN]: Acacia Boat (vehicle of _gary_825) moved wrongly! 0.29840039859573153
[01:45:33] [Server thread/WARN]: Acacia Boat (vehicle of _gary_825) moved wrongly! 0.4900000000000091
[01:45:33] [Server thread/WARN]: Acacia Boat (vehicle of _gary_825) moved wrongly! 0.9900000000000091
[01:45:33] [Server thread/WARN]: Acacia Boat (vehicle of _gary_825) moved wrongly! 0.4900000000000091
[01:45:33] [Server thread/WARN]: Acacia Boat (vehicle of _gary_825) moved wrongly! 0.6584004272059474
[01:45:33] [Server thread/WARN]: Acacia Boat (vehicle of _gary_825) moved wrongly! 0.4900000000000091
[01:45:34] [Server thread/WARN]: Acacia Boat (vehicle of _gary_825) moved wrongly! 0.6584004272059474
[01:45:34] [Server thread/WARN]: Acacia Boat (vehicle of _gary_825) moved wrongly! 0.6584004272059474
[01:45:34] [Server thread/WARN]: Acacia Boat (vehicle of _gary_825) moved wrongly! 0.4900000000000091
[01:45:34] [Server thread/WARN]: Acacia Boat (vehicle of _gary_825) moved wrongly! 0.9900000000000091
[01:45:34] [Server thread/WARN]: Acacia Boat (vehicle of _gary_825) moved wrongly! 0.4900000000000091
[01:45:35] [Server thread/WARN]: Acacia Boat (vehicle of _gary_825) moved wrongly! 0.29840039859573153
[01:45:35] [Server thread/WARN]: Acacia Boat (vehicle of _gary_825) moved wrongly! 0.9900000000000091
[01:45:36] [Server thread/WARN]: Acacia Boat (vehicle of _gary_825) moved wrongly! 0.337334043462306
[01:45:36] [Server thread/WARN]: Acacia Boat (vehicle of _gary_825) moved wrongly! 0.337334043462306
[01:45:37] [Server thread/WARN]: Acacia Boat (vehicle of _gary_825) moved wrongly! 0.4900000000000091
[01:45:37] [Server thread/WARN]: Acacia Boat (vehicle of _gary_825) moved wrongly! 0.4900000000000091
[01:45:37] [Server thread/WARN]: Acacia Boat (vehicle of _gary_825) moved wrongly! 0.4900000000000091
[01:45:37] [Server thread/WARN]: Acacia Boat (vehicle of _gary_825) moved wrongly! 0.4900000000000091
[01:45:37] [Server thread/WARN]: Acacia Boat (vehicle of _gary_825) moved wrongly! 0.4373340673041639
[01:45:37] [Server thread/WARN]: Acacia Boat (vehicle of _gary_825) moved wrongly! 0.4373340673041639
[01:45:37] [Server thread/WARN]: Acacia Boat (vehicle of _gary_825) moved wrongly! 0.4900000000000091
[01:45:38] [Server thread/WARN]: Acacia Boat (vehicle of _gary_825) moved wrongly! 0.9900000000000091
[01:45:38] [Server thread/WARN]: Acacia Boat (vehicle of _gary_825) moved wrongly! 0.4900000000000091
[01:45:38] [Server thread/WARN]: Acacia Boat (vehicle of _gary_825) moved wrongly! 0.4900000000000091
[01:45:39] [Server thread/WARN]: Acacia Boat (vehicle of _gary_825) moved wrongly! 0.4900000000000091
[01:45:39] [Server thread/WARN]: Acacia Boat (vehicle of _gary_825) moved wrongly! 0.4900000000000091
[01:45:39] [Server thread/WARN]: Acacia Boat (vehicle of _gary_825) moved wrongly! 0.4900000000000091
[01:45:39] [Server thread/WARN]: Acacia Boat (vehicle of _gary_825) moved wrongly! 0.4373340673041639
[01:45:39] [Server thread/WARN]: Acacia Boat (vehicle of _gary_825) moved wrongly! 0.4373340673041639
[01:45:40] [Server thread/WARN]: Acacia Boat (vehicle of _gary_825) moved wrongly! 0.837334043462306
[01:45:42] [Server thread/WARN]: Acacia Boat (vehicle of _gary_825) moved wrongly! 0.337334043462306
[01:45:42] [Server thread/WARN]: Acacia Boat (vehicle of _gary_825) moved wrongly! 0.837334043462306
[01:45:42] [Server thread/WARN]: Acacia Boat (vehicle of _gary_825) moved wrongly! 0.4900000000000091
[01:45:42] [Server thread/WARN]: Acacia Boat (vehicle of _gary_825) moved wrongly! 0.29840039859573153
[01:45:42] [Server thread/WARN]: Acacia Boat (vehicle of _gary_825) moved wrongly! 0.29840039859573153
[01:45:43] [Server thread/WARN]: Acacia Boat (vehicle of _gary_825) moved wrongly! 0.4373340673041639
[01:45:43] [Server thread/WARN]: Acacia Boat (vehicle of _gary_825) moved wrongly! 0.4373340673041639
[01:45:43] [Server thread/WARN]: Acacia Boat (vehicle of _gary_825) moved wrongly! 0.6584004272059474
[01:45:43] [Server thread/WARN]: Acacia Boat (vehicle of _gary_825) moved wrongly! 0.4900000000000091
[01:45:43] [Server thread/WARN]: Acacia Boat (vehicle of _gary_825) moved wrongly! 0.4900000000000091
[01:45:43] [Server thread/WARN]: Acacia Boat (vehicle of _gary_825) moved wrongly! 0.4900000000000091
[01:45:43] [Server thread/WARN]: Acacia Boat (vehicle of _gary_825) moved wrongly! 0.4900000000000091
[01:45:44] [Server thread/WARN]: Acacia Boat (vehicle of _gary_825) moved wrongly! 0.9900000000000091
[01:45:44] [Server thread/WARN]: Acacia Boat (vehicle of _gary_825) moved wrongly! 0.4900000000000091
[01:45:44] [Server thread/WARN]: Acacia Boat (vehicle of _gary_825) moved wrongly! 0.4900000000000091
[01:45:44] [Server thread/WARN]: Acacia Boat (vehicle of _gary_825) moved wrongly! 0.4900000000000091
[01:45:44] [Server thread/WARN]: Acacia Boat (vehicle of _gary_825) moved wrongly! 0.4900000000000091
[01:45:45] [Server thread/WARN]: Acacia Boat (vehicle of _gary_825) moved wrongly! 0.4900000000000091
[01:45:45] [Server thread/WARN]: Acacia Boat (vehicle of _gary_825) moved wrongly! 0.4900000000000091
[01:45:45] [Server thread/WARN]: Acacia Boat (vehicle of _gary_825) moved wrongly! 0.4900000000000091
[01:45:45] [Server thread/WARN]: Acacia Boat (vehicle of _gary_825) moved wrongly! 0.4900000000000091
[01:45:45] [Server thread/WARN]: Acacia Boat (vehicle of _gary_825) moved wrongly! 0.4900000000000091
[01:45:45] [Server thread/WARN]: Acacia Boat (vehicle of _gary_825) moved wrongly! 0.9900000000000091
[01:45:45] [Server thread/WARN]: Acacia Boat (vehicle of _gary_825) moved wrongly! 0.4900000000000091
[01:45:46] [Server thread/WARN]: Acacia Boat (vehicle of _gary_825) moved wrongly! 0.6584004272059474
[01:45:46] [Server thread/WARN]: Acacia Boat (vehicle of _gary_825) moved wrongly! 0.4900000000000091
[01:45:46] [Server thread/WARN]: Acacia Boat (vehicle of _gary_825) moved wrongly! 0.4900000000000091
[01:45:46] [Server thread/WARN]: Acacia Boat (vehicle of _gary_825) moved wrongly! 0.9900000000000091
[01:45:46] [Server thread/WARN]: Acacia Boat (vehicle of _gary_825) moved wrongly! 0.4900000000000091
[01:45:47] [Server thread/WARN]: Acacia Boat (vehicle of _gary_825) moved wrongly! 0.5750402226684628
[01:45:47] [Server thread/WARN]: Acacia Boat (vehicle of _gary_825) moved wrongly! 0.4900000000000091
[01:45:47] [Server thread/WARN]: Acacia Boat (vehicle of _gary_825) moved wrongly! 0.4900000000000091
[01:45:47] [Server thread/WARN]: Acacia Boat (vehicle of _gary_825) moved wrongly! 0.9900000000000091
[01:45:47] [Server thread/WARN]: Acacia Boat (vehicle of _gary_825) moved wrongly! 0.4900000000000091
[01:45:48] [Server thread/WARN]: Acacia Boat (vehicle of _gary_825) moved wrongly! 0.4900000000000091
[01:45:48] [Server thread/WARN]: Acacia Boat (vehicle of _gary_825) moved wrongly! 0.9900000000000091
[01:45:48] [Server thread/WARN]: Acacia Boat (vehicle of _gary_825) moved wrongly! 0.4900000000000091
[01:45:49] [Server thread/WARN]: Acacia Boat (vehicle of _gary_825) moved wrongly! 0.29840039859573153
[01:45:49] [Server thread/WARN]: Acacia Boat (vehicle of _gary_825) moved wrongly! 0.29840039859573153
[01:45:50] [Server thread/WARN]: Acacia Boat (vehicle of _gary_825) moved wrongly! 0.4900000000000091
[01:45:50] [Server thread/WARN]: Acacia Boat (vehicle of _gary_825) moved wrongly! 0.4900000000000091
[01:45:50] [Server thread/WARN]: Acacia Boat (vehicle of _gary_825) moved wrongly! 0.4900000000000091
[01:45:50] [Server thread/WARN]: Acacia Boat (vehicle of _gary_825) moved wrongly! 0.337334043462306
[01:45:51] [Server thread/WARN]: Acacia Boat (vehicle of _gary_825) moved wrongly! 0.337334043462306
[01:45:51] [Server thread/WARN]: Acacia Boat (vehicle of _gary_825) moved wrongly! 0.4900000000000091
[01:45:51] [Server thread/WARN]: Acacia Boat (vehicle of _gary_825) moved wrongly! 0.4900000000000091
[01:45:51] [Server thread/WARN]: Acacia Boat (vehicle of _gary_825) moved wrongly! 0.4900000000000091
[01:45:51] [Server thread/WARN]: Acacia Boat (vehicle of _gary_825) moved wrongly! 0.4900000000000091
[01:45:51] [Server thread/WARN]: Acacia Boat (vehicle of _gary_825) moved wrongly! 0.4900000000000091
[01:45:51] [Server thread/WARN]: Acacia Boat (vehicle of _gary_825) moved wrongly! 0.4900000000000091
[01:45:51] [Server thread/WARN]: Acacia Boat (vehicle of _gary_825) moved wrongly! 0.4900000000000091
[01:45:51] [Server thread/WARN]: Acacia Boat (vehicle of _gary_825) moved wrongly! 0.4900000000000091
[01:45:51] [Server thread/WARN]: Acacia Boat (vehicle of _gary_825) moved wrongly! 0.4900000000000091
[01:45:52] [Server thread/WARN]: Acacia Boat (vehicle of _gary_825) moved wrongly! 0.9900000000000091
[01:45:52] [Server thread/WARN]: Acacia Boat (vehicle of _gary_825) moved wrongly! 0.9900000000000091
[01:45:52] [Server thread/WARN]: Acacia Boat (vehicle of _gary_825) moved wrongly! 0.4900000000000091
[01:45:52] [Server thread/WARN]: Acacia Boat (vehicle of _gary_825) moved wrongly! 0.4900000000000091
[01:45:52] [Server thread/WARN]: Acacia Boat (vehicle of _gary_825) moved wrongly! 0.9900000000000091
[01:45:52] [Server thread/WARN]: Acacia Boat (vehicle of _gary_825) moved wrongly! 0.4900000000000091
[01:45:53] [Server thread/WARN]: Acacia Boat (vehicle of _gary_825) moved wrongly! 0.44657816072367496
[01:45:53] [Server thread/WARN]: Acacia Boat (vehicle of _gary_825) moved wrongly! 0.44657816072367496
[01:45:53] [Server thread/WARN]: Acacia Boat (vehicle of _gary_825) moved wrongly! 0.4900000000000091
[01:45:53] [Server thread/WARN]: Acacia Boat (vehicle of _gary_825) moved wrongly! 0.9900000000000091
[01:45:53] [Server thread/WARN]: Acacia Boat (vehicle of _gary_825) moved wrongly! 0.4900000000000091
[01:45:53] [Server thread/WARN]: Acacia Boat (vehicle of _gary_825) moved wrongly! 0.4900000000000091
[01:45:54] [Server thread/WARN]: Acacia Boat (vehicle of _gary_825) moved wrongly! 0.9900000000000091
[01:45:54] [Server thread/WARN]: Acacia Boat (vehicle of _gary_825) moved wrongly! 0.9900000000000091
[01:45:54] [Server thread/WARN]: Acacia Boat (vehicle of _gary_825) moved wrongly! 0.29840039859573153
[01:45:54] [Server thread/WARN]: Acacia Boat (vehicle of _gary_825) moved wrongly! 0.29840039859573153
[01:45:55] [Server thread/WARN]: Acacia Boat (vehicle of _gary_825) moved wrongly! 0.9900000000000091
[01:45:55] [Server thread/WARN]: Acacia Boat (vehicle of _gary_825) moved wrongly! 0.9900000000000091
[01:45:55] [Server thread/WARN]: Acacia Boat (vehicle of _gary_825) moved wrongly! 0.29840039859573153
[01:45:55] [Server thread/WARN]: Acacia Boat (vehicle of _gary_825) moved wrongly! 0.29840039859573153
[01:45:55] [Server thread/WARN]: Acacia Boat (vehicle of _gary_825) moved wrongly! 0.4900000000000091
[01:45:56] [Server thread/WARN]: Acacia Boat (vehicle of _gary_825) moved wrongly! 0.9900000000000091
[01:45:56] [Server thread/WARN]: Acacia Boat (vehicle of _gary_825) moved wrongly! 0.4900000000000091
[01:45:56] [Server thread/WARN]: Acacia Boat (vehicle of _gary_825) moved wrongly! 0.4900000000000091
[01:45:56] [Server thread/WARN]: Acacia Boat (vehicle of _gary_825) moved wrongly! 0.9900000000000091
[01:45:56] [Server thread/WARN]: Acacia Boat (vehicle of _gary_825) moved wrongly! 0.9900000000000091
[01:45:57] [Server thread/WARN]: Acacia Boat (vehicle of _gary_825) moved wrongly! 0.4900000000000091
[01:45:57] [Server thread/WARN]: Acacia Boat (vehicle of _gary_825) moved wrongly! 0.4900000000000091
[01:45:57] [Server thread/WARN]: Acacia Boat (vehicle of _gary_825) moved wrongly! 0.4900000000000091
[01:45:57] [Server thread/WARN]: Acacia Boat (vehicle of _gary_825) moved wrongly! 0.4900000000000091
[01:45:58] [Server thread/WARN]: Acacia Boat (vehicle of _gary_825) moved wrongly! 0.9900000000000091
[01:45:58] [Server thread/WARN]: Acacia Boat (vehicle of _gary_825) moved wrongly! 0.4900000000000091
[01:45:58] [Server thread/WARN]: Acacia Boat (vehicle of _gary_825) moved wrongly! 0.4900000000000091
[01:45:58] [Server thread/WARN]: Acacia Boat (vehicle of _gary_825) moved wrongly! 0.4900000000000091
[01:45:58] [Server thread/WARN]: Acacia Boat (vehicle of _gary_825) moved wrongly! 0.4900000000000091
[01:45:58] [Server thread/WARN]: Acacia Boat (vehicle of _gary_825) moved wrongly! 0.4900000000000091
[01:45:58] [Server thread/WARN]: Acacia Boat (vehicle of _gary_825) moved wrongly! 0.4900000000000091
[01:45:58] [Server thread/WARN]: Acacia Boat (vehicle of _gary_825) moved wrongly! 0.4900000000000091
[01:45:58] [Server thread/WARN]: Acacia Boat (vehicle of _gary_825) moved wrongly! 0.4900000000000091
[01:45:59] [Server thread/WARN]: Acacia Boat (vehicle of _gary_825) moved wrongly! 0.4900000000000091
[01:45:59] [Server thread/WARN]: Acacia Boat (vehicle of _gary_825) moved wrongly! 0.4900000000000091
[01:45:59] [Server thread/WARN]: Acacia Boat (vehicle of _gary_825) moved wrongly! 0.4900000000000091
[01:45:59] [Server thread/WARN]: Acacia Boat (vehicle of _gary_825) moved wrongly! 0.4900000000000091
[01:45:59] [Server thread/WARN]: Acacia Boat (vehicle of _gary_825) moved wrongly! 0.4900000000000091
[01:45:59] [Server thread/WARN]: Acacia Boat (vehicle of _gary_825) moved wrongly! 0.9900000000000091
[01:45:59] [Server thread/WARN]: Acacia Boat (vehicle of _gary_825) moved wrongly! 0.4900000000000091
[01:45:59] [Server thread/WARN]: Acacia Boat (vehicle of _gary_825) moved wrongly! 0.4900000000000091
[01:45:59] [Server thread/WARN]: Acacia Boat (vehicle of _gary_825) moved wrongly! 0.4900000000000091
[01:46:00] [Server thread/WARN]: Acacia Boat (vehicle of _gary_825) moved wrongly! 0.9900000000000091
[01:46:00] [Server thread/WARN]: Acacia Boat (vehicle of _gary_825) moved wrongly! 0.4900000000000091
[01:46:00] [Server thread/WARN]: Acacia Boat (vehicle of _gary_825) moved wrongly! 0.4900000000000091
[01:46:00] [Server thread/WARN]: Acacia Boat (vehicle of _gary_825) moved wrongly! 0.4900000000000091
[01:46:00] [Server thread/WARN]: Acacia Boat (vehicle of _gary_825) moved wrongly! 0.9900000000000091
[01:46:00] [Server thread/WARN]: Acacia Boat (vehicle of _gary_825) moved wrongly! 0.4900000000000091
[01:46:00] [Server thread/WARN]: Acacia Boat (vehicle of _gary_825) moved wrongly! 0.4900000000000091
[01:46:00] [Server thread/WARN]: Acacia Boat (vehicle of _gary_825) moved wrongly! 0.4900000000000091
[01:46:01] [Server thread/WARN]: Acacia Boat (vehicle of _gary_825) moved wrongly! 0.337334043462306
[01:46:01] [Server thread/WARN]: Acacia Boat (vehicle of _gary_825) moved wrongly! 0.837334043462306
[01:46:01] [Server thread/WARN]: Acacia Boat (vehicle of _gary_825) moved wrongly! 0.4900000000000091
[01:46:01] [Server thread/WARN]: Acacia Boat (vehicle of _gary_825) moved wrongly! 0.4900000000000091
[01:46:02] [Server thread/WARN]: Acacia Boat (vehicle of _gary_825) moved wrongly! 0.9900000000000091
[01:46:02] [Server thread/WARN]: Acacia Boat (vehicle of _gary_825) moved wrongly! 0.9900000000000091
[01:46:02] [Server thread/WARN]: Acacia Boat (vehicle of _gary_825) moved wrongly! 0.3419999442101016
[01:46:02] [Server thread/WARN]: Acacia Boat (vehicle of _gary_825) moved wrongly! 0.3419999442101016
[01:46:03] [Server thread/WARN]: Acacia Boat (vehicle of _gary_825) moved wrongly! 0.9900000000000091
[01:46:03] [Server thread/WARN]: Acacia Boat (vehicle of _gary_825) moved wrongly! 0.9900000000000091
[01:46:03] [Server thread/WARN]: Acacia Boat (vehicle of _gary_825) moved wrongly! 0.29840039859573153
[01:46:03] [Server thread/WARN]: Acacia Boat (vehicle of _gary_825) moved wrongly! 0.29840039859573153
[01:46:04] [Server thread/WARN]: Acacia Boat (vehicle of _gary_825) moved wrongly! 0.4373340673041639
[01:46:04] [Server thread/WARN]: Acacia Boat (vehicle of _gary_825) moved wrongly! 0.4373340673041639
[01:46:04] [Server thread/WARN]: Acacia Boat (vehicle of _gary_825) moved wrongly! 0.4900000000000091
[01:46:04] [Server thread/WARN]: Acacia Boat (vehicle of _gary_825) moved wrongly! 0.9900000000000091
[01:46:04] [Server thread/WARN]: Acacia Boat (vehicle of _gary_825) moved wrongly! 0.4900000000000091
[01:46:04] [Server thread/WARN]: Acacia Boat (vehicle of _gary_825) moved wrongly! 0.4900000000000091
[01:46:04] [Server thread/WARN]: Acacia Boat (vehicle of _gary_825) moved wrongly! 0.4900000000000091
[01:46:05] [Server thread/WARN]: Acacia Boat (vehicle of _gary_825) moved wrongly! 0.4900000000000091
[01:46:05] [Server thread/WARN]: Acacia Boat (vehicle of _gary_825) moved wrongly! 0.4900000000000091
[01:46:05] [Server thread/WARN]: Acacia Boat (vehicle of _gary_825) moved wrongly! 0.4900000000000091
[01:46:05] [Server thread/WARN]: Acacia Boat (vehicle of _gary_825) moved wrongly! 0.4900000000000091
[01:46:05] [Server thread/WARN]: Acacia Boat (vehicle of _gary_825) moved wrongly! 0.4900000000000091
[01:46:05] [Server thread/WARN]: Acacia Boat (vehicle of _gary_825) moved wrongly! 0.4900000000000091
[01:46:05] [Server thread/WARN]: Acacia Boat (vehicle of _gary_825) moved wrongly! 0.4900000000000091
[01:46:05] [Server thread/WARN]: Acacia Boat (vehicle of _gary_825) moved wrongly! 0.4900000000000091
[01:46:05] [Server thread/WARN]: Acacia Boat (vehicle of _gary_825) moved wrongly! 0.4900000000000091
[01:46:06] [Server thread/WARN]: Acacia Boat (vehicle of _gary_825) moved wrongly! 0.9900000000000091
[01:46:06] [Server thread/WARN]: Acacia Boat (vehicle of _gary_825) moved wrongly! 0.9900000000000091
[01:46:06] [Server thread/WARN]: Acacia Boat (vehicle of _gary_825) moved wrongly! 0.29840039859573153
[01:46:06] [Server thread/WARN]: Acacia Boat (vehicle of _gary_825) moved wrongly! 0.29840039859573153
[01:46:07] [Server thread/WARN]: Acacia Boat (vehicle of _gary_825) moved wrongly! 0.4373340673041639
[01:46:07] [Server thread/WARN]: Acacia Boat (vehicle of _gary_825) moved wrongly! 0.4373340673041639
[01:46:07] [Server thread/WARN]: Acacia Boat (vehicle of _gary_825) moved wrongly! 0.4373340673041639
[01:46:07] [Server thread/WARN]: Acacia Boat (vehicle of _gary_825) moved wrongly! 0.4373340673041639
[01:46:07] [Server thread/WARN]: Acacia Boat (vehicle of _gary_825) moved wrongly! 0.4900000000000091
[01:46:08] [Server thread/WARN]: Acacia Boat (vehicle of _gary_825) moved wrongly! 0.9900000000000091
[01:46:08] [Server thread/WARN]: Acacia Boat (vehicle of _gary_825) moved wrongly! 0.4900000000000091
[01:46:08] [Server thread/WARN]: Acacia Boat (vehicle of _gary_825) moved wrongly! 0.4900000000000091
[01:46:08] [Server thread/WARN]: Acacia Boat (vehicle of _gary_825) moved wrongly! 0.4900000000000091
[01:46:08] [Server thread/WARN]: Acacia Boat (vehicle of _gary_825) moved wrongly! 0.9900000000000091
[01:46:08] [Server thread/WARN]: Acacia Boat (vehicle of _gary_825) moved wrongly! 0.9900000000000091
[01:46:08] [Server thread/WARN]: Acacia Boat (vehicle of _gary_825) moved wrongly! 0.4900000000000091
[01:46:08] [Server thread/WARN]: Acacia Boat (vehicle of _gary_825) moved wrongly! 0.4900000000000091
[01:46:08] [Server thread/WARN]: Acacia Boat (vehicle of _gary_825) moved wrongly! 0.4900000000000091
[01:46:09] [Server thread/WARN]: Acacia Boat (vehicle of _gary_825) moved wrongly! 0.8688901606960826
[01:46:09] [Server thread/WARN]: Acacia Boat (vehicle of _gary_825) moved wrongly! 0.8688901606960826
[01:46:09] [Server thread/WARN]: Acacia Boat (vehicle of _gary_825) moved wrongly! 0.29840039859573153
[01:46:09] [Server thread/WARN]: Acacia Boat (vehicle of _gary_825) moved wrongly! 0.29840039859573153
[01:46:10] [Server thread/WARN]: Acacia Boat (vehicle of _gary_825) moved wrongly! 0.9900000000000091
[01:46:10] [Server thread/WARN]: Acacia Boat (vehicle of _gary_825) moved wrongly! 0.9900000000000091
[01:46:10] [Server thread/WARN]: Acacia Boat (vehicle of _gary_825) moved wrongly! 0.29840039859573153
[01:46:10] [Server thread/WARN]: Acacia Boat (vehicle of _gary_825) moved wrongly! 0.29840039859573153
[01:46:11] [Server thread/WARN]: Acacia Boat (vehicle of _gary_825) moved wrongly! 0.4900000000000091
[01:46:11] [Server thread/WARN]: Acacia Boat (vehicle of _gary_825) moved wrongly! 0.9900000000000091
[01:46:11] [Server thread/WARN]: Acacia Boat (vehicle of _gary_825) moved wrongly! 0.4900000000000091
[01:46:11] [Server thread/WARN]: Acacia Boat (vehicle of _gary_825) moved wrongly! 0.29840039859573153
[01:46:11] [Server thread/WARN]: Acacia Boat (vehicle of _gary_825) moved wrongly! 0.29840039859573153
[01:46:12] [Server thread/WARN]: Acacia Boat (vehicle of _gary_825) moved wrongly! 0.4373340673041639
[01:46:12] [Server thread/WARN]: Acacia Boat (vehicle of _gary_825) moved wrongly! 0.4373340673041639
[01:46:12] [Server thread/WARN]: Acacia Boat (vehicle of _gary_825) moved wrongly! 0.44657816072367496
[01:46:12] [Server thread/WARN]: Acacia Boat (vehicle of _gary_825) moved wrongly! 0.44657816072367496
[01:46:13] [Server thread/WARN]: Acacia Boat (vehicle of _gary_825) moved wrongly! 0.4900000000000091
[01:46:13] [Server thread/WARN]: Acacia Boat (vehicle of _gary_825) moved wrongly! 0.4900000000000091
[01:46:13] [Server thread/WARN]: Acacia Boat (vehicle of _gary_825) moved wrongly! 0.4900000000000091
[01:46:13] [Server thread/WARN]: Acacia Boat (vehicle of _gary_825) moved wrongly! 0.4900000000000091
[01:46:13] [Server thread/WARN]: Acacia Boat (vehicle of _gary_825) moved wrongly! 0.4900000000000091
[01:46:13] [Server thread/WARN]: Acacia Boat (vehicle of _gary_825) moved wrongly! 0.9900000000000091
[01:46:13] [Server thread/WARN]: Acacia Boat (vehicle of _gary_825) moved wrongly! 0.9900000000000091
[01:46:14] [Server thread/WARN]: Acacia Boat (vehicle of _gary_825) moved wrongly! 0.6984003747538736
[01:46:14] [Server thread/WARN]: Acacia Boat (vehicle of _gary_825) moved wrongly! 0.6984003747538736
[01:46:15] [Server thread/WARN]: Acacia Boat (vehicle of _gary_825) moved wrongly! 0.4900000000000091
[01:46:15] [Server thread/WARN]: Acacia Boat (vehicle of _gary_825) moved wrongly! 0.4900000000000091
[01:46:15] [Server thread/WARN]: Acacia Boat (vehicle of _gary_825) moved wrongly! 0.4900000000000091
[01:46:15] [Server thread/WARN]: Acacia Boat (vehicle of _gary_825) moved wrongly! 0.44657816072367496
[01:46:15] [Server thread/WARN]: Acacia Boat (vehicle of _gary_825) moved wrongly! 0.44657816072367496
[01:46:16] [Server thread/WARN]: Acacia Boat (vehicle of _gary_825) moved wrongly! 0.9900000000000091
[01:46:16] [Server thread/WARN]: Acacia Boat (vehicle of _gary_825) moved wrongly! 0.9900000000000091
[01:46:17] [Server thread/WARN]: Acacia Boat (vehicle of _gary_825) moved wrongly! 0.4900000000000091
[01:46:17] [Server thread/WARN]: Acacia Boat (vehicle of _gary_825) moved wrongly! 0.4900000000000091
[01:46:17] [Server thread/WARN]: Acacia Boat (vehicle of _gary_825) moved wrongly! 0.4900000000000091
[01:46:17] [Server thread/WARN]: Acacia Boat (vehicle of _gary_825) moved wrongly! 0.4373340673041639
[01:46:17] [Server thread/WARN]: Acacia Boat (vehicle of _gary_825) moved wrongly! 0.4373340673041639
[01:46:17] [Server thread/WARN]: Acacia Boat (vehicle of _gary_825) moved wrongly! 0.4900000000000091
[01:46:18] [Server thread/WARN]: Acacia Boat (vehicle of _gary_825) moved wrongly! 0.9900000000000091
[01:46:18] [Server thread/WARN]: Acacia Boat (vehicle of _gary_825) moved wrongly! 0.4900000000000091
[01:46:18] [Server thread/WARN]: Acacia Boat (vehicle of _gary_825) moved wrongly! 0.4900000000000091
[01:46:18] [Server thread/WARN]: Acacia Boat (vehicle of _gary_825) moved wrongly! 0.4900000000000091
[01:46:18] [Server thread/WARN]: Acacia Boat (vehicle of _gary_825) moved wrongly! 0.9900000000000091
[01:46:18] [Server thread/WARN]: Acacia Boat (vehicle of _gary_825) moved wrongly! 0.4900000000000091
[01:46:18] [Server thread/WARN]: Acacia Boat (vehicle of _gary_825) moved wrongly! 0.4900000000000091
[01:46:19] [Server thread/WARN]: Acacia Boat (vehicle of _gary_825) moved wrongly! 0.4900000000000091
[01:46:19] [Server thread/WARN]: Acacia Boat (vehicle of _gary_825) moved wrongly! 0.9900000000000091
[01:46:19] [Server thread/WARN]: Acacia Boat (vehicle of _gary_825) moved wrongly! 0.4900000000000091
[01:46:19] [Server thread/WARN]: Acacia Boat (vehicle of _gary_825) moved wrongly! 0.29840039859573153
[01:46:19] [Server thread/WARN]: Acacia Boat (vehicle of _gary_825) moved wrongly! 0.29840039859573153
[01:46:20] [Server thread/WARN]: Acacia Boat (vehicle of _gary_825) moved wrongly! 0.9900000000000091
[01:46:20] [Server thread/WARN]: Acacia Boat (vehicle of _gary_825) moved wrongly! 0.9900000000000091
[01:46:20] [Server thread/WARN]: Acacia Boat (vehicle of _gary_825) moved wrongly! 0.3419999442101016
[01:46:20] [Server thread/WARN]: Acacia Boat (vehicle of _gary_825) moved wrongly! 0.3419999442101016
[01:46:21] [Server thread/WARN]: Acacia Boat (vehicle of _gary_825) moved wrongly! 0.9900000000000091
[01:46:21] [Server thread/WARN]: Acacia Boat (vehicle of _gary_825) moved wrongly! 0.9900000000000091
[01:46:21] [Server thread/WARN]: Acacia Boat (vehicle of _gary_825) moved wrongly! 0.9900000000000091
[01:46:21] [Server thread/WARN]: Acacia Boat (vehicle of _gary_825) moved wrongly! 0.44657816072367496
[01:46:21] [Server thread/WARN]: Acacia Boat (vehicle of _gary_825) moved wrongly! 0.44657816072367496
[01:46:21] [Server thread/WARN]: Acacia Boat (vehicle of _gary_825) moved wrongly! 0.4900000000000091
[01:46:22] [Server thread/WARN]: Acacia Boat (vehicle of _gary_825) moved wrongly! 0.4900000000000091
[01:46:22] [Server thread/WARN]: Acacia Boat (vehicle of _gary_825) moved wrongly! 0.4900000000000091
[01:46:22] [Server thread/WARN]: Acacia Boat (vehicle of _gary_825) moved wrongly! 0.4900000000000091
[01:46:22] [Server thread/WARN]: Acacia Boat (vehicle of _gary_825) moved wrongly! 0.4900000000000091
[01:46:22] [Server thread/WARN]: Acacia Boat (vehicle of _gary_825) moved wrongly! 0.4900000000000091
[01:46:22] [Server thread/WARN]: Acacia Boat (vehicle of _gary_825) moved wrongly! 0.4900000000000091
[01:46:22] [Server thread/WARN]: Acacia Boat (vehicle of _gary_825) moved wrongly! 0.4900000000000091
[01:46:22] [Server thread/WARN]: Acacia Boat (vehicle of _gary_825) moved wrongly! 0.4900000000000091
[01:46:23] [Server thread/WARN]: Acacia Boat (vehicle of _gary_825) moved wrongly! 0.4373340673041639
[01:46:23] [Server thread/WARN]: Acacia Boat (vehicle of _gary_825) moved wrongly! 0.4373340673041639
[01:46:23] [Server thread/WARN]: Acacia Boat (vehicle of _gary_825) moved wrongly! 0.4900000000000091
[01:46:23] [Server thread/WARN]: Acacia Boat (vehicle of _gary_825) moved wrongly! 0.4900000000000091
[01:46:23] [Server thread/WARN]: Acacia Boat (vehicle of _gary_825) moved wrongly! 0.4900000000000091
[01:46:23] [Server thread/WARN]: Acacia Boat (vehicle of _gary_825) moved wrongly! 0.4900000000000091
[01:46:24] [Server thread/WARN]: Acacia Boat (vehicle of _gary_825) moved wrongly! 0.4373340673041639
[01:46:24] [Server thread/WARN]: Acacia Boat (vehicle of _gary_825) moved wrongly! 0.4373340673041639
[01:46:24] [Server thread/WARN]: Acacia Boat (vehicle of _gary_825) moved wrongly! 0.4373340673041639
[01:46:24] [Server thread/WARN]: Acacia Boat (vehicle of _gary_825) moved wrongly! 0.4373340673041639
[01:46:24] [Server thread/WARN]: Acacia Boat (vehicle of _gary_825) moved wrongly! 0.4373340673041639
[01:46:25] [Server thread/WARN]: Acacia Boat (vehicle of _gary_825) moved wrongly! 0.4900000000000091
[01:46:25] [Server thread/WARN]: Acacia Boat (vehicle of _gary_825) moved wrongly! 0.9900000000000091
[01:46:25] [Server thread/WARN]: Acacia Boat (vehicle of _gary_825) moved wrongly! 0.4900000000000091
[01:46:25] [Server thread/WARN]: Acacia Boat (vehicle of _gary_825) moved wrongly! 0.29840039859573153
[01:46:25] [Server thread/WARN]: Acacia Boat (vehicle of _gary_825) moved wrongly! 0.29840039859573153
[01:46:26] [Server thread/WARN]: Acacia Boat (vehicle of _gary_825) moved wrongly! 0.9900000000000091
[01:46:26] [Server thread/WARN]: Acacia Boat (vehicle of _gary_825) moved wrongly! 0.9900000000000091
[01:46:26] [Server thread/WARN]: Acacia Boat (vehicle of _gary_825) moved wrongly! 0.7019999728203175
[01:46:26] [Server thread/WARN]: Acacia Boat (vehicle of _gary_825) moved wrongly! 0.4900000000000091
[01:46:26] [Server thread/WARN]: Acacia Boat (vehicle of _gary_825) moved wrongly! 0.4900000000000091
[01:46:26] [Server thread/WARN]: Acacia Boat (vehicle of _gary_825) moved wrongly! 0.4900000000000091
[01:46:27] [Server thread/WARN]: Acacia Boat (vehicle of _gary_825) moved wrongly! 0.4900000000000091
[01:46:27] [Server thread/WARN]: Acacia Boat (vehicle of _gary_825) moved wrongly! 0.4900000000000091
[01:46:27] [Server thread/WARN]: Acacia Boat (vehicle of _gary_825) moved wrongly! 0.4900000000000091
[01:46:27] [Server thread/WARN]: Acacia Boat (vehicle of _gary_825) moved wrongly! 0.4900000000000091
[01:46:27] [Server thread/WARN]: Acacia Boat (vehicle of _gary_825) moved wrongly! 0.4900000000000091
[01:46:27] [Server thread/WARN]: Acacia Boat (vehicle of _gary_825) moved wrongly! 0.44657816072367496
[01:46:27] [Server thread/WARN]: Acacia Boat (vehicle of _gary_825) moved wrongly! 0.44657816072367496
[01:46:28] [Server thread/WARN]: Acacia Boat (vehicle of _gary_825) moved wrongly! 0.9900000000000091
[01:46:28] [Server thread/WARN]: Acacia Boat (vehicle of _gary_825) moved wrongly! 0.9900000000000091
[01:46:28] [Server thread/WARN]: Acacia Boat (vehicle of _gary_825) moved wrongly! 0.29840039859573153
[01:46:28] [Server thread/WARN]: Acacia Boat (vehicle of _gary_825) moved wrongly! 0.29840039859573153
[01:46:28] [Server thread/WARN]: Acacia Boat (vehicle of _gary_825) moved wrongly! 0.29840039859573153
[01:46:29] [Server thread/WARN]: Acacia Boat (vehicle of _gary_825) moved wrongly! 0.4373340673041639
[01:46:29] [Server thread/WARN]: Acacia Boat (vehicle of _gary_825) moved wrongly! 0.9900000000000091
[01:46:29] [Server thread/WARN]: Acacia Boat (vehicle of _gary_825) moved wrongly! 0.9900000000000091
[01:46:30] [Server thread/WARN]: Acacia Boat (vehicle of _gary_825) moved wrongly! 0.29840039859573153
[01:46:30] [Server thread/WARN]: Acacia Boat (vehicle of _gary_825) moved wrongly! 0.29840039859573153
[01:46:30] [Server thread/WARN]: Acacia Boat (vehicle of _gary_825) moved wrongly! 0.4900000000000091
[01:46:30] [Server thread/WARN]: Acacia Boat (vehicle of _gary_825) moved wrongly! 0.9900000000000091
[01:46:30] [Server thread/WARN]: Acacia Boat (vehicle of _gary_825) moved wrongly! 0.4900000000000091
[01:46:30] [Server thread/WARN]: Acacia Boat (vehicle of _gary_825) moved wrongly! 0.4900000000000091
[01:46:31] [Server thread/WARN]: Acacia Boat (vehicle of _gary_825) moved wrongly! 0.4900000000000091
[01:46:31] [Server thread/WARN]: Acacia Boat (vehicle of _gary_825) moved wrongly! 0.9900000000000091
[01:46:31] [Server thread/WARN]: Acacia Boat (vehicle of _gary_825) moved wrongly! 0.4900000000000091
[01:46:31] [Server thread/WARN]: Acacia Boat (vehicle of _gary_825) moved wrongly! 0.29840039859573153
[01:46:31] [Server thread/WARN]: Acacia Boat (vehicle of _gary_825) moved wrongly! 0.29840039859573153
[01:46:31] [Server thread/WARN]: Acacia Boat (vehicle of _gary_825) moved wrongly! 0.4900000000000091
[01:46:32] [Server thread/WARN]: Acacia Boat (vehicle of _gary_825) moved wrongly! 0.4900000000000091
[01:46:32] [Server thread/WARN]: Acacia Boat (vehicle of _gary_825) moved wrongly! 0.4900000000000091
[01:46:32] [Server thread/WARN]: Acacia Boat (vehicle of _gary_825) moved wrongly! 0.4900000000000091
[01:46:32] [Server thread/WARN]: Acacia Boat (vehicle of _gary_825) moved wrongly! 0.4900000000000091
[01:46:32] [Server thread/WARN]: Acacia Boat (vehicle of _gary_825) moved wrongly! 0.9900000000000091
[01:46:32] [Server thread/WARN]: Acacia Boat (vehicle of _gary_825) moved wrongly! 0.9900000000000091
[01:46:33] [Server thread/WARN]: Acacia Boat (vehicle of _gary_825) moved wrongly! 0.6984003747538736
[01:46:33] [Server thread/WARN]: Acacia Boat (vehicle of _gary_825) moved wrongly! 0.6984003747538736
[01:46:34] [Server thread/WARN]: Acacia Boat (vehicle of _gary_825) moved wrongly! 0.3419999442101016
[01:46:34] [Server thread/WARN]: Acacia Boat (vehicle of _gary_825) moved wrongly! 0.3419999442101016
[01:46:34] [Server thread/WARN]: Acacia Boat (vehicle of _gary_825) moved wrongly! 0.9900000000000091
[01:46:34] [Server thread/WARN]: Acacia Boat (vehicle of _gary_825) moved wrongly! 0.9900000000000091
[01:46:35] [Server thread/WARN]: Acacia Boat (vehicle of _gary_825) moved wrongly! 0.29840039859573153
[01:46:35] [Server thread/WARN]: Acacia Boat (vehicle of _gary_825) moved wrongly! 0.29840039859573153
[01:46:35] [Server thread/WARN]: Acacia Boat (vehicle of _gary_825) moved wrongly! 0.4373340673041639
[01:46:35] [Server thread/WARN]: Acacia Boat (vehicle of _gary_825) moved wrongly! 0.4373340673041639
[01:46:36] [Server thread/WARN]: Acacia Boat (vehicle of _gary_825) moved wrongly! 0.4900000000000091
[01:46:36] [Server thread/WARN]: Acacia Boat (vehicle of _gary_825) moved wrongly! 0.4900000000000091
[01:46:36] [Server thread/WARN]: Acacia Boat (vehicle of _gary_825) moved wrongly! 0.4900000000000091
[01:46:36] [Server thread/WARN]: Acacia Boat (vehicle of _gary_825) moved wrongly! 0.4900000000000091
[01:46:36] [Server thread/WARN]: Acacia Boat (vehicle of _gary_825) moved wrongly! 0.4900000000000091
[01:46:36] [Server thread/WARN]: Acacia Boat (vehicle of _gary_825) moved wrongly! 0.4900000000000091
[01:46:36] [Server thread/WARN]: Acacia Boat (vehicle of _gary_825) moved wrongly! 0.4900000000000091
[01:46:36] [Server thread/WARN]: Acacia Boat (vehicle of _gary_825) moved wrongly! 0.4900000000000091
[01:46:37] [Server thread/WARN]: Acacia Boat (vehicle of _gary_825) moved wrongly! 0.337334043462306
[01:46:37] [Server thread/WARN]: Acacia Boat (vehicle of _gary_825) moved wrongly! 0.4900000000000091
[01:46:37] [Server thread/WARN]: Acacia Boat (vehicle of _gary_825) moved wrongly! 0.4900000000000091
[01:46:38] [Server thread/WARN]: Acacia Boat (vehicle of _gary_825) moved wrongly! 0.9900000000000091
[01:46:38] [Server thread/WARN]: Acacia Boat (vehicle of _gary_825) moved wrongly! 0.9900000000000091
[01:46:39] [Server thread/WARN]: Acacia Boat (vehicle of _gary_825) moved wrongly! 0.4900000000000091
[01:46:39] [Server thread/WARN]: Acacia Boat (vehicle of _gary_825) moved wrongly! 0.4900000000000091
[01:46:39] [Server thread/WARN]: Acacia Boat (vehicle of _gary_825) moved wrongly! 0.4900000000000091
[01:46:39] [Server thread/WARN]: Acacia Boat (vehicle of _gary_825) moved wrongly! 0.9900000000000091
[01:46:39] [Server thread/WARN]: Acacia Boat (vehicle of _gary_825) moved wrongly! 0.4900000000000091
[01:46:39] [Server thread/WARN]: Acacia Boat (vehicle of _gary_825) moved wrongly! 0.4900000000000091
[01:46:40] [Server thread/WARN]: Acacia Boat (vehicle of _gary_825) moved wrongly! 0.4900000000000091
[01:46:40] [Server thread/WARN]: Acacia Boat (vehicle of _gary_825) moved wrongly! 0.9900000000000091
[01:46:40] [Server thread/WARN]: Acacia Boat (vehicle of _gary_825) moved wrongly! 0.4900000000000091
[01:46:40] [Server thread/WARN]: Acacia Boat (vehicle of _gary_825) moved wrongly! 0.29840039859573153
[01:46:40] [Server thread/WARN]: Acacia Boat (vehicle of _gary_825) moved wrongly! 0.29840039859573153
[01:46:41] [Server thread/WARN]: Acacia Boat (vehicle of _gary_825) moved wrongly! 0.9900000000000091
[01:46:41] [Server thread/WARN]: Acacia Boat (vehicle of _gary_825) moved wrongly! 0.9900000000000091
[01:46:42] [Server thread/WARN]: Acacia Boat (vehicle of _gary_825) moved wrongly! 0.7419999203682437
[01:46:42] [Server thread/WARN]: Acacia Boat (vehicle of _gary_825) moved wrongly! 0.4900000000000091
[01:46:42] [Server thread/WARN]: Acacia Boat (vehicle of _gary_825) moved wrongly! 0.4900000000000091
[01:46:42] [Server thread/WARN]: Acacia Boat (vehicle of _gary_825) moved wrongly! 0.4900000000000091
[01:46:42] [Server thread/WARN]: Acacia Boat (vehicle of _gary_825) moved wrongly! 0.4900000000000091
[01:46:42] [Server thread/WARN]: Acacia Boat (vehicle of _gary_825) moved wrongly! 0.4900000000000091
[01:46:42] [Server thread/WARN]: Acacia Boat (vehicle of _gary_825) moved wrongly! 0.4900000000000091
[01:46:42] [Server thread/WARN]: Acacia Boat (vehicle of _gary_825) moved wrongly! 0.4900000000000091
[01:46:43] [Server thread/WARN]: Acacia Boat (vehicle of _gary_825) moved wrongly! 0.4900000000000091
[01:46:43] [Server thread/WARN]: Acacia Boat (vehicle of _gary_825) moved wrongly! 0.4900000000000091
[01:46:43] [Server thread/WARN]: Acacia Boat (vehicle of _gary_825) moved wrongly! 0.4900000000000091
[01:46:43] [Server thread/WARN]: Acacia Boat (vehicle of _gary_825) moved wrongly! 0.9900000000000091
[01:46:43] [Server thread/WARN]: Acacia Boat (vehicle of _gary_825) moved wrongly! 0.9900000000000091
[01:46:44] [Server thread/WARN]: Acacia Boat (vehicle of _gary_825) moved wrongly! 0.29840039859573153
[01:46:44] [Server thread/WARN]: Acacia Boat (vehicle of _gary_825) moved wrongly! 0.29840039859573153
[01:46:44] [Server thread/WARN]: Acacia Boat (vehicle of _gary_825) moved wrongly! 0.4373340673041639
[01:46:44] [Server thread/WARN]: Acacia Boat (vehicle of _gary_825) moved wrongly! 0.4373340673041639
[01:46:44] [Server thread/WARN]: Acacia Boat (vehicle of _gary_825) moved wrongly! 0.4373340673041639
[01:46:44] [Server thread/WARN]: Acacia Boat (vehicle of _gary_825) moved wrongly! 0.4373340673041639
[01:46:44] [Server thread/WARN]: Acacia Boat (vehicle of _gary_825) moved wrongly! 0.4373340673041639
[01:46:44] [Server thread/WARN]: Acacia Boat (vehicle of _gary_825) moved wrongly! 0.4373340673041639
[01:46:44] [Server thread/WARN]: Acacia Boat (vehicle of _gary_825) moved wrongly! 0.4373340673041639
[01:46:44] [Server thread/WARN]: Acacia Boat (vehicle of _gary_825) moved wrongly! 0.4373340673041639
[01:46:45] [Server thread/WARN]: Acacia Boat (vehicle of _gary_825) moved wrongly! 0.4900000000000091
[01:46:45] [Server thread/WARN]: Acacia Boat (vehicle of _gary_825) moved wrongly! 0.4900000000000091
[01:46:45] [Server thread/WARN]: Acacia Boat (vehicle of _gary_825) moved wrongly! 0.4900000000000091
[01:46:45] [Server thread/WARN]: Acacia Boat (vehicle of _gary_825) moved wrongly! 0.4900000000000091
[01:46:45] [Server thread/WARN]: Acacia Boat (vehicle of _gary_825) moved wrongly! 0.4900000000000091
[01:46:45] [Server thread/WARN]: Acacia Boat (vehicle of _gary_825) moved wrongly! 0.4900000000000091
[01:46:45] [Server thread/WARN]: Acacia Boat (vehicle of _gary_825) moved wrongly! 0.4900000000000091
[01:46:45] [Server thread/WARN]: Acacia Boat (vehicle of _gary_825) moved wrongly! 0.4900000000000091
[01:46:46] [Server thread/WARN]: Acacia Boat (vehicle of _gary_825) moved wrongly! 0.4900000000000091
[01:46:46] [Server thread/WARN]: Acacia Boat (vehicle of _gary_825) moved wrongly! 0.9900000000000091
[01:46:46] [Server thread/WARN]: Acacia Boat (vehicle of _gary_825) moved wrongly! 0.4900000000000091
[01:46:46] [Server thread/WARN]: Acacia Boat (vehicle of _gary_825) moved wrongly! 0.29840039859573153
[01:46:46] [Server thread/WARN]: Acacia Boat (vehicle of _gary_825) moved wrongly! 0.29840039859573153
[01:46:46] [Server thread/WARN]: Acacia Boat (vehicle of _gary_825) moved wrongly! 0.4900000000000091
[01:46:47] [Server thread/WARN]: Acacia Boat (vehicle of _gary_825) moved wrongly! 0.4900000000000091
[01:46:47] [Server thread/WARN]: Acacia Boat (vehicle of _gary_825) moved wrongly! 0.4900000000000091
[01:46:47] [Server thread/WARN]: Acacia Boat (vehicle of _gary_825) moved wrongly! 0.4900000000000091
[01:46:47] [Server thread/WARN]: Acacia Boat (vehicle of _gary_825) moved wrongly! 0.4900000000000091
[01:46:47] [Server thread/WARN]: Acacia Boat (vehicle of _gary_825) moved wrongly! 0.4900000000000091
[01:46:47] [Server thread/WARN]: Acacia Boat (vehicle of _gary_825) moved wrongly! 0.9900000000000091
[01:46:47] [Server thread/WARN]: Acacia Boat (vehicle of _gary_825) moved wrongly! 0.4900000000000091
[01:46:47] [Server thread/WARN]: Acacia Boat (vehicle of _gary_825) moved wrongly! 0.4900000000000091
[01:46:48] [Server thread/WARN]: Acacia Boat (vehicle of _gary_825) moved wrongly! 0.4900000000000091
[01:46:48] [Server thread/WARN]: Acacia Boat (vehicle of _gary_825) moved wrongly! 0.9900000000000091
[01:46:48] [Server thread/WARN]: Acacia Boat (vehicle of _gary_825) moved wrongly! 0.4900000000000091
[01:46:48] [Server thread/WARN]: Acacia Boat (vehicle of _gary_825) moved wrongly! 0.4900000000000091
[01:46:48] [Server thread/WARN]: Acacia Boat (vehicle of _gary_825) moved wrongly! 0.9900000000000091
[01:46:48] [Server thread/WARN]: Acacia Boat (vehicle of _gary_825) moved wrongly! 0.4900000000000091
[01:46:48] [Server thread/WARN]: Acacia Boat (vehicle of _gary_825) moved wrongly! 0.4900000000000091
[01:46:48] [Server thread/WARN]: Acacia Boat (vehicle of _gary_825) moved wrongly! 0.4900000000000091
[01:46:49] [Server thread/WARN]: Acacia Boat (vehicle of _gary_825) moved wrongly! 0.4900000000000091
[01:46:49] [Server thread/WARN]: Acacia Boat (vehicle of _gary_825) moved wrongly! 0.4900000000000091
[01:46:49] [Server thread/WARN]: Acacia Boat (vehicle of _gary_825) moved wrongly! 0.4900000000000091
[01:46:49] [Server thread/WARN]: Acacia Boat (vehicle of _gary_825) moved wrongly! 0.4900000000000091
[01:46:49] [Server thread/WARN]: Acacia Boat (vehicle of _gary_825) moved wrongly! 0.9900000000000091
[01:46:49] [Server thread/WARN]: Acacia Boat (vehicle of _gary_825) moved wrongly! 0.9900000000000091
[01:46:50] [Server thread/WARN]: Acacia Boat (vehicle of _gary_825) moved wrongly! 0.29840039859573153
[01:46:50] [Server thread/WARN]: Acacia Boat (vehicle of _gary_825) moved wrongly! 0.9900000000000091
[01:46:50] [Server thread/WARN]: Acacia Boat (vehicle of _gary_825) moved wrongly! 0.9900000000000091
[01:46:50] [Server thread/WARN]: Acacia Boat (vehicle of _gary_825) moved wrongly! 0.9900000000000091
[01:46:51] [Server thread/WARN]: Acacia Boat (vehicle of _gary_825) moved wrongly! 0.6984003747538736
[01:46:51] [Server thread/WARN]: Acacia Boat (vehicle of _gary_825) moved wrongly! 0.4900000000000091
[01:46:51] [Server thread/WARN]: Acacia Boat (vehicle of _gary_825) moved wrongly! 0.4900000000000091
[01:46:51] [Server thread/WARN]: Acacia Boat (vehicle of _gary_825) moved wrongly! 0.4900000000000091
[01:46:52] [Server thread/WARN]: Acacia Boat (vehicle of _gary_825) moved wrongly! 0.4900000000000091
[01:46:52] [Server thread/WARN]: Acacia Boat (vehicle of _gary_825) moved wrongly! 0.4900000000000091
[01:46:52] [Server thread/WARN]: Acacia Boat (vehicle of _gary_825) moved wrongly! 0.4900000000000091
[01:46:52] [Server thread/WARN]: Acacia Boat (vehicle of _gary_825) moved wrongly! 0.4900000000000091
[01:46:52] [Server thread/WARN]: Acacia Boat (vehicle of _gary_825) moved wrongly! 0.4900000000000091
[01:46:52] [Server thread/WARN]: Acacia Boat (vehicle of _gary_825) moved wrongly! 0.9900000000000091
[01:46:52] [Server thread/WARN]: Acacia Boat (vehicle of _gary_825) moved wrongly! 0.4900000000000091
[01:46:52] [Server thread/WARN]: Acacia Boat (vehicle of _gary_825) moved wrongly! 0.4900000000000091
[01:46:52] [Server thread/WARN]: Acacia Boat (vehicle of _gary_825) moved wrongly! 0.4900000000000091
[01:46:53] [Server thread/WARN]: Acacia Boat (vehicle of _gary_825) moved wrongly! 0.4900000000000091
[01:46:53] [Server thread/WARN]: Acacia Boat (vehicle of _gary_825) moved wrongly! 0.4900000000000091
[01:46:53] [Server thread/WARN]: Acacia Boat (vehicle of _gary_825) moved wrongly! 0.4900000000000091
[01:46:53] [Server thread/WARN]: Acacia Boat (vehicle of _gary_825) moved wrongly! 0.4900000000000091
[01:46:53] [Server thread/WARN]: Acacia Boat (vehicle of _gary_825) moved wrongly! 0.9900000000000091
[01:46:53] [Server thread/WARN]: Acacia Boat (vehicle of _gary_825) moved wrongly! 0.9900000000000091
[01:46:54] [Server thread/WARN]: Acacia Boat (vehicle of _gary_825) moved wrongly! 0.6984003747538736
[01:46:54] [Server thread/WARN]: Acacia Boat (vehicle of _gary_825) moved wrongly! 0.6984003747538736
[01:46:55] [Server thread/WARN]: Acacia Boat (vehicle of _gary_825) moved wrongly! 0.7419999203682437
[01:46:55] [Server thread/WARN]: Acacia Boat (vehicle of _gary_825) moved wrongly! 0.4900000000000091
[01:46:55] [Server thread/WARN]: Acacia Boat (vehicle of _gary_825) moved wrongly! 0.4900000000000091
[01:46:56] [Server thread/WARN]: Acacia Boat (vehicle of _gary_825) moved wrongly! 0.4900000000000091
[01:46:56] [Server thread/WARN]: Acacia Boat (vehicle of _gary_825) moved wrongly! 0.9900000000000091
[01:46:56] [Server thread/WARN]: Acacia Boat (vehicle of _gary_825) moved wrongly! 0.4900000000000091
[01:46:56] [Server thread/WARN]: Acacia Boat (vehicle of _gary_825) moved wrongly! 0.29840039859573153
[01:46:56] [Server thread/WARN]: Acacia Boat (vehicle of _gary_825) moved wrongly! 0.29840039859573153
[01:46:57] [Server thread/WARN]: Acacia Boat (vehicle of _gary_825) moved wrongly! 0.4900000000000091
[01:46:57] [Server thread/WARN]: Acacia Boat (vehicle of _gary_825) moved wrongly! 0.9900000000000091
[01:46:57] [Server thread/WARN]: Acacia Boat (vehicle of _gary_825) moved wrongly! 0.4900000000000091
[01:46:57] [Server thread/WARN]: Acacia Boat (vehicle of _gary_825) moved wrongly! 0.34657813688181704
[01:46:58] [Server thread/WARN]: Acacia Boat (vehicle of _gary_825) moved wrongly! 0.846578136881817
[01:46:58] [Server thread/WARN]: Acacia Boat (vehicle of _gary_825) moved wrongly! 0.4900000000000091
[01:46:58] [Server thread/WARN]: Acacia Boat (vehicle of _gary_825) moved wrongly! 0.4900000000000091
[01:46:58] [Server thread/WARN]: Acacia Boat (vehicle of _gary_825) moved wrongly! 0.4900000000000091
[01:46:58] [Server thread/WARN]: Acacia Boat (vehicle of _gary_825) moved wrongly! 0.4900000000000091
[01:46:58] [Server thread/WARN]: Acacia Boat (vehicle of _gary_825) moved wrongly! 0.4900000000000091
[01:46:58] [Server thread/WARN]: Acacia Boat (vehicle of _gary_825) moved wrongly! 0.4900000000000091
[01:46:58] [Server thread/WARN]: Acacia Boat (vehicle of _gary_825) moved wrongly! 0.4900000000000091
[01:46:58] [Server thread/WARN]: Acacia Boat (vehicle of _gary_825) moved wrongly! 0.4900000000000091
[01:46:59] [Server thread/WARN]: Acacia Boat (vehicle of _gary_825) moved wrongly! 0.4900000000000091
[01:46:59] [Server thread/WARN]: Acacia Boat (vehicle of _gary_825) moved wrongly! 0.4900000000000091
[01:46:59] [Server thread/WARN]: Acacia Boat (vehicle of _gary_825) moved wrongly! 0.4900000000000091
[01:46:59] [Server thread/WARN]: Acacia Boat (vehicle of _gary_825) moved wrongly! 0.4900000000000091
[01:46:59] [Server thread/WARN]: Acacia Boat (vehicle of _gary_825) moved wrongly! 0.9900000000000091
[01:46:59] [Server thread/WARN]: Acacia Boat (vehicle of _gary_825) moved wrongly! 0.9900000000000091
[01:46:59] [Server thread/WARN]: Acacia Boat (vehicle of _gary_825) moved wrongly! 0.4900000000000091
[01:47:00] [Server thread/WARN]: Acacia Boat (vehicle of _gary_825) moved wrongly! 0.4900000000000091
[01:47:00] [Server thread/WARN]: Acacia Boat (vehicle of _gary_825) moved wrongly! 0.4900000000000091
[01:47:00] [Server thread/WARN]: Acacia Boat (vehicle of _gary_825) moved wrongly! 0.4900000000000091
[01:47:00] [Server thread/WARN]: Acacia Boat (vehicle of _gary_825) moved wrongly! 0.4900000000000091
[01:47:00] [Server thread/WARN]: Acacia Boat (vehicle of _gary_825) moved wrongly! 0.4900000000000091
[01:47:00] [Server thread/WARN]: Acacia Boat (vehicle of _gary_825) moved wrongly! 0.9900000000000091
[01:47:00] [Server thread/WARN]: Acacia Boat (vehicle of _gary_825) moved wrongly! 0.4900000000000091
[01:47:00] [Server thread/WARN]: Acacia Boat (vehicle of _gary_825) moved wrongly! 0.4900000000000091
[01:47:00] [Server thread/WARN]: Acacia Boat (vehicle of _gary_825) moved wrongly! 0.4900000000000091
[01:47:01] [Server thread/WARN]: Acacia Boat (vehicle of _gary_825) moved wrongly! 0.4900000000000091
[01:47:01] [Server thread/WARN]: Acacia Boat (vehicle of _gary_825) moved wrongly! 0.4900000000000091
[01:47:01] [Server thread/WARN]: Acacia Boat (vehicle of _gary_825) moved wrongly! 0.4900000000000091
[01:47:01] [Server thread/WARN]: Acacia Boat (vehicle of _gary_825) moved wrongly! 0.4900000000000091
[01:47:01] [Server thread/WARN]: Acacia Boat (vehicle of _gary_825) moved wrongly! 0.9900000000000091
[01:47:01] [Server thread/WARN]: Acacia Boat (vehicle of _gary_825) moved wrongly! 0.9900000000000091
[01:47:02] [Server thread/WARN]: Acacia Boat (vehicle of _gary_825) moved wrongly! 0.29840039859573153
[01:47:02] [Server thread/WARN]: Acacia Boat (vehicle of _gary_825) moved wrongly! 0.29840039859573153
[01:47:02] [Server thread/WARN]: Acacia Boat (vehicle of _gary_825) moved wrongly! 0.9900000000000091
[01:47:02] [Server thread/WARN]: Acacia Boat (vehicle of _gary_825) moved wrongly! 0.9900000000000091
[01:47:03] [Server thread/WARN]: Acacia Boat (vehicle of _gary_825) moved wrongly! 0.29840039859573153
[01:47:03] [Server thread/WARN]: Acacia Boat (vehicle of _gary_825) moved wrongly! 0.4900000000000091
[01:47:03] [Server thread/WARN]: Acacia Boat (vehicle of _gary_825) moved wrongly! 0.4900000000000091
[01:47:03] [Server thread/WARN]: Acacia Boat (vehicle of _gary_825) moved wrongly! 0.4900000000000091
[01:47:03] [Server thread/WARN]: Acacia Boat (vehicle of _gary_825) moved wrongly! 0.4900000000000091
[01:47:04] [Server thread/WARN]: Acacia Boat (vehicle of _gary_825) moved wrongly! 0.9900000000000091
[01:47:04] [Server thread/WARN]: Acacia Boat (vehicle of _gary_825) moved wrongly! 0.4900000000000091
[01:47:04] [Server thread/WARN]: Acacia Boat (vehicle of _gary_825) moved wrongly! 0.4900000000000091
[01:47:04] [Server thread/WARN]: Acacia Boat (vehicle of _gary_825) moved wrongly! 0.4900000000000091
[01:47:04] [Server thread/WARN]: Acacia Boat (vehicle of _gary_825) moved wrongly! 0.4900000000000091
[01:47:04] [Server thread/WARN]: Acacia Boat (vehicle of _gary_825) moved wrongly! 0.4900000000000091
[01:47:04] [Server thread/WARN]: Acacia Boat (vehicle of _gary_825) moved wrongly! 0.4900000000000091
[01:47:04] [Server thread/WARN]: Acacia Boat (vehicle of _gary_825) moved wrongly! 0.4900000000000091
[01:47:05] [Server thread/WARN]: Acacia Boat (vehicle of _gary_825) moved wrongly! 0.4900000000000091
[01:47:05] [Server thread/WARN]: Acacia Boat (vehicle of _gary_825) moved wrongly! 0.9900000000000091
[01:47:05] [Server thread/WARN]: Acacia Boat (vehicle of _gary_825) moved wrongly! 0.4900000000000091
[01:47:05] [Server thread/WARN]: Acacia Boat (vehicle of _gary_825) moved wrongly! 0.29840039859573153
[01:47:05] [Server thread/WARN]: Acacia Boat (vehicle of _gary_825) moved wrongly! 0.29840039859573153
[01:47:06] [Server thread/WARN]: Acacia Boat (vehicle of _gary_825) moved wrongly! 0.4900000000000091
[01:47:06] [Server thread/WARN]: Acacia Boat (vehicle of _gary_825) moved wrongly! 0.9900000000000091
[01:47:06] [Server thread/WARN]: Acacia Boat (vehicle of _gary_825) moved wrongly! 0.4900000000000091
[01:47:07] [Server thread/WARN]: Acacia Boat (vehicle of _gary_825) moved wrongly! 0.34657813688181704
[01:47:07] [Server thread/WARN]: Acacia Boat (vehicle of _gary_825) moved wrongly! 0.4900000000000091
[01:47:07] [Server thread/WARN]: Acacia Boat (vehicle of _gary_825) moved wrongly! 0.4900000000000091
[01:47:07] [Server thread/WARN]: Acacia Boat (vehicle of _gary_825) moved wrongly! 0.4900000000000091
[01:47:07] [Server thread/WARN]: Acacia Boat (vehicle of _gary_825) moved wrongly! 0.4373340673041639
[01:47:07] [Server thread/WARN]: Acacia Boat (vehicle of _gary_825) moved wrongly! 0.4373340673041639
[01:47:08] [Server thread/WARN]: Acacia Boat (vehicle of _gary_825) moved wrongly! 0.4900000000000091
[01:47:08] [Server thread/WARN]: Acacia Boat (vehicle of _gary_825) moved wrongly! 0.9900000000000091
[01:47:08] [Server thread/WARN]: Acacia Boat (vehicle of _gary_825) moved wrongly! 0.4900000000000091
[01:47:08] [Server thread/WARN]: Acacia Boat (vehicle of _gary_825) moved wrongly! 0.29840039859573153
[01:47:08] [Server thread/WARN]: Acacia Boat (vehicle of _gary_825) moved wrongly! 0.29840039859573153
[01:47:09] [Server thread/WARN]: Acacia Boat (vehicle of _gary_825) moved wrongly! 0.4900000000000091
[01:47:09] [Server thread/WARN]: Acacia Boat (vehicle of _gary_825) moved wrongly! 0.9900000000000091
[01:47:09] [Server thread/WARN]: Acacia Boat (vehicle of _gary_825) moved wrongly! 0.4900000000000091
[01:47:09] [Server thread/WARN]: Acacia Boat (vehicle of _gary_825) moved wrongly! 0.29840039859573153
[01:47:09] [Server thread/WARN]: Acacia Boat (vehicle of _gary_825) moved wrongly! 0.29840039859573153
[01:47:09] [Server thread/WARN]: Acacia Boat (vehicle of _gary_825) moved wrongly! 0.4900000000000091
[01:47:10] [Server thread/WARN]: Acacia Boat (vehicle of _gary_825) moved wrongly! 0.9900000000000091
[01:47:10] [Server thread/WARN]: Acacia Boat (vehicle of _gary_825) moved wrongly! 0.4900000000000091
[01:47:10] [Server thread/WARN]: Acacia Boat (vehicle of _gary_825) moved wrongly! 0.4900000000000091
[01:47:10] [Server thread/WARN]: Acacia Boat (vehicle of _gary_825) moved wrongly! 0.4900000000000091
[01:47:10] [Server thread/WARN]: Acacia Boat (vehicle of _gary_825) moved wrongly! 0.4900000000000091
[01:47:10] [Server thread/WARN]: Acacia Boat (vehicle of _gary_825) moved wrongly! 0.4900000000000091
[01:47:10] [Server thread/WARN]: Acacia Boat (vehicle of _gary_825) moved wrongly! 0.4900000000000091
[01:47:10] [Server thread/WARN]: Acacia Boat (vehicle of _gary_825) moved wrongly! 0.4900000000000091
[01:47:11] [Server thread/WARN]: Acacia Boat (vehicle of _gary_825) moved wrongly! 0.4900000000000091
[01:47:11] [Server thread/WARN]: Acacia Boat (vehicle of _gary_825) moved wrongly! 0.4900000000000091
[01:47:11] [Server thread/WARN]: Acacia Boat (vehicle of _gary_825) moved wrongly! 0.4900000000000091
[01:47:11] [Server thread/WARN]: Acacia Boat (vehicle of _gary_825) moved wrongly! 0.9900000000000091
[01:47:11] [Server thread/WARN]: Acacia Boat (vehicle of _gary_825) moved wrongly! 0.9900000000000091
[01:47:12] [Server thread/WARN]: Acacia Boat (vehicle of _gary_825) moved wrongly! 0.29840039859573153
[01:47:12] [Server thread/WARN]: Acacia Boat (vehicle of _gary_825) moved wrongly! 0.29840039859573153
[01:47:12] [Server thread/WARN]: Acacia Boat (vehicle of _gary_825) moved wrongly! 0.4900000000000091
[01:47:12] [Server thread/WARN]: Acacia Boat (vehicle of _gary_825) moved wrongly! 0.9900000000000091
[01:47:12] [Server thread/WARN]: Acacia Boat (vehicle of _gary_825) moved wrongly! 0.4900000000000091
[01:47:12] [Server thread/WARN]: Acacia Boat (vehicle of _gary_825) moved wrongly! 0.4900000000000091
[01:47:13] [Server thread/WARN]: Acacia Boat (vehicle of _gary_825) moved wrongly! 0.4900000000000091
[01:47:13] [Server thread/WARN]: Acacia Boat (vehicle of _gary_825) moved wrongly! 0.4900000000000091
[01:47:13] [Server thread/WARN]: Acacia Boat (vehicle of _gary_825) moved wrongly! 0.4900000000000091
[01:47:13] [Server thread/WARN]: Acacia Boat (vehicle of _gary_825) moved wrongly! 0.4900000000000091
[01:47:13] [Server thread/WARN]: Acacia Boat (vehicle of _gary_825) moved wrongly! 0.4373340673041639
[01:47:13] [Server thread/WARN]: Acacia Boat (vehicle of _gary_825) moved wrongly! 0.4373340673041639
[01:47:14] [Server thread/WARN]: Acacia Boat (vehicle of _gary_825) moved wrongly! 0.4900000000000091
[01:47:14] [Server thread/WARN]: Acacia Boat (vehicle of _gary_825) moved wrongly! 0.4900000000000091
[01:47:14] [Server thread/WARN]: Acacia Boat (vehicle of _gary_825) moved wrongly! 0.4900000000000091
[01:47:14] [Server thread/WARN]: Acacia Boat (vehicle of _gary_825) moved wrongly! 0.4900000000000091
[01:47:14] [Server thread/WARN]: Acacia Boat (vehicle of _gary_825) moved wrongly! 0.9900000000000091
[01:47:14] [Server thread/WARN]: Acacia Boat (vehicle of _gary_825) moved wrongly! 0.4900000000000091
[01:47:14] [Server thread/WARN]: Acacia Boat (vehicle of _gary_825) moved wrongly! 0.4900000000000091
[01:47:15] [Server thread/WARN]: Acacia Boat (vehicle of _gary_825) moved wrongly! 0.4900000000000091
[01:47:15] [Server thread/WARN]: Acacia Boat (vehicle of _gary_825) moved wrongly! 0.9900000000000091
[01:47:15] [Server thread/WARN]: Acacia Boat (vehicle of _gary_825) moved wrongly! 0.4900000000000091
[01:47:15] [Server thread/WARN]: Acacia Boat (vehicle of _gary_825) moved wrongly! 0.29840039859573153
[01:47:15] [Server thread/WARN]: Acacia Boat (vehicle of _gary_825) moved wrongly! 0.29840039859573153
[01:47:16] [Server thread/WARN]: Acacia Boat (vehicle of _gary_825) moved wrongly! 0.337334043462306
[01:47:16] [Server thread/WARN]: Acacia Boat (vehicle of _gary_825) moved wrongly! 0.337334043462306
[01:47:16] [Server thread/WARN]: Acacia Boat (vehicle of _gary_825) moved wrongly! 0.4900000000000091
[01:47:16] [Server thread/WARN]: Acacia Boat (vehicle of _gary_825) moved wrongly! 0.4900000000000091
[01:47:16] [Server thread/WARN]: Acacia Boat (vehicle of _gary_825) moved wrongly! 0.4900000000000091
[01:47:17] [Server thread/WARN]: Acacia Boat (vehicle of _gary_825) moved wrongly! 0.4900000000000091
[01:47:17] [Server thread/WARN]: Acacia Boat (vehicle of _gary_825) moved wrongly! 0.9900000000000091
[01:47:17] [Server thread/WARN]: Acacia Boat (vehicle of _gary_825) moved wrongly! 0.4900000000000091
[01:47:17] [Server thread/WARN]: Acacia Boat (vehicle of _gary_825) moved wrongly! 0.29840039859573153
[01:47:17] [Server thread/WARN]: Acacia Boat (vehicle of _gary_825) moved wrongly! 0.29840039859573153
[01:47:17] [Server thread/WARN]: Acacia Boat (vehicle of _gary_825) moved wrongly! 0.4900000000000091
[01:47:18] [Server thread/WARN]: Acacia Boat (vehicle of _gary_825) moved wrongly! 0.4900000000000091
[01:47:18] [Server thread/WARN]: Acacia Boat (vehicle of _gary_825) moved wrongly! 0.4900000000000091
[01:47:18] [Server thread/WARN]: Acacia Boat (vehicle of _gary_825) moved wrongly! 0.4900000000000091
[01:47:18] [Server thread/WARN]: Acacia Boat (vehicle of _gary_825) moved wrongly! 0.4900000000000091
[01:47:18] [Server thread/WARN]: Acacia Boat (vehicle of _gary_825) moved wrongly! 0.4900000000000091
[01:47:18] [Server thread/WARN]: Acacia Boat (vehicle of _gary_825) moved wrongly! 0.9900000000000091
[01:47:18] [Server thread/WARN]: Acacia Boat (vehicle of _gary_825) moved wrongly! 0.4900000000000091
[01:47:18] [Server thread/WARN]: Acacia Boat (vehicle of _gary_825) moved wrongly! 0.4900000000000091
[01:47:18] [Server thread/WARN]: Acacia Boat (vehicle of _gary_825) moved wrongly! 0.4900000000000091
[01:47:19] [Server thread/WARN]: Acacia Boat (vehicle of _gary_825) moved wrongly! 0.4900000000000091
[01:47:19] [Server thread/WARN]: Acacia Boat (vehicle of _gary_825) moved wrongly! 0.4900000000000091
[01:47:19] [Server thread/WARN]: Acacia Boat (vehicle of _gary_825) moved wrongly! 0.4900000000000091
[01:47:19] [Server thread/WARN]: Acacia Boat (vehicle of _gary_825) moved wrongly! 0.4900000000000091
[01:47:19] [Server thread/WARN]: Acacia Boat (vehicle of _gary_825) moved wrongly! 0.9900000000000091
[01:47:19] [Server thread/WARN]: Acacia Boat (vehicle of _gary_825) moved wrongly! 0.9900000000000091
[01:47:20] [Server thread/WARN]: Acacia Boat (vehicle of _gary_825) moved wrongly! 0.29840039859573153
[01:47:20] [Server thread/WARN]: Acacia Boat (vehicle of _gary_825) moved wrongly! 0.29840039859573153
[01:47:20] [Server thread/WARN]: Acacia Boat (vehicle of _gary_825) moved wrongly! 0.4373340673041639
[01:47:20] [Server thread/WARN]: Acacia Boat (vehicle of _gary_825) moved wrongly! 0.4373340673041639
[01:47:20] [Server thread/WARN]: Acacia Boat (vehicle of _gary_825) moved wrongly! 0.4900000000000091
[01:47:21] [Server thread/WARN]: Acacia Boat (vehicle of _gary_825) moved wrongly! 0.4900000000000091
[01:47:21] [Server thread/WARN]: Acacia Boat (vehicle of _gary_825) moved wrongly! 0.4900000000000091
[01:47:21] [Server thread/WARN]: Acacia Boat (vehicle of _gary_825) moved wrongly! 0.4900000000000091
[01:47:21] [Server thread/WARN]: Acacia Boat (vehicle of _gary_825) moved wrongly! 0.4900000000000091
[01:47:21] [Server thread/WARN]: Acacia Boat (vehicle of _gary_825) moved wrongly! 0.4900000000000091
[01:47:21] [Server thread/WARN]: Acacia Boat (vehicle of _gary_825) moved wrongly! 0.9900000000000091
[01:47:21] [Server thread/WARN]: Acacia Boat (vehicle of _gary_825) moved wrongly! 0.4900000000000091
[01:47:21] [Server thread/WARN]: Acacia Boat (vehicle of _gary_825) moved wrongly! 0.4900000000000091
[01:47:22] [Server thread/WARN]: Acacia Boat (vehicle of _gary_825) moved wrongly! 0.4900000000000091
[01:47:22] [Server thread/WARN]: Acacia Boat (vehicle of _gary_825) moved wrongly! 0.9900000000000091
[01:47:22] [Server thread/WARN]: Acacia Boat (vehicle of _gary_825) moved wrongly! 0.4900000000000091
[01:47:22] [Server thread/WARN]: Acacia Boat (vehicle of _gary_825) moved wrongly! 0.29840039859573153
[01:47:22] [Server thread/WARN]: Acacia Boat (vehicle of _gary_825) moved wrongly! 0.29840039859573153
[01:47:23] [Server thread/WARN]: Acacia Boat (vehicle of _gary_825) moved wrongly! 0.4373340673041639
[01:47:23] [Server thread/WARN]: Acacia Boat (vehicle of _gary_825) moved wrongly! 0.4373340673041639
[01:47:24] [Server thread/WARN]: Acacia Boat (vehicle of _gary_825) moved wrongly! 0.837334043462306
[01:47:24] [Server thread/WARN]: Acacia Boat (vehicle of _gary_825) moved wrongly! 0.837334043462306
[01:47:25] [Server thread/WARN]: Acacia Boat (vehicle of _gary_825) moved wrongly! 0.6984003747538736
[01:47:25] [Server thread/WARN]: Acacia Boat (vehicle of _gary_825) moved wrongly! 0.4900000000000091
[01:47:25] [Server thread/WARN]: Acacia Boat (vehicle of _gary_825) moved wrongly! 0.29840039859573153
[01:47:26] [Server thread/WARN]: Acacia Boat (vehicle of _gary_825) moved wrongly! 0.4900000000000091
[01:47:26] [Server thread/WARN]: Acacia Boat (vehicle of _gary_825) moved wrongly! 0.4900000000000091
[01:47:26] [Server thread/WARN]: Acacia Boat (vehicle of _gary_825) moved wrongly! 0.4900000000000091
[01:47:26] [Server thread/WARN]: Acacia Boat (vehicle of _gary_825) moved wrongly! 0.4900000000000091
[01:47:26] [Server thread/WARN]: Acacia Boat (vehicle of _gary_825) moved wrongly! 0.9900000000000091
[01:47:26] [Server thread/WARN]: Acacia Boat (vehicle of _gary_825) moved wrongly! 0.4900000000000091
[01:47:26] [Server thread/WARN]: Acacia Boat (vehicle of _gary_825) moved wrongly! 0.4900000000000091
[01:47:26] [Server thread/WARN]: Acacia Boat (vehicle of _gary_825) moved wrongly! 0.4900000000000091
[01:47:27] [Server thread/WARN]: Acacia Boat (vehicle of _gary_825) moved wrongly! 0.9900000000000091
[01:47:27] [Server thread/WARN]: Acacia Boat (vehicle of _gary_825) moved wrongly! 0.4900000000000091
[01:47:27] [Server thread/WARN]: Acacia Boat (vehicle of _gary_825) moved wrongly! 0.4900000000000091
[01:47:27] [Server thread/WARN]: Acacia Boat (vehicle of _gary_825) moved wrongly! 0.4900000000000091
[01:47:27] [Server thread/WARN]: Acacia Boat (vehicle of _gary_825) moved wrongly! 0.4900000000000091
[01:47:27] [Server thread/WARN]: Acacia Boat (vehicle of _gary_825) moved wrongly! 0.4900000000000091
[01:47:27] [Server thread/WARN]: Acacia Boat (vehicle of _gary_825) moved wrongly! 0.4900000000000091
[01:47:27] [Server thread/WARN]: Acacia Boat (vehicle of _gary_825) moved wrongly! 0.4900000000000091
[01:47:28] [Server thread/WARN]: Acacia Boat (vehicle of _gary_825) moved wrongly! 0.4900000000000091
[01:47:28] [Server thread/WARN]: Acacia Boat (vehicle of _gary_825) moved wrongly! 0.9900000000000091
[01:47:28] [Server thread/WARN]: Acacia Boat (vehicle of _gary_825) moved wrongly! 0.4900000000000091
[01:47:28] [Server thread/WARN]: Acacia Boat (vehicle of _gary_825) moved wrongly! 0.29840039859573153
[01:47:28] [Server thread/WARN]: Acacia Boat (vehicle of _gary_825) moved wrongly! 0.29840039859573153
[01:47:29] [Server thread/WARN]: Acacia Boat (vehicle of _gary_825) moved wrongly! 0.4900000000000091
[01:47:29] [Server thread/WARN]: Acacia Boat (vehicle of _gary_825) moved wrongly! 0.9900000000000091
[01:47:29] [Server thread/WARN]: Acacia Boat (vehicle of _gary_825) moved wrongly! 0.4900000000000091
[01:47:29] [Server thread/WARN]: Acacia Boat (vehicle of _gary_825) moved wrongly! 0.29840039859573153
[01:47:29] [Server thread/WARN]: Acacia Boat (vehicle of _gary_825) moved wrongly! 0.29840039859573153
[01:47:30] [Server thread/WARN]: Acacia Boat (vehicle of _gary_825) moved wrongly! 0.9900000000000091
[01:47:30] [Server thread/WARN]: Acacia Boat (vehicle of _gary_825) moved wrongly! 0.9900000000000091
[01:47:31] [Server thread/WARN]: Acacia Boat (vehicle of _gary_825) moved wrongly! 0.6984003747538736
[01:47:31] [Server thread/WARN]: Acacia Boat (vehicle of _gary_825) moved wrongly! 0.4900000000000091
[01:47:31] [Server thread/WARN]: Acacia Boat (vehicle of _gary_825) moved wrongly! 0.29840039859573153
[01:47:31] [Server thread/WARN]: Acacia Boat (vehicle of _gary_825) moved wrongly! 0.29840039859573153
[01:47:32] [Server thread/WARN]: Acacia Boat (vehicle of _gary_825) moved wrongly! 0.4900000000000091
[01:47:32] [Server thread/WARN]: Acacia Boat (vehicle of _gary_825) moved wrongly! 0.4900000000000091
[01:47:32] [Server thread/WARN]: Acacia Boat (vehicle of _gary_825) moved wrongly! 0.4900000000000091
[01:47:32] [Server thread/WARN]: Acacia Boat (vehicle of _gary_825) moved wrongly! 0.4900000000000091
[01:47:32] [Server thread/WARN]: Acacia Boat (vehicle of _gary_825) moved wrongly! 0.4373340673041639
[01:47:32] [Server thread/WARN]: Acacia Boat (vehicle of _gary_825) moved wrongly! 0.4373340673041639
[01:47:33] [Server thread/WARN]: Acacia Boat (vehicle of _gary_825) moved wrongly! 0.837334043462306
[01:47:33] [Server thread/WARN]: Acacia Boat (vehicle of _gary_825) moved wrongly! 0.837334043462306
[01:47:34] [Server thread/WARN]: Acacia Boat (vehicle of _gary_825) moved wrongly! 0.3419999442101016
[01:47:34] [Server thread/WARN]: Acacia Boat (vehicle of _gary_825) moved wrongly! 0.3419999442101016
[01:47:34] [Server thread/WARN]: Acacia Boat (vehicle of _gary_825) moved wrongly! 0.4900000000000091
[01:47:34] [Server thread/WARN]: Acacia Boat (vehicle of _gary_825) moved wrongly! 0.9900000000000091
[01:47:34] [Server thread/WARN]: Acacia Boat (vehicle of _gary_825) moved wrongly! 0.4900000000000091
[01:47:34] [Server thread/WARN]: Acacia Boat (vehicle of _gary_825) moved wrongly! 0.4900000000000091
[01:47:34] [Server thread/WARN]: Acacia Boat (vehicle of _gary_825) moved wrongly! 0.4900000000000091
[01:47:35] [Server thread/WARN]: Acacia Boat (vehicle of _gary_825) moved wrongly! 0.4373340673041639
[01:47:35] [Server thread/WARN]: Acacia Boat (vehicle of _gary_825) moved wrongly! 0.4373340673041639
[01:47:35] [Server thread/WARN]: Acacia Boat (vehicle of _gary_825) moved wrongly! 0.4373340673041639
[01:47:35] [Server thread/WARN]: Acacia Boat (vehicle of _gary_825) moved wrongly! 0.4373340673041639
[01:47:36] [Server thread/WARN]: Acacia Boat (vehicle of _gary_825) moved wrongly! 0.4900000000000091
[01:47:36] [Server thread/WARN]: Acacia Boat (vehicle of _gary_825) moved wrongly! 0.9900000000000091
[01:47:36] [Server thread/WARN]: Acacia Boat (vehicle of _gary_825) moved wrongly! 0.4900000000000091
[01:47:36] [Server thread/WARN]: Acacia Boat (vehicle of _gary_825) moved wrongly! 0.29840039859573153
[01:47:36] [Server thread/WARN]: Acacia Boat (vehicle of _gary_825) moved wrongly! 0.29840039859573153
[01:47:36] [Server thread/WARN]: Acacia Boat (vehicle of _gary_825) moved wrongly! 0.4900000000000091
[01:47:37] [Server thread/WARN]: Acacia Boat (vehicle of _gary_825) moved wrongly! 0.4900000000000091
[01:47:37] [Server thread/WARN]: Acacia Boat (vehicle of _gary_825) moved wrongly! 0.4900000000000091
[01:47:37] [Server thread/WARN]: Acacia Boat (vehicle of _gary_825) moved wrongly! 0.4900000000000091
[01:47:37] [Server thread/WARN]: Acacia Boat (vehicle of _gary_825) moved wrongly! 0.4900000000000091
[01:47:37] [Server thread/WARN]: Acacia Boat (vehicle of _gary_825) moved wrongly! 0.4373340673041639
[01:47:37] [Server thread/WARN]: Acacia Boat (vehicle of _gary_825) moved wrongly! 0.4373340673041639
[01:47:38] [Server thread/WARN]: Acacia Boat (vehicle of _gary_825) moved wrongly! 0.4900000000000091
[01:47:38] [Server thread/WARN]: Acacia Boat (vehicle of _gary_825) moved wrongly! 0.9900000000000091
[01:47:38] [Server thread/WARN]: Acacia Boat (vehicle of _gary_825) moved wrongly! 0.4900000000000091
[01:47:38] [Server thread/WARN]: Acacia Boat (vehicle of _gary_825) moved wrongly! 0.29840039859573153
[01:47:38] [Server thread/WARN]: Acacia Boat (vehicle of _gary_825) moved wrongly! 0.29840039859573153
[01:47:39] [Server thread/WARN]: Acacia Boat (vehicle of _gary_825) moved wrongly! 0.4900000000000091
[01:47:39] [Server thread/WARN]: Acacia Boat (vehicle of _gary_825) moved wrongly! 0.4900000000000091
[01:47:39] [Server thread/WARN]: Acacia Boat (vehicle of _gary_825) moved wrongly! 0.4900000000000091
[01:47:39] [Server thread/WARN]: Acacia Boat (vehicle of _gary_825) moved wrongly! 0.4900000000000091
[01:47:39] [Server thread/WARN]: Acacia Boat (vehicle of _gary_825) moved wrongly! 0.4373340673041639
[01:47:39] [Server thread/WARN]: Acacia Boat (vehicle of _gary_825) moved wrongly! 0.4373340673041639
[01:47:40] [Server thread/WARN]: Acacia Boat (vehicle of _gary_825) moved wrongly! 0.4900000000000091
[01:47:40] [Server thread/WARN]: Acacia Boat (vehicle of _gary_825) moved wrongly! 0.4900000000000091
[01:47:40] [Server thread/WARN]: Acacia Boat (vehicle of _gary_825) moved wrongly! 0.4900000000000091
[01:47:40] [Server thread/WARN]: Acacia Boat (vehicle of _gary_825) moved wrongly! 0.4900000000000091
[01:47:40] [Server thread/WARN]: Acacia Boat (vehicle of _gary_825) moved wrongly! 0.9900000000000091
[01:47:40] [Server thread/WARN]: Acacia Boat (vehicle of _gary_825) moved wrongly! 0.4900000000000091
[01:47:40] [Server thread/WARN]: Acacia Boat (vehicle of _gary_825) moved wrongly! 0.4900000000000091
[01:47:40] [Server thread/WARN]: Acacia Boat (vehicle of _gary_825) moved wrongly! 0.4900000000000091
[01:47:41] [Server thread/WARN]: Acacia Boat (vehicle of _gary_825) moved wrongly! 0.4900000000000091
[01:47:41] [Server thread/WARN]: Acacia Boat (vehicle of _gary_825) moved wrongly! 0.4900000000000091
[01:47:41] [Server thread/WARN]: Acacia Boat (vehicle of _gary_825) moved wrongly! 0.4900000000000091
[01:47:41] [Server thread/WARN]: Acacia Boat (vehicle of _gary_825) moved wrongly! 0.4900000000000091
[01:47:41] [Server thread/WARN]: Acacia Boat (vehicle of _gary_825) moved wrongly! 0.4900000000000091
[01:47:41] [Server thread/WARN]: Acacia Boat (vehicle of _gary_825) moved wrongly! 0.9900000000000091
[01:47:41] [Server thread/WARN]: Acacia Boat (vehicle of _gary_825) moved wrongly! 0.4900000000000091
[01:47:41] [Server thread/WARN]: Acacia Boat (vehicle of _gary_825) moved wrongly! 0.4900000000000091
[01:47:42] [Server thread/WARN]: Acacia Boat (vehicle of _gary_825) moved wrongly! 0.4900000000000091
[01:47:42] [Server thread/WARN]: Acacia Boat (vehicle of _gary_825) moved wrongly! 0.9900000000000091
[01:47:42] [Server thread/WARN]: Acacia Boat (vehicle of _gary_825) moved wrongly! 0.4900000000000091
[01:47:42] [Server thread/WARN]: Acacia Boat (vehicle of _gary_825) moved wrongly! 0.34657813688181704
[01:47:43] [Server thread/WARN]: Acacia Boat (vehicle of _gary_825) moved wrongly! 0.34657813688181704
[01:47:43] [Server thread/WARN]: Acacia Boat (vehicle of _gary_825) moved wrongly! 0.4900000000000091
[01:47:43] [Server thread/WARN]: Acacia Boat (vehicle of _gary_825) moved wrongly! 0.4900000000000091
[01:47:43] [Server thread/WARN]: Acacia Boat (vehicle of _gary_825) moved wrongly! 0.4900000000000091
[01:47:43] [Server thread/WARN]: Acacia Boat (vehicle of _gary_825) moved wrongly! 0.9900000000000091
[01:47:43] [Server thread/WARN]: Acacia Boat (vehicle of _gary_825) moved wrongly! 0.4900000000000091
[01:47:43] [Server thread/WARN]: Acacia Boat (vehicle of _gary_825) moved wrongly! 0.4900000000000091
[01:47:43] [Server thread/WARN]: Acacia Boat (vehicle of _gary_825) moved wrongly! 0.4900000000000091
[01:47:44] [Server thread/WARN]: Acacia Boat (vehicle of _gary_825) moved wrongly! 0.4900000000000091
[01:47:44] [Server thread/WARN]: Acacia Boat (vehicle of _gary_825) moved wrongly! 0.4900000000000091
[01:47:44] [Server thread/WARN]: Acacia Boat (vehicle of _gary_825) moved wrongly! 0.4900000000000091
[01:47:44] [Server thread/WARN]: Acacia Boat (vehicle of _gary_825) moved wrongly! 0.4900000000000091
[01:47:44] [Server thread/WARN]: Acacia Boat (vehicle of _gary_825) moved wrongly! 0.9900000000000091
[01:47:44] [Server thread/WARN]: Acacia Boat (vehicle of _gary_825) moved wrongly! 0.9900000000000091
[01:47:45] [Server thread/WARN]: Acacia Boat (vehicle of _gary_825) moved wrongly! 0.6984003747538736
[01:47:45] [Server thread/WARN]: Acacia Boat (vehicle of _gary_825) moved wrongly! 0.4900000000000091
[01:47:45] [Server thread/WARN]: Acacia Boat (vehicle of _gary_825) moved wrongly! 0.4900000000000091
[01:47:45] [Server thread/WARN]: Acacia Boat (vehicle of _gary_825) moved wrongly! 0.4900000000000091
[01:47:46] [Server thread/WARN]: Acacia Boat (vehicle of _gary_825) moved wrongly! 0.9900000000000091
[01:47:46] [Server thread/WARN]: Acacia Boat (vehicle of _gary_825) moved wrongly! 0.4900000000000091
[01:47:46] [Server thread/WARN]: Acacia Boat (vehicle of _gary_825) moved wrongly! 0.4900000000000091
[01:47:46] [Server thread/WARN]: Acacia Boat (vehicle of _gary_825) moved wrongly! 0.4900000000000091
[01:47:46] [Server thread/WARN]: Acacia Boat (vehicle of _gary_825) moved wrongly! 0.9900000000000091
[01:47:46] [Server thread/WARN]: Acacia Boat (vehicle of _gary_825) moved wrongly! 0.4900000000000091
[01:47:46] [Server thread/WARN]: Acacia Boat (vehicle of _gary_825) moved wrongly! 0.4900000000000091
[01:47:46] [Server thread/WARN]: Acacia Boat (vehicle of _gary_825) moved wrongly! 0.4900000000000091
[01:47:47] [Server thread/WARN]: Acacia Boat (vehicle of _gary_825) moved wrongly! 0.4900000000000091
[01:47:47] [Server thread/WARN]: Acacia Boat (vehicle of _gary_825) moved wrongly! 0.4900000000000091
[01:47:47] [Server thread/WARN]: Acacia Boat (vehicle of _gary_825) moved wrongly! 0.4900000000000091
[01:47:47] [Server thread/WARN]: Acacia Boat (vehicle of _gary_825) moved wrongly! 0.4900000000000091
[01:47:47] [Server thread/WARN]: Acacia Boat (vehicle of _gary_825) moved wrongly! 0.4900000000000091
[01:47:47] [Server thread/WARN]: Acacia Boat (vehicle of _gary_825) moved wrongly! 0.4900000000000091
[01:47:47] [Server thread/WARN]: Acacia Boat (vehicle of _gary_825) moved wrongly! 0.4900000000000091
[01:47:47] [Server thread/WARN]: Acacia Boat (vehicle of _gary_825) moved wrongly! 0.4900000000000091
[01:47:48] [Server thread/WARN]: Acacia Boat (vehicle of _gary_825) moved wrongly! 0.4900000000000091
[01:47:48] [Server thread/WARN]: Acacia Boat (vehicle of _gary_825) moved wrongly! 0.4900000000000091
[01:47:48] [Server thread/WARN]: Acacia Boat (vehicle of _gary_825) moved wrongly! 0.4900000000000091
[01:47:48] [Server thread/WARN]: Acacia Boat (vehicle of _gary_825) moved wrongly! 0.4900000000000091
[01:47:48] [Server thread/WARN]: Acacia Boat (vehicle of _gary_825) moved wrongly! 0.4900000000000091
[01:47:48] [Server thread/WARN]: Acacia Boat (vehicle of _gary_825) moved wrongly! 0.4900000000000091
[01:47:48] [Server thread/WARN]: Acacia Boat (vehicle of _gary_825) moved wrongly! 0.4900000000000091
[01:47:48] [Server thread/WARN]: Acacia Boat (vehicle of _gary_825) moved wrongly! 0.4900000000000091
[01:47:48] [Server thread/WARN]: Acacia Boat (vehicle of _gary_825) moved wrongly! 0.4900000000000091
[01:47:49] [Server thread/WARN]: Acacia Boat (vehicle of _gary_825) moved wrongly! 0.4900000000000091
[01:47:49] [Server thread/WARN]: Acacia Boat (vehicle of _gary_825) moved wrongly! 0.4900000000000091
[01:47:49] [Server thread/WARN]: Acacia Boat (vehicle of _gary_825) moved wrongly! 0.4900000000000091
[01:47:49] [Server thread/WARN]: Acacia Boat (vehicle of _gary_825) moved wrongly! 0.4900000000000091
[01:47:49] [Server thread/WARN]: Acacia Boat (vehicle of _gary_825) moved wrongly! 0.9900000000000091
[01:47:49] [Server thread/WARN]: Acacia Boat (vehicle of _gary_825) moved wrongly! 0.9900000000000091
[01:47:50] [Server thread/WARN]: Acacia Boat (vehicle of _gary_825) moved wrongly! 0.4900000000000091
[01:47:50] [Server thread/WARN]: Acacia Boat (vehicle of _gary_825) moved wrongly! 0.4900000000000091
[01:47:50] [Server thread/WARN]: Acacia Boat (vehicle of _gary_825) moved wrongly! 0.4900000000000091
[01:47:50] [Server thread/WARN]: Acacia Boat (vehicle of _gary_825) moved wrongly! 0.4900000000000091
[01:47:51] [Server thread/WARN]: Acacia Boat (vehicle of _gary_825) moved wrongly! 0.4900000000000091
[01:47:51] [Server thread/WARN]: Acacia Boat (vehicle of _gary_825) moved wrongly! 0.4900000000000091
[01:47:51] [Server thread/WARN]: Acacia Boat (vehicle of _gary_825) moved wrongly! 0.4900000000000091
[01:47:51] [Server thread/WARN]: Acacia Boat (vehicle of _gary_825) moved wrongly! 0.4900000000000091
[01:47:51] [Server thread/WARN]: Acacia Boat (vehicle of _gary_825) moved wrongly! 0.4900000000000091
[01:47:51] [Server thread/WARN]: Acacia Boat (vehicle of _gary_825) moved wrongly! 0.9900000000000091
[01:47:51] [Server thread/WARN]: Acacia Boat (vehicle of _gary_825) moved wrongly! 0.4900000000000091
[01:47:51] [Server thread/WARN]: Acacia Boat (vehicle of _gary_825) moved wrongly! 0.4900000000000091
[01:47:52] [Server thread/WARN]: Acacia Boat (vehicle of _gary_825) moved wrongly! 0.9900000000000091
[01:47:52] [Server thread/WARN]: Acacia Boat (vehicle of _gary_825) moved wrongly! 0.4900000000000091
[01:47:52] [Server thread/WARN]: Acacia Boat (vehicle of _gary_825) moved wrongly! 0.29840039859573153
[01:47:52] [Server thread/WARN]: Acacia Boat (vehicle of _gary_825) moved wrongly! 0.4900000000000091
[01:47:53] [Server thread/WARN]: Acacia Boat (vehicle of _gary_825) moved wrongly! 0.4900000000000091
[01:47:53] [Server thread/WARN]: Acacia Boat (vehicle of _gary_825) moved wrongly! 0.4900000000000091
[01:47:53] [Server thread/WARN]: Acacia Boat (vehicle of _gary_825) moved wrongly! 0.4900000000000091
[01:47:53] [Server thread/WARN]: Acacia Boat (vehicle of _gary_825) moved wrongly! 0.4900000000000091
[01:47:53] [Server thread/WARN]: Acacia Boat (vehicle of _gary_825) moved wrongly! 0.9900000000000091
[01:47:54] [Server thread/WARN]: Acacia Boat (vehicle of _gary_825) moved wrongly! 0.9900000000000091
[01:47:56] [Server thread/WARN]: Acacia Boat (vehicle of _gary_825) moved wrongly! 0.6984003747538736
[01:47:57] [Server thread/WARN]: Acacia Boat (vehicle of _gary_825) moved wrongly! 0.4900000000000091
[01:47:57] [Server thread/WARN]: Acacia Boat (vehicle of _gary_825) moved wrongly! 0.4900000000000091
[01:47:57] [Server thread/WARN]: Acacia Boat (vehicle of _gary_825) moved wrongly! 0.4900000000000091
[01:47:58] [Server thread/WARN]: Acacia Boat (vehicle of _gary_825) moved wrongly! 0.4900000000000091
[01:47:58] [Server thread/WARN]: Acacia Boat (vehicle of _gary_825) moved wrongly! 0.4900000000000091
[01:47:58] [Server thread/WARN]: Acacia Boat (vehicle of _gary_825) moved wrongly! 0.4900000000000091
[01:47:59] [Server thread/WARN]: Acacia Boat (vehicle of _gary_825) moved wrongly! 0.4900000000000091
[01:47:59] [Server thread/WARN]: Acacia Boat (vehicle of _gary_825) moved wrongly! 0.4900000000000091
[01:47:59] [Server thread/WARN]: Acacia Boat (vehicle of _gary_825) moved wrongly! 0.4900000000000091
[01:48:00] [Server thread/WARN]: Acacia Boat (vehicle of _gary_825) moved wrongly! 0.837334043462306
[01:48:00] [Server thread/WARN]: Acacia Boat (vehicle of _gary_825) moved wrongly! 0.837334043462306
[01:48:02] [Server thread/WARN]: Acacia Boat (vehicle of _gary_825) moved wrongly! 0.337334043462306
[01:48:02] [Server thread/WARN]: Acacia Boat (vehicle of _gary_825) moved wrongly! 0.4900000000000091
[01:48:02] [Server thread/WARN]: Acacia Boat (vehicle of _gary_825) moved wrongly! 0.4900000000000091
[01:48:02] [Server thread/WARN]: Acacia Boat (vehicle of _gary_825) moved wrongly! 0.4900000000000091
[01:48:02] [Server thread/WARN]: Acacia Boat (vehicle of _gary_825) moved wrongly! 0.4900000000000091
[01:48:02] [Server thread/WARN]: Acacia Boat (vehicle of _gary_825) moved wrongly! 0.4900000000000091
[01:48:03] [Server thread/WARN]: Acacia Boat (vehicle of _gary_825) moved wrongly! 0.4900000000000091
[01:48:03] [Server thread/WARN]: Acacia Boat (vehicle of _gary_825) moved wrongly! 0.4900000000000091
[01:48:03] [Server thread/WARN]: Acacia Boat (vehicle of _gary_825) moved wrongly! 0.4900000000000091
[01:48:03] [Server thread/WARN]: Acacia Boat (vehicle of _gary_825) moved wrongly! 0.4900000000000091
[01:48:03] [Server thread/WARN]: Acacia Boat (vehicle of _gary_825) moved wrongly! 0.44657816072367496
[01:48:04] [Server thread/WARN]: Acacia Boat (vehicle of _gary_825) moved wrongly! 0.9900000000000091
[01:48:04] [Server thread/WARN]: Acacia Boat (vehicle of _gary_825) moved wrongly! 0.9900000000000091
[01:48:05] [Server thread/WARN]: Acacia Boat (vehicle of _gary_825) moved wrongly! 0.4900000000000091
[01:48:05] [Server thread/WARN]: Acacia Boat (vehicle of _gary_825) moved wrongly! 0.4900000000000091
[01:48:05] [Server thread/WARN]: Acacia Boat (vehicle of _gary_825) moved wrongly! 0.4900000000000091
[01:48:05] [Server thread/WARN]: Acacia Boat (vehicle of _gary_825) moved wrongly! 0.4900000000000091
[01:48:05] [Server thread/WARN]: Acacia Boat (vehicle of _gary_825) moved wrongly! 0.4900000000000091
[01:48:05] [Server thread/WARN]: Acacia Boat (vehicle of _gary_825) moved wrongly! 0.4900000000000091
[01:48:06] [Server thread/WARN]: Acacia Boat (vehicle of _gary_825) moved wrongly! 0.337334043462306
[01:48:06] [Server thread/WARN]: Acacia Boat (vehicle of _gary_825) moved wrongly! 0.837334043462306
[01:48:06] [Server thread/WARN]: Acacia Boat (vehicle of _gary_825) moved wrongly! 0.4900000000000091
[01:48:06] [Server thread/WARN]: Acacia Boat (vehicle of _gary_825) moved wrongly! 0.4900000000000091
[01:48:06] [Server thread/WARN]: Acacia Boat (vehicle of _gary_825) moved wrongly! 0.4900000000000091
[01:48:07] [Server thread/WARN]: Acacia Boat (vehicle of _gary_825) moved wrongly! 0.4900000000000091
[01:48:07] [Server thread/WARN]: Acacia Boat (vehicle of _gary_825) moved wrongly! 0.4900000000000091
[01:48:07] [Server thread/WARN]: Acacia Boat (vehicle of _gary_825) moved wrongly! 0.4900000000000091
[01:48:07] [Server thread/WARN]: Acacia Boat (vehicle of _gary_825) moved wrongly! 0.4900000000000091
[01:48:07] [Server thread/WARN]: Acacia Boat (vehicle of _gary_825) moved wrongly! 0.4900000000000091
[01:48:07] [Server thread/WARN]: Acacia Boat (vehicle of _gary_825) moved wrongly! 0.9900000000000091
[01:48:07] [Server thread/WARN]: Acacia Boat (vehicle of _gary_825) moved wrongly! 0.4900000000000091
[01:48:07] [Server thread/WARN]: Acacia Boat (vehicle of _gary_825) moved wrongly! 0.4900000000000091
[01:48:08] [Server thread/WARN]: Acacia Boat (vehicle of _gary_825) moved wrongly! 0.9900000000000091
[01:48:08] [Server thread/WARN]: Acacia Boat (vehicle of _gary_825) moved wrongly! 0.9900000000000091
[01:48:09] [Server thread/WARN]: Acacia Boat (vehicle of _gary_825) moved wrongly! 0.4900000000000091
[01:48:09] [Server thread/WARN]: Acacia Boat (vehicle of _gary_825) moved wrongly! 0.4900000000000091
[01:48:09] [Server thread/WARN]: Acacia Boat (vehicle of _gary_825) moved wrongly! 0.4900000000000091
[01:48:09] [Server thread/WARN]: Acacia Boat (vehicle of _gary_825) moved wrongly! 0.9900000000000091
[01:48:09] [Server thread/WARN]: Acacia Boat (vehicle of _gary_825) moved wrongly! 0.9900000000000091
[01:48:10] [Server thread/WARN]: Acacia Boat (vehicle of _gary_825) moved wrongly! 0.4900000000000091
[01:48:10] [Server thread/WARN]: Acacia Boat (vehicle of _gary_825) moved wrongly! 0.4900000000000091
[01:48:10] [Server thread/WARN]: Acacia Boat (vehicle of _gary_825) moved wrongly! 0.4900000000000091
[01:48:11] [Server thread/WARN]: Acacia Boat (vehicle of _gary_825) moved wrongly! 0.4900000000000091
[01:48:11] [Server thread/WARN]: Acacia Boat (vehicle of _gary_825) moved wrongly! 0.4900000000000091
[01:48:11] [Server thread/WARN]: Acacia Boat (vehicle of _gary_825) moved wrongly! 0.4900000000000091
[01:48:11] [Server thread/WARN]: Acacia Boat (vehicle of _gary_825) moved wrongly! 0.4900000000000091
[01:48:11] [Server thread/WARN]: Acacia Boat (vehicle of _gary_825) moved wrongly! 0.9900000000000091
[01:48:11] [Server thread/WARN]: Acacia Boat (vehicle of _gary_825) moved wrongly! 0.9900000000000091
[01:48:12] [Server thread/WARN]: Acacia Boat (vehicle of _gary_825) moved wrongly! 0.29840039859573153
[01:48:12] [Server thread/WARN]: Acacia Boat (vehicle of _gary_825) moved wrongly! 0.29840039859573153
[01:48:12] [Server thread/WARN]: Acacia Boat (vehicle of _gary_825) moved wrongly! 0.4900000000000091
[01:48:12] [Server thread/WARN]: Acacia Boat (vehicle of _gary_825) moved wrongly! 0.9900000000000091
[01:48:12] [Server thread/WARN]: Acacia Boat (vehicle of _gary_825) moved wrongly! 0.4900000000000091
[01:48:13] [Server thread/WARN]: Acacia Boat (vehicle of _gary_825) moved wrongly! 0.4900000000000091
[01:48:13] [Server thread/WARN]: Acacia Boat (vehicle of _gary_825) moved wrongly! 0.4900000000000091
[01:48:13] [Server thread/WARN]: Acacia Boat (vehicle of _gary_825) moved wrongly! 0.4900000000000091
[01:48:14] [Server thread/WARN]: Acacia Boat (vehicle of _gary_825) moved wrongly! 0.4900000000000091
[01:48:14] [Server thread/WARN]: Acacia Boat (vehicle of _gary_825) moved wrongly! 0.4900000000000091
[01:48:14] [Server thread/WARN]: Acacia Boat (vehicle of _gary_825) moved wrongly! 0.4900000000000091
[01:48:14] [Server thread/WARN]: Acacia Boat (vehicle of _gary_825) moved wrongly! 0.4900000000000091
[01:48:14] [Server thread/WARN]: Acacia Boat (vehicle of _gary_825) moved wrongly! 0.4373340673041639
[01:48:14] [Server thread/WARN]: Acacia Boat (vehicle of _gary_825) moved wrongly! 0.4373340673041639
[01:48:15] [Server thread/WARN]: Acacia Boat (vehicle of _gary_825) moved wrongly! 0.4900000000000091
[01:48:15] [Server thread/WARN]: Acacia Boat (vehicle of _gary_825) moved wrongly! 0.4900000000000091
[01:48:15] [Server thread/WARN]: Acacia Boat (vehicle of _gary_825) moved wrongly! 0.4900000000000091
[01:48:15] [Server thread/WARN]: Acacia Boat (vehicle of _gary_825) moved wrongly! 0.9900000000000091
[01:48:15] [Server thread/WARN]: Acacia Boat (vehicle of _gary_825) moved wrongly! 0.9900000000000091
[01:48:16] [Server thread/WARN]: Acacia Boat (vehicle of _gary_825) moved wrongly! 0.7419999203680163
[01:48:16] [Server thread/WARN]: Acacia Boat (vehicle of _gary_825) moved wrongly! 0.4900000000000091
[01:48:16] [Server thread/WARN]: Acacia Boat (vehicle of _gary_825) moved wrongly! 0.4900000000000091
[01:48:17] [Server thread/WARN]: Acacia Boat (vehicle of _gary_825) moved wrongly! 0.4900000000000091
[01:48:17] [Server thread/WARN]: Acacia Boat (vehicle of _gary_825) moved wrongly! 0.4900000000000091
[01:48:17] [Server thread/WARN]: Acacia Boat (vehicle of _gary_825) moved wrongly! 0.4900000000000091
[01:48:17] [Server thread/WARN]: Acacia Boat (vehicle of _gary_825) moved wrongly! 0.4900000000000091
[01:48:17] [Server thread/WARN]: Acacia Boat (vehicle of _gary_825) moved wrongly! 0.337334043462306
[01:48:18] [Server thread/WARN]: Acacia Boat (vehicle of _gary_825) moved wrongly! 0.837334043462306
[01:48:18] [Server thread/WARN]: Acacia Boat (vehicle of _gary_825) moved wrongly! 0.4900000000000091
[01:48:18] [Server thread/WARN]: Acacia Boat (vehicle of _gary_825) moved wrongly! 0.4900000000000091
[01:48:18] [Server thread/WARN]: Acacia Boat (vehicle of _gary_825) moved wrongly! 0.4900000000000091
[01:48:18] [Server thread/WARN]: Acacia Boat (vehicle of _gary_825) moved wrongly! 0.9900000000000091
[01:48:18] [Server thread/WARN]: Acacia Boat (vehicle of _gary_825) moved wrongly! 0.4900000000000091
[01:48:18] [Server thread/WARN]: Acacia Boat (vehicle of _gary_825) moved wrongly! 0.4900000000000091
[01:48:18] [Server thread/WARN]: Acacia Boat (vehicle of _gary_825) moved wrongly! 0.4900000000000091
[01:48:19] [Server thread/WARN]: Acacia Boat (vehicle of _gary_825) moved wrongly! 0.4900000000000091
[01:48:19] [Server thread/WARN]: Acacia Boat (vehicle of _gary_825) moved wrongly! 0.4900000000000091
[01:48:19] [Server thread/WARN]: Acacia Boat (vehicle of _gary_825) moved wrongly! 0.4900000000000091
[01:48:19] [Server thread/WARN]: Acacia Boat (vehicle of _gary_825) moved wrongly! 0.4900000000000091
[01:48:19] [Server thread/WARN]: Acacia Boat (vehicle of _gary_825) moved wrongly! 0.4900000000000091
[01:48:19] [Server thread/WARN]: Acacia Boat (vehicle of _gary_825) moved wrongly! 0.9900000000000091
[01:48:19] [Server thread/WARN]: Acacia Boat (vehicle of _gary_825) moved wrongly! 0.4900000000000091
[01:48:19] [Server thread/WARN]: Acacia Boat (vehicle of _gary_825) moved wrongly! 0.4900000000000091
[01:48:20] [Server thread/WARN]: Acacia Boat (vehicle of _gary_825) moved wrongly! 0.4900000000000091
[01:48:20] [Server thread/WARN]: Acacia Boat (vehicle of _gary_825) moved wrongly! 0.9900000000000091
[01:48:20] [Server thread/WARN]: Acacia Boat (vehicle of _gary_825) moved wrongly! 0.4900000000000091
[01:48:20] [Server thread/WARN]: Acacia Boat (vehicle of _gary_825) moved wrongly! 0.29840039859573153
[01:48:20] [Server thread/WARN]: Acacia Boat (vehicle of _gary_825) moved wrongly! 0.29840039859573153
[01:48:21] [Server thread/WARN]: Acacia Boat (vehicle of _gary_825) moved wrongly! 0.6984003747538736
[01:48:22] [Server thread/WARN]: Acacia Boat (vehicle of _gary_825) moved wrongly! 0.4900000000000091
[01:48:22] [Server thread/WARN]: Acacia Boat (vehicle of _gary_825) moved wrongly! 0.4900000000000091
[01:48:22] [Server thread/WARN]: Acacia Boat (vehicle of _gary_825) moved wrongly! 0.4900000000000091
[01:48:22] [Server thread/WARN]: Acacia Boat (vehicle of _gary_825) moved wrongly! 0.4900000000000091
[01:48:22] [Server thread/WARN]: Acacia Boat (vehicle of _gary_825) moved wrongly! 0.4900000000000091
[01:48:23] [Server thread/WARN]: Acacia Boat (vehicle of _gary_825) moved wrongly! 0.4900000000000091
[01:48:23] [Server thread/WARN]: Acacia Boat (vehicle of _gary_825) moved wrongly! 0.4900000000000091
[01:48:23] [Server thread/WARN]: Acacia Boat (vehicle of _gary_825) moved wrongly! 0.4900000000000091
[01:48:23] [Server thread/WARN]: Acacia Boat (vehicle of _gary_825) moved wrongly! 0.4900000000000091
[01:48:23] [Server thread/WARN]: Acacia Boat (vehicle of _gary_825) moved wrongly! 0.4373340673041639
[01:48:23] [Server thread/WARN]: Acacia Boat (vehicle of _gary_825) moved wrongly! 0.4373340673041639
[01:48:24] [Server thread/WARN]: Acacia Boat (vehicle of _gary_825) moved wrongly! 0.4373340673041639
[01:48:24] [Server thread/WARN]: Acacia Boat (vehicle of _gary_825) moved wrongly! 0.4900000000000091
[01:48:24] [Server thread/WARN]: Acacia Boat (vehicle of _gary_825) moved wrongly! 0.9900000000000091
[01:48:24] [Server thread/WARN]: Acacia Boat (vehicle of _gary_825) moved wrongly! 0.4900000000000091
[01:48:24] [Server thread/WARN]: Acacia Boat (vehicle of _gary_825) moved wrongly! 0.4900000000000091
[01:48:24] [Server thread/WARN]: Acacia Boat (vehicle of _gary_825) moved wrongly! 0.4900000000000091
[01:48:25] [Server thread/WARN]: Acacia Boat (vehicle of _gary_825) moved wrongly! 0.4900000000000091
[01:48:25] [Server thread/WARN]: Acacia Boat (vehicle of _gary_825) moved wrongly! 0.4900000000000091
[01:48:25] [Server thread/WARN]: Acacia Boat (vehicle of _gary_825) moved wrongly! 0.4900000000000091
[01:48:25] [Server thread/WARN]: Acacia Boat (vehicle of _gary_825) moved wrongly! 0.4900000000000091
[01:48:25] [Server thread/WARN]: Acacia Boat (vehicle of _gary_825) moved wrongly! 0.4900000000000091
[01:48:25] [Server thread/WARN]: Acacia Boat (vehicle of _gary_825) moved wrongly! 0.9900000000000091
[01:48:25] [Server thread/WARN]: Acacia Boat (vehicle of _gary_825) moved wrongly! 0.4900000000000091
[01:48:25] [Server thread/WARN]: Acacia Boat (vehicle of _gary_825) moved wrongly! 0.4900000000000091
[01:48:26] [Server thread/WARN]: Acacia Boat (vehicle of _gary_825) moved wrongly! 0.9900000000000091
[01:48:26] [Server thread/WARN]: Acacia Boat (vehicle of _gary_825) moved wrongly! 0.9900000000000091
[01:48:27] [Server thread/WARN]: Acacia Boat (vehicle of _gary_825) moved wrongly! 0.4900000000000091
[01:48:27] [Server thread/WARN]: Acacia Boat (vehicle of _gary_825) moved wrongly! 0.4900000000000091
[01:48:27] [Server thread/WARN]: Acacia Boat (vehicle of _gary_825) moved wrongly! 0.4900000000000091
[01:48:27] [Server thread/WARN]: Acacia Boat (vehicle of _gary_825) moved wrongly! 0.4900000000000091
[01:48:27] [Server thread/WARN]: Acacia Boat (vehicle of _gary_825) moved wrongly! 0.4900000000000091
[01:48:27] [Server thread/WARN]: Acacia Boat (vehicle of _gary_825) moved wrongly! 0.4900000000000091
[01:48:27] [Server thread/WARN]: Acacia Boat (vehicle of _gary_825) moved wrongly! 0.4900000000000091
[01:48:27] [Server thread/WARN]: Acacia Boat (vehicle of _gary_825) moved wrongly! 0.4900000000000091
[01:48:28] [Server thread/WARN]: Acacia Boat (vehicle of _gary_825) moved wrongly! 0.9900000000000091
[01:48:28] [Server thread/WARN]: Acacia Boat (vehicle of _gary_825) moved wrongly! 0.9900000000000091
[01:48:29] [Server thread/WARN]: Acacia Boat (vehicle of _gary_825) moved wrongly! 0.6984003747538736
[01:48:29] [Server thread/WARN]: Acacia Boat (vehicle of _gary_825) moved wrongly! 0.6984003747538736
[01:48:29] [Server thread/WARN]: Acacia Boat (vehicle of _gary_825) moved wrongly! 0.34199994420987423
[01:48:29] [Server thread/WARN]: Acacia Boat (vehicle of _gary_825) moved wrongly! 0.34199994420987423
[01:48:30] [Server thread/WARN]: Acacia Boat (vehicle of _gary_825) moved wrongly! 0.29840039859573153
[01:48:30] [Server thread/WARN]: Acacia Boat (vehicle of _gary_825) moved wrongly! 0.9900000000000091
[01:48:30] [Server thread/WARN]: Acacia Boat (vehicle of _gary_825) moved wrongly! 0.3899999761581512
[01:48:30] [Server thread/WARN]: Acacia Boat (vehicle of _gary_825) moved wrongly! 0.273999974250728
[01:48:31] [Server thread/WARN]: Acacia Boat (vehicle of _gary_825) moved wrongly! 0.273999974250728
[01:48:31] [Server thread/WARN]: Acacia Boat (vehicle of _gary_825) moved wrongly! 0.4900000000000091
[01:48:31] [Server thread/WARN]: Acacia Boat (vehicle of _gary_825) moved wrongly! 0.4900000000000091
[01:48:31] [Server thread/WARN]: Acacia Boat (vehicle of _gary_825) moved wrongly! 0.4900000000000091
[01:48:31] [Server thread/WARN]: Acacia Boat (vehicle of _gary_825) moved wrongly! 0.4900000000000091
[01:48:31] [Server thread/WARN]: Acacia Boat (vehicle of _gary_825) moved wrongly! 0.9900000000000091
[01:48:31] [Server thread/WARN]: Acacia Boat (vehicle of _gary_825) moved wrongly! 0.4900000000000091
[01:48:31] [Server thread/WARN]: Acacia Boat (vehicle of _gary_825) moved wrongly! 0.4900000000000091
[01:48:32] [Server thread/WARN]: Acacia Boat (vehicle of _gary_825) moved wrongly! 0.4900000000000091
[01:48:32] [Server thread/WARN]: Acacia Boat (vehicle of _gary_825) moved wrongly! 0.4900000000000091
[01:48:32] [Server thread/WARN]: Acacia Boat (vehicle of _gary_825) moved wrongly! 0.4900000000000091
[01:48:32] [Server thread/WARN]: Acacia Boat (vehicle of _gary_825) moved wrongly! 0.4900000000000091
[01:48:32] [Server thread/WARN]: Acacia Boat (vehicle of _gary_825) moved wrongly! 0.9900000000000091
[01:48:32] [Server thread/WARN]: Acacia Boat (vehicle of _gary_825) moved wrongly! 0.4900000000000091
[01:48:32] [Server thread/WARN]: Acacia Boat (vehicle of _gary_825) moved wrongly! 0.4900000000000091
[01:48:32] [Server thread/WARN]: Acacia Boat (vehicle of _gary_825) moved wrongly! 0.4900000000000091
[01:48:33] [Server thread/WARN]: Acacia Boat (vehicle of _gary_825) moved wrongly! 0.9900000000000091
[01:48:33] [Server thread/WARN]: Acacia Boat (vehicle of _gary_825) moved wrongly! 0.4900000000000091
[01:48:33] [Server thread/WARN]: Acacia Boat (vehicle of _gary_825) moved wrongly! 0.4900000000000091
[01:48:33] [Server thread/WARN]: Acacia Boat (vehicle of _gary_825) moved wrongly! 0.4900000000000091
[01:48:33] [Server thread/WARN]: Acacia Boat (vehicle of _gary_825) moved wrongly! 0.4900000000000091
[01:48:33] [Server thread/WARN]: Acacia Boat (vehicle of _gary_825) moved wrongly! 0.4900000000000091
[01:48:33] [Server thread/WARN]: Acacia Boat (vehicle of _gary_825) moved wrongly! 0.4900000000000091
[01:48:33] [Server thread/WARN]: Acacia Boat (vehicle of _gary_825) moved wrongly! 0.4900000000000091
[01:48:33] [Server thread/WARN]: Acacia Boat (vehicle of _gary_825) moved wrongly! 0.4900000000000091
[01:48:34] [Server thread/WARN]: Acacia Boat (vehicle of _gary_825) moved wrongly! 0.4900000000000091
[01:48:34] [Server thread/WARN]: Acacia Boat (vehicle of _gary_825) moved wrongly! 0.4900000000000091
[01:48:34] [Server thread/WARN]: Acacia Boat (vehicle of _gary_825) moved wrongly! 0.4900000000000091
[01:48:34] [Server thread/WARN]: Acacia Boat (vehicle of _gary_825) moved wrongly! 0.4900000000000091
[01:48:34] [Server thread/WARN]: Acacia Boat (vehicle of _gary_825) moved wrongly! 0.4900000000000091
[01:48:34] [Server thread/WARN]: Acacia Boat (vehicle of _gary_825) moved wrongly! 0.9900000000000091
[01:48:34] [Server thread/WARN]: Acacia Boat (vehicle of _gary_825) moved wrongly! 0.4900000000000091
[01:48:34] [Server thread/WARN]: Acacia Boat (vehicle of _gary_825) moved wrongly! 0.4900000000000091
[01:48:35] [Server thread/WARN]: Acacia Boat (vehicle of _gary_825) moved wrongly! 0.4900000000000091
[01:48:35] [Server thread/WARN]: Acacia Boat (vehicle of _gary_825) moved wrongly! 0.4900000000000091
[01:48:35] [Server thread/WARN]: Acacia Boat (vehicle of _gary_825) moved wrongly! 0.4900000000000091
[01:48:35] [Server thread/WARN]: Acacia Boat (vehicle of _gary_825) moved wrongly! 0.4900000000000091
[01:48:35] [Server thread/WARN]: Acacia Boat (vehicle of _gary_825) moved wrongly! 0.4373340673041639
[01:48:35] [Server thread/WARN]: Acacia Boat (vehicle of _gary_825) moved wrongly! 0.4900000000000091
[01:48:36] [Server thread/WARN]: Acacia Boat (vehicle of _gary_825) moved wrongly! 0.4900000000000091
[01:48:36] [Server thread/WARN]: Acacia Boat (vehicle of _gary_825) moved wrongly! 0.4900000000000091
[01:48:36] [Server thread/WARN]: Acacia Boat (vehicle of _gary_825) moved wrongly! 0.4900000000000091
[01:48:36] [Server thread/WARN]: Acacia Boat (vehicle of _gary_825) moved wrongly! 0.4900000000000091
[01:48:36] [Server thread/WARN]: Acacia Boat (vehicle of _gary_825) moved wrongly! 0.4900000000000091
[01:48:36] [Server thread/WARN]: Acacia Boat (vehicle of _gary_825) moved wrongly! 0.4900000000000091
[01:48:36] [Server thread/WARN]: Acacia Boat (vehicle of _gary_825) moved wrongly! 0.4900000000000091
[01:48:36] [Server thread/WARN]: Acacia Boat (vehicle of _gary_825) moved wrongly! 0.4900000000000091
[01:48:36] [Server thread/WARN]: Acacia Boat (vehicle of _gary_825) moved wrongly! 0.4900000000000091
[01:48:37] [Server thread/WARN]: Acacia Boat (vehicle of _gary_825) moved wrongly! 0.4900000000000091
[01:48:37] [Server thread/WARN]: Acacia Boat (vehicle of _gary_825) moved wrongly! 0.4900000000000091
[01:48:37] [Server thread/WARN]: Acacia Boat (vehicle of _gary_825) moved wrongly! 0.4900000000000091
[01:48:37] [Server thread/WARN]: Acacia Boat (vehicle of _gary_825) moved wrongly! 0.4900000000000091
[01:48:37] [Server thread/WARN]: Acacia Boat (vehicle of _gary_825) moved wrongly! 0.337334043462306
[01:48:38] [Server thread/WARN]: Acacia Boat (vehicle of _gary_825) moved wrongly! 0.337334043462306
[01:48:38] [Server thread/WARN]: Acacia Boat (vehicle of _gary_825) moved wrongly! 0.4900000000000091
[01:48:38] [Server thread/WARN]: Acacia Boat (vehicle of _gary_825) moved wrongly! 0.4900000000000091
[01:48:38] [Server thread/WARN]: Acacia Boat (vehicle of _gary_825) moved wrongly! 0.4900000000000091
[01:48:38] [Server thread/WARN]: Acacia Boat (vehicle of _gary_825) moved wrongly! 0.9900000000000091
[01:48:38] [Server thread/WARN]: Acacia Boat (vehicle of _gary_825) moved wrongly! 0.9900000000000091
[01:48:39] [Server thread/WARN]: Acacia Boat (vehicle of _gary_825) moved wrongly! 0.29840039859573153
[01:48:39] [Server thread/WARN]: Acacia Boat (vehicle of _gary_825) moved wrongly! 0.29840039859573153
[01:48:39] [Server thread/WARN]: Acacia Boat (vehicle of _gary_825) moved wrongly! 0.44657816072367496
[01:48:39] [Server thread/WARN]: Acacia Boat (vehicle of _gary_825) moved wrongly! 0.4900000000000091
[01:48:40] [Server thread/WARN]: Acacia Boat (vehicle of _gary_825) moved wrongly! 0.4900000000000091
[01:48:40] [Server thread/WARN]: Acacia Boat (vehicle of _gary_825) moved wrongly! 0.4900000000000091
[01:48:40] [Server thread/WARN]: Acacia Boat (vehicle of _gary_825) moved wrongly! 0.4900000000000091
[01:48:40] [Server thread/WARN]: Acacia Boat (vehicle of _gary_825) moved wrongly! 0.4900000000000091
[01:48:40] [Server thread/WARN]: Acacia Boat (vehicle of _gary_825) moved wrongly! 0.4900000000000091
[01:48:40] [Server thread/WARN]: Acacia Boat (vehicle of _gary_825) moved wrongly! 0.4900000000000091
[01:48:40] [Server thread/WARN]: Acacia Boat (vehicle of _gary_825) moved wrongly! 0.4900000000000091
[01:48:40] [Server thread/WARN]: Acacia Boat (vehicle of _gary_825) moved wrongly! 0.4900000000000091
[01:48:41] [Server thread/WARN]: Acacia Boat (vehicle of _gary_825) moved wrongly! 0.4750401988264912
[01:48:41] [Server thread/WARN]: Acacia Boat (vehicle of _gary_825) moved wrongly! 0.4750401988264912
[01:48:41] [Server thread/WARN]: Acacia Boat (vehicle of _gary_825) moved wrongly! 0.9900000000000091
[01:48:42] [Server thread/WARN]: Acacia Boat (vehicle of _gary_825) moved wrongly! 0.4900000000000091
[01:48:42] [Server thread/WARN]: Acacia Boat (vehicle of _gary_825) moved wrongly! 0.4900000000000091
[01:48:42] [Server thread/WARN]: Acacia Boat (vehicle of _gary_825) moved wrongly! 0.4900000000000091
[01:48:42] [Server thread/WARN]: Acacia Boat (vehicle of _gary_825) moved wrongly! 0.4900000000000091
[01:48:42] [Server thread/WARN]: Acacia Boat (vehicle of _gary_825) moved wrongly! 0.4900000000000091
[01:48:42] [Server thread/WARN]: Acacia Boat (vehicle of _gary_825) moved wrongly! 0.4900000000000091
[01:48:43] [Server thread/WARN]: Acacia Boat (vehicle of _gary_825) moved wrongly! 0.9900000000000091
[01:48:43] [Server thread/WARN]: Acacia Boat (vehicle of _gary_825) moved wrongly! 0.4900000000000091
[01:48:43] [Server thread/WARN]: Acacia Boat (vehicle of _gary_825) moved wrongly! 0.4900000000000091
[01:48:43] [Server thread/WARN]: Acacia Boat (vehicle of _gary_825) moved wrongly! 0.4900000000000091
[01:48:43] [Server thread/WARN]: Acacia Boat (vehicle of _gary_825) moved wrongly! 0.9900000000000091
[01:48:43] [Server thread/WARN]: Acacia Boat (vehicle of _gary_825) moved wrongly! 0.4900000000000091
[01:48:43] [Server thread/WARN]: Acacia Boat (vehicle of _gary_825) moved wrongly! 0.4900000000000091
[01:48:43] [Server thread/WARN]: Acacia Boat (vehicle of _gary_825) moved wrongly! 0.4900000000000091
[01:48:44] [Server thread/WARN]: Acacia Boat (vehicle of _gary_825) moved wrongly! 0.9900000000000091
[01:48:44] [Server thread/WARN]: Acacia Boat (vehicle of _gary_825) moved wrongly! 0.4900000000000091
[01:48:44] [Server thread/WARN]: Acacia Boat (vehicle of _gary_825) moved wrongly! 0.4900000000000091
[01:48:44] [Server thread/WARN]: Acacia Boat (vehicle of _gary_825) moved wrongly! 0.4900000000000091
[01:48:44] [Server thread/WARN]: Acacia Boat (vehicle of _gary_825) moved wrongly! 0.9900000000000091
[01:48:44] [Server thread/WARN]: Acacia Boat (vehicle of _gary_825) moved wrongly! 0.4900000000000091
[01:48:45] [Server thread/WARN]: Acacia Boat (vehicle of _gary_825) moved wrongly! 0.44657816072367496
[01:48:46] [Server thread/WARN]: Acacia Boat (vehicle of _gary_825) moved wrongly! 0.9900000000000091
[01:48:46] [Server thread/WARN]: Acacia Boat (vehicle of _gary_825) moved wrongly! 0.9900000000000091
[01:48:46] [Server thread/WARN]: Acacia Boat (vehicle of _gary_825) moved wrongly! 0.29840039859573153
[01:48:46] [Server thread/WARN]: Acacia Boat (vehicle of _gary_825) moved wrongly! 0.29840039859573153
[01:48:47] [Server thread/WARN]: Acacia Boat (vehicle of _gary_825) moved wrongly! 0.29840039859573153
[01:48:47] [Server thread/WARN]: Acacia Boat (vehicle of _gary_825) moved wrongly! 0.29840039859573153
[01:48:47] [Server thread/WARN]: Acacia Boat (vehicle of _gary_825) moved wrongly! 0.4900000000000091
[01:48:47] [Server thread/WARN]: Acacia Boat (vehicle of _gary_825) moved wrongly! 0.4900000000000091
[01:48:47] [Server thread/WARN]: Acacia Boat (vehicle of _gary_825) moved wrongly! 0.4900000000000091
[01:48:47] [Server thread/WARN]: Acacia Boat (vehicle of _gary_825) moved wrongly! 0.4900000000000091
[01:48:48] [Server thread/WARN]: Acacia Boat (vehicle of _gary_825) moved wrongly! 0.5750402226683491
[01:48:48] [Server thread/WARN]: Acacia Boat (vehicle of _gary_825) moved wrongly! 0.5750402226683491
[01:48:48] [Server thread/WARN]: Acacia Boat (vehicle of _gary_825) moved wrongly! 0.337334043462306
[01:48:49] [Server thread/WARN]: Acacia Boat (vehicle of _gary_825) moved wrongly! 0.337334043462306
[01:48:49] [Server thread/WARN]: Acacia Boat (vehicle of _gary_825) moved wrongly! 0.4900000000000091
[01:48:49] [Server thread/WARN]: Acacia Boat (vehicle of _gary_825) moved wrongly! 0.4900000000000091
[01:48:49] [Server thread/WARN]: Acacia Boat (vehicle of _gary_825) moved wrongly! 0.4900000000000091
[01:48:49] [Server thread/WARN]: Acacia Boat (vehicle of _gary_825) moved wrongly! 0.4900000000000091
[01:48:49] [Server thread/WARN]: Acacia Boat (vehicle of _gary_825) moved wrongly! 0.9900000000000091
[01:48:49] [Server thread/WARN]: Acacia Boat (vehicle of _gary_825) moved wrongly! 0.4900000000000091
[01:48:49] [Server thread/WARN]: Acacia Boat (vehicle of _gary_825) moved wrongly! 0.4900000000000091
[01:48:49] [Server thread/WARN]: Acacia Boat (vehicle of _gary_825) moved wrongly! 0.4900000000000091
[01:48:50] [Server thread/WARN]: Acacia Boat (vehicle of _gary_825) moved wrongly! 0.9900000000000091
[01:48:50] [Server thread/WARN]: Acacia Boat (vehicle of _gary_825) moved wrongly! 0.4900000000000091
[01:48:50] [Server thread/WARN]: Acacia Boat (vehicle of _gary_825) moved wrongly! 0.4900000000000091
[01:48:50] [Server thread/WARN]: Acacia Boat (vehicle of _gary_825) moved wrongly! 0.4900000000000091
[01:48:50] [Server thread/WARN]: Acacia Boat (vehicle of _gary_825) moved wrongly! 0.4900000000000091
[01:48:50] [Server thread/WARN]: Acacia Boat (vehicle of _gary_825) moved wrongly! 0.4900000000000091
[01:48:50] [Server thread/WARN]: Acacia Boat (vehicle of _gary_825) moved wrongly! 0.4900000000000091
[01:48:50] [Server thread/WARN]: Acacia Boat (vehicle of _gary_825) moved wrongly! 0.4900000000000091
[01:48:51] [Server thread/WARN]: Acacia Boat (vehicle of _gary_825) moved wrongly! 0.9900000000000091
[01:48:51] [Server thread/WARN]: Acacia Boat (vehicle of _gary_825) moved wrongly! 0.9900000000000091
[01:48:51] [Server thread/WARN]: Acacia Boat (vehicle of _gary_825) moved wrongly! 0.29840039859573153
[01:48:51] [Server thread/WARN]: Acacia Boat (vehicle of _gary_825) moved wrongly! 0.29840039859573153
[01:48:52] [Server thread/WARN]: Acacia Boat (vehicle of _gary_825) moved wrongly! 0.9900000000000091
[01:48:52] [Server thread/WARN]: Acacia Boat (vehicle of _gary_825) moved wrongly! 0.9900000000000091
[01:48:52] [Server thread/WARN]: Acacia Boat (vehicle of _gary_825) moved wrongly! 0.4373340673041639
[01:48:52] [Server thread/WARN]: Acacia Boat (vehicle of _gary_825) moved wrongly! 0.4373340673041639
[01:48:53] [Server thread/WARN]: Acacia Boat (vehicle of _gary_825) moved wrongly! 0.9900000000000091
[01:48:53] [Server thread/WARN]: Acacia Boat (vehicle of _gary_825) moved wrongly! 0.9900000000000091
[01:48:54] [Server thread/WARN]: Acacia Boat (vehicle of _gary_825) moved wrongly! 0.4900000000000091
[01:48:54] [Server thread/WARN]: Acacia Boat (vehicle of _gary_825) moved wrongly! 0.4900000000000091
[01:48:54] [Server thread/WARN]: Acacia Boat (vehicle of _gary_825) moved wrongly! 0.4900000000000091
[01:48:54] [Server thread/WARN]: Acacia Boat (vehicle of _gary_825) moved wrongly! 0.4900000000000091
[01:48:54] [Server thread/WARN]: Acacia Boat (vehicle of _gary_825) moved wrongly! 0.9900000000000091
[01:48:54] [Server thread/WARN]: Acacia Boat (vehicle of _gary_825) moved wrongly! 0.4900000000000091
[01:48:54] [Server thread/WARN]: Acacia Boat (vehicle of _gary_825) moved wrongly! 0.4900000000000091
[01:48:55] [Server thread/WARN]: Acacia Boat (vehicle of _gary_825) moved wrongly! 0.9900000000000091
[01:48:55] [Server thread/WARN]: Acacia Boat (vehicle of _gary_825) moved wrongly! 0.9900000000000091
[01:48:55] [Server thread/WARN]: Acacia Boat (vehicle of _gary_825) moved wrongly! 0.29840039859573153
[01:48:55] [Server thread/WARN]: Acacia Boat (vehicle of _gary_825) moved wrongly! 0.29840039859573153
[01:48:56] [Server thread/WARN]: Acacia Boat (vehicle of _gary_825) moved wrongly! 0.4900000000000091
[01:48:56] [Server thread/WARN]: Acacia Boat (vehicle of _gary_825) moved wrongly! 0.4900000000000091
[01:48:56] [Server thread/WARN]: Acacia Boat (vehicle of _gary_825) moved wrongly! 0.4900000000000091
[01:48:56] [Server thread/WARN]: Acacia Boat (vehicle of _gary_825) moved wrongly! 0.4900000000000091
[01:48:56] [Server thread/WARN]: Acacia Boat (vehicle of _gary_825) moved wrongly! 0.3688901606960826
[01:48:56] [Server thread/WARN]: Acacia Boat (vehicle of _gary_825) moved wrongly! 0.8688901606960826
[01:48:56] [Server thread/WARN]: Acacia Boat (vehicle of _gary_825) moved wrongly! 0.4900000000000091
[01:48:56] [Server thread/WARN]: Acacia Boat (vehicle of _gary_825) moved wrongly! 0.4900000000000091
[01:48:57] [Server thread/WARN]: Acacia Boat (vehicle of _gary_825) moved wrongly! 0.9900000000000091
[01:48:57] [Server thread/WARN]: Acacia Boat (vehicle of _gary_825) moved wrongly! 0.9900000000000091
[01:48:57] [Server thread/WARN]: Acacia Boat (vehicle of _gary_825) moved wrongly! 0.29840039859573153
[01:48:57] [Server thread/WARN]: Acacia Boat (vehicle of _gary_825) moved wrongly! 0.29840039859573153
[01:48:58] [Server thread/WARN]: Acacia Boat (vehicle of _gary_825) moved wrongly! 0.4900000000000091
[01:48:58] [Server thread/WARN]: Acacia Boat (vehicle of _gary_825) moved wrongly! 0.4900000000000091
[01:48:58] [Server thread/WARN]: Acacia Boat (vehicle of _gary_825) moved wrongly! 0.4900000000000091
[01:48:58] [Server thread/WARN]: Acacia Boat (vehicle of _gary_825) moved wrongly! 0.4900000000000091
[01:48:59] [Server thread/WARN]: Acacia Boat (vehicle of _gary_825) moved wrongly! 0.4373340673041639
[01:48:59] [Server thread/WARN]: Acacia Boat (vehicle of _gary_825) moved wrongly! 0.4900000000000091
[01:48:59] [Server thread/WARN]: Acacia Boat (vehicle of _gary_825) moved wrongly! 0.4900000000000091
[01:48:59] [Server thread/WARN]: Acacia Boat (vehicle of _gary_825) moved wrongly! 0.4900000000000091
[01:48:59] [Server thread/WARN]: Acacia Boat (vehicle of _gary_825) moved wrongly! 0.4900000000000091
[01:49:00] [Server thread/WARN]: Acacia Boat (vehicle of _gary_825) moved wrongly! 0.44657816072367496
[01:49:00] [Server thread/WARN]: Acacia Boat (vehicle of _gary_825) moved wrongly! 0.44657816072367496
[01:49:01] [Server thread/WARN]: Acacia Boat (vehicle of _gary_825) moved wrongly! 0.29840039859573153
[01:49:01] [Server thread/WARN]: Acacia Boat (vehicle of _gary_825) moved wrongly! 0.29840039859573153
[01:49:01] [Server thread/WARN]: Acacia Boat (vehicle of _gary_825) moved wrongly! 0.4373340673041639
[01:49:02] [Server thread/WARN]: Acacia Boat (vehicle of _gary_825) moved wrongly! 0.4373340673041639
[01:49:02] [Server thread/WARN]: Acacia Boat (vehicle of _gary_825) moved wrongly! 0.4373340673041639
[01:49:02] [Server thread/WARN]: Acacia Boat (vehicle of _gary_825) moved wrongly! 0.4373340673041639
[01:49:02] [Server thread/WARN]: Acacia Boat (vehicle of _gary_825) moved wrongly! 0.4373340673041639
[01:49:03] [Server thread/WARN]: Acacia Boat (vehicle of _gary_825) moved wrongly! 0.9900000000000091
[01:49:03] [Server thread/WARN]: Acacia Boat (vehicle of _gary_825) moved wrongly! 0.9900000000000091
[01:49:03] [Server thread/WARN]: Acacia Boat (vehicle of _gary_825) moved wrongly! 0.4373340673041639
[01:49:03] [Server thread/WARN]: Acacia Boat (vehicle of _gary_825) moved wrongly! 0.4373340673041639
[01:49:04] [Server thread/WARN]: Acacia Boat (vehicle of _gary_825) moved wrongly! 0.4373340673041639
[01:49:04] [Server thread/WARN]: Acacia Boat (vehicle of _gary_825) moved wrongly! 0.4373340673041639
[01:49:04] [Server thread/WARN]: Acacia Boat (vehicle of _gary_825) moved wrongly! 0.4900000000000091
[01:49:04] [Server thread/WARN]: Acacia Boat (vehicle of _gary_825) moved wrongly! 0.9900000000000091
[01:49:04] [Server thread/WARN]: Acacia Boat (vehicle of _gary_825) moved wrongly! 0.4900000000000091
[01:49:04] [Server thread/WARN]: Acacia Boat (vehicle of _gary_825) moved wrongly! 0.4900000000000091
[01:49:05] [Server thread/WARN]: Acacia Boat (vehicle of _gary_825) moved wrongly! 0.4900000000000091
[01:49:05] [Server thread/WARN]: Acacia Boat (vehicle of _gary_825) moved wrongly! 0.4900000000000091
[01:49:05] [Server thread/WARN]: Acacia Boat (vehicle of _gary_825) moved wrongly! 0.4900000000000091
[01:49:05] [Server thread/WARN]: Acacia Boat (vehicle of _gary_825) moved wrongly! 0.4900000000000091
[01:49:06] [Server thread/WARN]: Acacia Boat (vehicle of _gary_825) moved wrongly! 0.337334043462306
[01:49:06] [Server thread/WARN]: Acacia Boat (vehicle of _gary_825) moved wrongly! 0.4900000000000091
[01:49:06] [Server thread/WARN]: Acacia Boat (vehicle of _gary_825) moved wrongly! 0.4900000000000091
[01:49:06] [Server thread/WARN]: Acacia Boat (vehicle of _gary_825) moved wrongly! 0.4900000000000091
[01:49:06] [Server thread/WARN]: Acacia Boat (vehicle of _gary_825) moved wrongly! 0.44657816072367496
[01:49:06] [Server thread/WARN]: Acacia Boat (vehicle of _gary_825) moved wrongly! 0.44657816072367496
[01:49:07] [Server thread/WARN]: Acacia Boat (vehicle of _gary_825) moved wrongly! 0.9900000000000091
[01:49:07] [Server thread/WARN]: Acacia Boat (vehicle of _gary_825) moved wrongly! 0.9900000000000091
[01:49:08] [Server thread/WARN]: Acacia Boat (vehicle of _gary_825) moved wrongly! 0.337334043462306
[01:49:08] [Server thread/WARN]: Acacia Boat (vehicle of _gary_825) moved wrongly! 0.837334043462306
[01:49:08] [Server thread/WARN]: Acacia Boat (vehicle of _gary_825) moved wrongly! 0.4900000000000091
[01:49:08] [Server thread/WARN]: Acacia Boat (vehicle of _gary_825) moved wrongly! 0.4900000000000091
[01:49:08] [Server thread/WARN]: Acacia Boat (vehicle of _gary_825) moved wrongly! 0.4900000000000091
[01:49:08] [Server thread/WARN]: Acacia Boat (vehicle of _gary_825) moved wrongly! 0.9900000000000091
[01:49:08] [Server thread/WARN]: Acacia Boat (vehicle of _gary_825) moved wrongly! 0.4900000000000091
[01:49:09] [Server thread/WARN]: Acacia Boat (vehicle of _gary_825) moved wrongly! 0.4900000000000091
[01:49:09] [Server thread/WARN]: Acacia Boat (vehicle of _gary_825) moved wrongly! 0.9900000000000091
[01:49:09] [Server thread/WARN]: Acacia Boat (vehicle of _gary_825) moved wrongly! 0.4900000000000091
[01:49:09] [Server thread/WARN]: Acacia Boat (vehicle of _gary_825) moved wrongly! 0.4900000000000091
[01:49:09] [Server thread/WARN]: Acacia Boat (vehicle of _gary_825) moved wrongly! 0.4900000000000091
[01:49:10] [Server thread/WARN]: Acacia Boat (vehicle of _gary_825) moved wrongly! 0.4900000000000091
[01:49:10] [Server thread/WARN]: Acacia Boat (vehicle of _gary_825) moved wrongly! 0.4900000000000091
[01:49:10] [Server thread/WARN]: Acacia Boat (vehicle of _gary_825) moved wrongly! 0.4900000000000091
[01:49:10] [Server thread/WARN]: Acacia Boat (vehicle of _gary_825) moved wrongly! 0.4900000000000091
[01:49:10] [Server thread/WARN]: Acacia Boat (vehicle of _gary_825) moved wrongly! 0.4900000000000091
[01:49:10] [Server thread/WARN]: Acacia Boat (vehicle of _gary_825) moved wrongly! 0.4900000000000091
[01:49:10] [Server thread/WARN]: Acacia Boat (vehicle of _gary_825) moved wrongly! 0.4900000000000091
[01:49:10] [Server thread/WARN]: Acacia Boat (vehicle of _gary_825) moved wrongly! 0.4900000000000091
[01:49:11] [Server thread/WARN]: Acacia Boat (vehicle of _gary_825) moved wrongly! 0.9900000000000091
[01:49:11] [Server thread/WARN]: Acacia Boat (vehicle of _gary_825) moved wrongly! 0.4900000000000091
[01:49:11] [Server thread/WARN]: Acacia Boat (vehicle of _gary_825) moved wrongly! 0.4900000000000091
[01:49:11] [Server thread/WARN]: Acacia Boat (vehicle of _gary_825) moved wrongly! 0.4900000000000091
[01:49:11] [Server thread/WARN]: Acacia Boat (vehicle of _gary_825) moved wrongly! 0.4900000000000091
[01:49:11] [Server thread/WARN]: Acacia Boat (vehicle of _gary_825) moved wrongly! 0.4900000000000091
[01:49:11] [Server thread/WARN]: Acacia Boat (vehicle of _gary_825) moved wrongly! 0.4900000000000091
[01:49:11] [Server thread/WARN]: Acacia Boat (vehicle of _gary_825) moved wrongly! 0.4900000000000091
[01:49:11] [Server thread/WARN]: Acacia Boat (vehicle of _gary_825) moved wrongly! 0.4900000000000091
[01:49:12] [Server thread/WARN]: Acacia Boat (vehicle of _gary_825) moved wrongly! 0.9900000000000091
[01:49:12] [Server thread/WARN]: Acacia Boat (vehicle of _gary_825) moved wrongly! 0.4900000000000091
[01:49:12] [Server thread/WARN]: Acacia Boat (vehicle of _gary_825) moved wrongly! 0.4900000000000091
[01:49:12] [Server thread/WARN]: Acacia Boat (vehicle of _gary_825) moved wrongly! 0.4900000000000091
[01:49:12] [Server thread/WARN]: Acacia Boat (vehicle of _gary_825) moved wrongly! 0.9900000000000091
[01:49:12] [Server thread/WARN]: Acacia Boat (vehicle of _gary_825) moved wrongly! 0.4900000000000091
[01:49:14] [Server thread/WARN]: Acacia Boat (vehicle of _gary_825) moved wrongly! 0.837334043462306
[01:49:14] [Server thread/WARN]: Acacia Boat (vehicle of _gary_825) moved wrongly! 0.837334043462306
[01:49:14] [Server thread/WARN]: Acacia Boat (vehicle of _gary_825) moved wrongly! 0.34199994420987423
[01:49:14] [Server thread/WARN]: Acacia Boat (vehicle of _gary_825) moved wrongly! 0.34199994420987423
[01:49:15] [Server thread/WARN]: Acacia Boat (vehicle of _gary_825) moved wrongly! 0.9900000000000091
[01:49:15] [Server thread/WARN]: Acacia Boat (vehicle of _gary_825) moved wrongly! 0.9900000000000091
[01:49:15] [Server thread/WARN]: Acacia Boat (vehicle of _gary_825) moved wrongly! 0.29840039859573153
[01:49:16] [Server thread/WARN]: Acacia Boat (vehicle of _gary_825) moved wrongly! 0.4900000000000091
[01:49:16] [Server thread/WARN]: Acacia Boat (vehicle of _gary_825) moved wrongly! 0.4900000000000091
[01:49:16] [Server thread/WARN]: Acacia Boat (vehicle of _gary_825) moved wrongly! 0.4900000000000091
[01:49:17] [Server thread/WARN]: Acacia Boat (vehicle of _gary_825) moved wrongly! 0.4900000000000091
[01:49:17] [Server thread/WARN]: Acacia Boat (vehicle of _gary_825) moved wrongly! 0.4900000000000091
[01:49:17] [Server thread/WARN]: Acacia Boat (vehicle of _gary_825) moved wrongly! 0.4900000000000091
[01:49:17] [Server thread/WARN]: Acacia Boat (vehicle of _gary_825) moved wrongly! 0.4900000000000091
[01:49:18] [Server thread/WARN]: Acacia Boat (vehicle of _gary_825) moved wrongly! 0.29840039859573153
[01:49:18] [Server thread/WARN]: Acacia Boat (vehicle of _gary_825) moved wrongly! 0.29840039859573153
[01:49:18] [Server thread/WARN]: Acacia Boat (vehicle of _gary_825) moved wrongly! 0.44657816072367496
[01:49:18] [Server thread/WARN]: Acacia Boat (vehicle of _gary_825) moved wrongly! 0.44657816072367496
[01:49:18] [Server thread/WARN]: Acacia Boat (vehicle of _gary_825) moved wrongly! 0.4900000000000091
[01:49:19] [Server thread/WARN]: Acacia Boat (vehicle of _gary_825) moved wrongly! 0.9900000000000091
[01:49:19] [Server thread/WARN]: Acacia Boat (vehicle of _gary_825) moved wrongly! 0.4900000000000091
[01:49:19] [Server thread/WARN]: Acacia Boat (vehicle of _gary_825) moved wrongly! 0.4900000000000091
[01:49:19] [Server thread/WARN]: Acacia Boat (vehicle of _gary_825) moved wrongly! 0.4900000000000091
[01:49:19] [Server thread/WARN]: Acacia Boat (vehicle of _gary_825) moved wrongly! 0.4900000000000091
[01:49:19] [Server thread/WARN]: Acacia Boat (vehicle of _gary_825) moved wrongly! 0.4900000000000091
[01:49:19] [Server thread/WARN]: Acacia Boat (vehicle of _gary_825) moved wrongly! 0.4900000000000091
[01:49:20] [Server thread/WARN]: Acacia Boat (vehicle of _gary_825) moved wrongly! 0.9900000000000091
[01:49:20] [Server thread/WARN]: Acacia Boat (vehicle of _gary_825) moved wrongly! 0.4900000000000091
[01:49:20] [Server thread/WARN]: Acacia Boat (vehicle of _gary_825) moved wrongly! 0.4900000000000091
[01:49:20] [Server thread/WARN]: Acacia Boat (vehicle of _gary_825) moved wrongly! 0.4900000000000091
[01:49:20] [Server thread/WARN]: Acacia Boat (vehicle of _gary_825) moved wrongly! 0.4900000000000091
[01:49:20] [Server thread/WARN]: Acacia Boat (vehicle of _gary_825) moved wrongly! 0.4900000000000091
[01:49:20] [Server thread/WARN]: Acacia Boat (vehicle of _gary_825) moved wrongly! 0.4900000000000091
[01:49:20] [Server thread/WARN]: Acacia Boat (vehicle of _gary_825) moved wrongly! 0.4900000000000091
[01:49:21] [Server thread/WARN]: Acacia Boat (vehicle of _gary_825) moved wrongly! 0.4900000000000091
[01:49:21] [Server thread/WARN]: Acacia Boat (vehicle of _gary_825) moved wrongly! 0.9900000000000091
[01:49:21] [Server thread/WARN]: Acacia Boat (vehicle of _gary_825) moved wrongly! 0.4900000000000091
[01:49:21] [Server thread/WARN]: Acacia Boat (vehicle of _gary_825) moved wrongly! 0.3039468548677178
[01:49:21] [Server thread/WARN]: Acacia Boat (vehicle of _gary_825) moved wrongly! 0.3039468548677178
[01:49:21] [Server thread/WARN]: Acacia Boat (vehicle of _gary_825) moved wrongly! 0.4900000000000091
[01:49:22] [Server thread/WARN]: Acacia Boat (vehicle of _gary_825) moved wrongly! 0.9900000000000091
[01:49:22] [Server thread/WARN]: Acacia Boat (vehicle of _gary_825) moved wrongly! 0.4900000000000091
[01:49:22] [Server thread/WARN]: Acacia Boat (vehicle of _gary_825) moved wrongly! 0.4900000000000091
[01:49:22] [Server thread/WARN]: Acacia Boat (vehicle of _gary_825) moved wrongly! 0.4900000000000091
[01:49:22] [Server thread/WARN]: Acacia Boat (vehicle of _gary_825) moved wrongly! 0.9900000000000091
[01:49:22] [Server thread/WARN]: Acacia Boat (vehicle of _gary_825) moved wrongly! 0.4900000000000091
[01:49:23] [Server thread/WARN]: Acacia Boat (vehicle of _gary_825) moved wrongly! 0.4900000000000091
[01:49:23] [Server thread/WARN]: Acacia Boat (vehicle of _gary_825) moved wrongly! 0.4900000000000091
[01:49:23] [Server thread/WARN]: Acacia Boat (vehicle of _gary_825) moved wrongly! 0.4900000000000091
[01:49:23] [Server thread/WARN]: Acacia Boat (vehicle of _gary_825) moved wrongly! 0.4900000000000091
[01:49:24] [Server thread/WARN]: Acacia Boat (vehicle of _gary_825) moved wrongly! 0.5750402226683491
[01:49:24] [Server thread/WARN]: Acacia Boat (vehicle of _gary_825) moved wrongly! 0.4900000000000091
[01:49:24] [Server thread/WARN]: Acacia Boat (vehicle of _gary_825) moved wrongly! 0.4900000000000091
[01:49:24] [Server thread/WARN]: Acacia Boat (vehicle of _gary_825) moved wrongly! 0.9900000000000091
[01:49:25] [Server thread/WARN]: Acacia Boat (vehicle of _gary_825) moved wrongly! 0.34199994420987423
[01:49:25] [Server thread/WARN]: Acacia Boat (vehicle of _gary_825) moved wrongly! 0.34199994420987423
[01:49:25] [Server thread/WARN]: Acacia Boat (vehicle of _gary_825) moved wrongly! 0.4900000000000091
[01:49:25] [Server thread/WARN]: Acacia Boat (vehicle of _gary_825) moved wrongly! 0.4900000000000091
[01:49:25] [Server thread/WARN]: Acacia Boat (vehicle of _gary_825) moved wrongly! 0.4900000000000091
[01:49:25] [Server thread/WARN]: Acacia Boat (vehicle of _gary_825) moved wrongly! 0.4900000000000091
[01:49:26] [Server thread/WARN]: Acacia Boat (vehicle of _gary_825) moved wrongly! 0.8688901606960826
[01:49:26] [Server thread/WARN]: Acacia Boat (vehicle of _gary_825) moved wrongly! 0.8688901606960826
[01:49:27] [Server thread/WARN]: Acacia Boat (vehicle of _gary_825) moved wrongly! 0.6984003747538736
[01:49:27] [Server thread/WARN]: Acacia Boat (vehicle of _gary_825) moved wrongly! 0.4900000000000091
[01:49:27] [Server thread/WARN]: Acacia Boat (vehicle of _gary_825) moved wrongly! 0.4900000000000091
[01:49:28] [Server thread/WARN]: Acacia Boat (vehicle of _gary_825) moved wrongly! 0.9900000000000091
[01:49:28] [Server thread/WARN]: Acacia Boat (vehicle of _gary_825) moved wrongly! 0.9900000000000091
[01:49:28] [Server thread/WARN]: Acacia Boat (vehicle of _gary_825) moved wrongly! 0.4373340673041639
[01:49:28] [Server thread/WARN]: Acacia Boat (vehicle of _gary_825) moved wrongly! 0.4373340673041639
[01:49:29] [Server thread/WARN]: Acacia Boat (vehicle of _gary_825) moved wrongly! 0.9900000000000091
[01:49:29] [Server thread/WARN]: Acacia Boat (vehicle of _gary_825) moved wrongly! 0.9900000000000091
[01:49:30] [Server thread/WARN]: Acacia Boat (vehicle of _gary_825) moved wrongly! 0.7419999203680163
[01:49:30] [Server thread/WARN]: Acacia Boat (vehicle of _gary_825) moved wrongly! 0.4900000000000091
[01:49:30] [Server thread/WARN]: Acacia Boat (vehicle of _gary_825) moved wrongly! 0.4900000000000091
[01:49:30] [Server thread/WARN]: Acacia Boat (vehicle of _gary_825) moved wrongly! 0.9900000000000091
[01:49:31] [Server thread/WARN]: Acacia Boat (vehicle of _gary_825) moved wrongly! 0.7419999203680163
[01:49:31] [Server thread/WARN]: Acacia Boat (vehicle of _gary_825) moved wrongly! 0.4900000000000091
[01:49:32] [Server thread/WARN]: Acacia Boat (vehicle of _gary_825) moved wrongly! 0.9900000000000091
[01:49:32] [Server thread/WARN]: Acacia Boat (vehicle of _gary_825) moved wrongly! 0.9900000000000091
[01:49:33] [Server thread/WARN]: Acacia Boat (vehicle of _gary_825) moved wrongly! 0.29840039859573153
[02:05:54] [Server thread/INFO]: redbean920108 has made the advancement [Remote Getaway]
[02:06:12] [Server thread/INFO]: _gary_825 has made the advancement [Remote Getaway]
[02:17:01] [Server thread/WARN]: Oak Boat (vehicle of _gary_825) moved wrongly! 0.36905292331158535
[02:17:01] [Server thread/WARN]: Oak Boat (vehicle of _gary_825) moved wrongly! 0.36905292331158535
[02:17:02] [Server thread/WARN]: Oak Boat (vehicle of _gary_825) moved wrongly! 0.3373340434622989
[02:17:02] [Server thread/WARN]: Oak Boat (vehicle of _gary_825) moved wrongly! 0.8373340434622989
[02:17:02] [Server thread/WARN]: Oak Boat (vehicle of _gary_825) moved wrongly! 0.490000000000002
[02:17:02] [Server thread/WARN]: Oak Boat (vehicle of _gary_825) moved wrongly! 0.2984003985956818
[02:17:02] [Server thread/WARN]: Oak Boat (vehicle of _gary_825) moved wrongly! 0.2984003985956818
[02:17:03] [Server thread/WARN]: Oak Boat (vehicle of _gary_825) moved wrongly! 0.3373340434622989
[02:17:03] [Server thread/WARN]: Oak Boat (vehicle of _gary_825) moved wrongly! 0.490000000000002
[02:17:03] [Server thread/WARN]: Oak Boat (vehicle of _gary_825) moved wrongly! 0.490000000000002
[02:17:04] [Server thread/WARN]: Oak Boat (vehicle of _gary_825) moved wrongly! 0.490000000000002
[02:17:04] [Server thread/WARN]: Oak Boat (vehicle of _gary_825) moved wrongly! 0.490000000000002
[02:17:04] [Server thread/WARN]: Oak Boat (vehicle of _gary_825) moved wrongly! 0.490000000000002
[02:17:04] [Server thread/WARN]: Oak Boat (vehicle of _gary_825) moved wrongly! 0.490000000000002
[02:17:04] [Server thread/WARN]: Oak Boat (vehicle of _gary_825) moved wrongly! 0.4373340673041568
[02:17:05] [Server thread/WARN]: Oak Boat (vehicle of _gary_825) moved wrongly! 0.490000000000002
[02:17:05] [Server thread/WARN]: Oak Boat (vehicle of _gary_825) moved wrongly! 0.990000000000002
[02:17:05] [Server thread/WARN]: Oak Boat (vehicle of _gary_825) moved wrongly! 0.490000000000002
[02:17:05] [Server thread/WARN]: Oak Boat (vehicle of _gary_825) moved wrongly! 0.2984003985956818
[02:17:05] [Server thread/WARN]: Oak Boat (vehicle of _gary_825) moved wrongly! 0.2984003985956818
[02:17:06] [Server thread/WARN]: Oak Boat (vehicle of _gary_825) moved wrongly! 0.4373340673041568
[02:17:06] [Server thread/WARN]: Oak Boat (vehicle of _gary_825) moved wrongly! 0.4373340673041568
[02:17:07] [Server thread/WARN]: Oak Boat (vehicle of _gary_825) moved wrongly! 0.3373340434623202
[02:17:07] [Server thread/WARN]: Oak Boat (vehicle of _gary_825) moved wrongly! 0.8373340434623202
[02:17:07] [Server thread/WARN]: Oak Boat (vehicle of _gary_825) moved wrongly! 0.4899999999999949
[02:17:07] [Server thread/WARN]: Oak Boat (vehicle of _gary_825) moved wrongly! 0.2984003985956889
[02:17:07] [Server thread/WARN]: Oak Boat (vehicle of _gary_825) moved wrongly! 0.2984003985956889
[02:17:08] [Server thread/WARN]: Oak Boat (vehicle of _gary_825) moved wrongly! 0.4373340673041497
[02:17:08] [Server thread/WARN]: Oak Boat (vehicle of _gary_825) moved wrongly! 0.4373340673041497
[02:17:08] [Server thread/WARN]: Oak Boat (vehicle of _gary_825) moved wrongly! 0.4373340673041497
[02:17:08] [Server thread/WARN]: Oak Boat (vehicle of _gary_825) moved wrongly! 0.4373340673041497
[02:17:09] [Server thread/WARN]: Oak Boat (vehicle of _gary_825) moved wrongly! 0.4373340673041497
[02:17:09] [Server thread/WARN]: Oak Boat (vehicle of _gary_825) moved wrongly! 0.4899999999999949
[02:17:09] [Server thread/WARN]: Oak Boat (vehicle of _gary_825) moved wrongly! 0.4899999999999949
[02:17:09] [Server thread/WARN]: Oak Boat (vehicle of _gary_825) moved wrongly! 0.4899999999999949
[02:17:10] [Server thread/WARN]: Oak Boat (vehicle of _gary_825) moved wrongly! 0.4899999999999949
[02:17:10] [Server thread/WARN]: Oak Boat (vehicle of _gary_825) moved wrongly! 0.9899999999999949
[02:17:10] [Server thread/WARN]: Oak Boat (vehicle of _gary_825) moved wrongly! 0.4899999999999949
[02:17:10] [Server thread/WARN]: Oak Boat (vehicle of _gary_825) moved wrongly! 0.2984003985956889
[02:17:11] [Server thread/WARN]: Oak Boat (vehicle of _gary_825) moved wrongly! 0.4905284357989075
[02:17:11] [Server thread/WARN]: Oak Boat (vehicle of _gary_825) moved wrongly! 0.9905284357989075
[02:17:11] [Server thread/WARN]: Oak Boat (vehicle of _gary_825) moved wrongly! 0.4899999999999949
[02:17:11] [Server thread/WARN]: Oak Boat (vehicle of _gary_825) moved wrongly! 0.2984003985956889
[02:17:12] [Server thread/WARN]: Oak Boat (vehicle of _gary_825) moved wrongly! 0.4899999999999949
[02:17:12] [Server thread/WARN]: Oak Boat (vehicle of _gary_825) moved wrongly! 0.9899999999999949
[02:17:12] [Server thread/WARN]: Oak Boat (vehicle of _gary_825) moved wrongly! 0.4899999999999949
[02:17:12] [Server thread/WARN]: Oak Boat (vehicle of _gary_825) moved wrongly! 0.29845424039361035
[02:17:13] [Server thread/WARN]: Oak Boat (vehicle of _gary_825) moved wrongly! 0.4899999999999949
[02:17:13] [Server thread/WARN]: Oak Boat (vehicle of _gary_825) moved wrongly! 0.9899999999999949
[02:17:13] [Server thread/WARN]: Oak Boat (vehicle of _gary_825) moved wrongly! 0.4899999999999949
[02:17:13] [Server thread/WARN]: Oak Boat (vehicle of _gary_825) moved wrongly! 0.3464004305437811
[02:17:13] [Server thread/WARN]: Oak Boat (vehicle of _gary_825) moved wrongly! 0.4899999999999949
[02:17:13] [Server thread/WARN]: Oak Boat (vehicle of _gary_825) moved wrongly! 0.4899999999999949
[02:17:14] [Server thread/WARN]: Oak Boat (vehicle of _gary_825) moved wrongly! 0.4899999999999949
[02:17:14] [Server thread/WARN]: Oak Boat (vehicle of _gary_825) moved wrongly! 0.9899999999999949
[02:17:14] [Server thread/WARN]: Oak Boat (vehicle of _gary_825) moved wrongly! 0.4899999999999949
[02:17:14] [Server thread/WARN]: Oak Boat (vehicle of _gary_825) moved wrongly! 0.29774018362945753
[02:17:14] [Server thread/WARN]: Oak Boat (vehicle of _gary_825) moved wrongly! 0.2973440546339816
[02:17:15] [Server thread/WARN]: Oak Boat (vehicle of _gary_825) moved wrongly! 0.4373340673041497
[02:17:15] [Server thread/WARN]: Oak Boat (vehicle of _gary_825) moved wrongly! 0.4899999999999949
[02:17:15] [Server thread/WARN]: Oak Boat (vehicle of _gary_825) moved wrongly! 0.9899999999999949
[02:17:15] [Server thread/WARN]: Oak Boat (vehicle of _gary_825) moved wrongly! 0.4899999999999949
[02:17:16] [Server thread/WARN]: Oak Boat (vehicle of _gary_825) moved wrongly! 0.29736162687520107
[02:17:16] [Server thread/WARN]: Oak Boat (vehicle of _gary_825) moved wrongly! 0.29736162687520107
[02:17:16] [Server thread/WARN]: Oak Boat (vehicle of _gary_825) moved wrongly! 0.4373340673041497
[02:17:16] [Server thread/WARN]: Oak Boat (vehicle of _gary_825) moved wrongly! 0.4373340673041497
[02:17:17] [Server thread/WARN]: Oak Boat (vehicle of _gary_825) moved wrongly! 0.4373340673041497
[02:17:17] [Server thread/WARN]: Oak Boat (vehicle of _gary_825) moved wrongly! 0.4899999999999949
[02:17:17] [Server thread/WARN]: Oak Boat (vehicle of _gary_825) moved wrongly! 0.9899999999999949
[02:17:17] [Server thread/WARN]: Oak Boat (vehicle of _gary_825) moved wrongly! 0.4899999999999949
[02:17:18] [Server thread/WARN]: Oak Boat (vehicle of _gary_825) moved wrongly! 0.2984003985956889
[02:17:18] [Server thread/WARN]: Oak Boat (vehicle of _gary_825) moved wrongly! 0.2984003985956889
[02:17:18] [Server thread/WARN]: Oak Boat (vehicle of _gary_825) moved wrongly! 0.436247162700127
[02:17:18] [Server thread/WARN]: Oak Boat (vehicle of _gary_825) moved wrongly! 0.436247162700127
[02:17:19] [Server thread/WARN]: Oak Boat (vehicle of _gary_825) moved wrongly! 0.4373340673041497
[02:17:19] [Server thread/WARN]: Oak Boat (vehicle of _gary_825) moved wrongly! 0.4837714705756042
[02:17:19] [Server thread/WARN]: Oak Boat (vehicle of _gary_825) moved wrongly! 0.4899999999999949
[02:17:19] [Server thread/WARN]: Oak Boat (vehicle of _gary_825) moved wrongly! 0.4899999999999949
[02:17:20] [Server thread/WARN]: Oak Boat (vehicle of _gary_825) moved wrongly! 0.4876034797300264
[02:17:20] [Server thread/WARN]: Oak Boat (vehicle of _gary_825) moved wrongly! 0.9876034797300264
[02:17:20] [Server thread/WARN]: Oak Boat (vehicle of _gary_825) moved wrongly! 0.4899999999999949
[02:17:20] [Server thread/WARN]: Oak Boat (vehicle of _gary_825) moved wrongly! 0.2956260857531987
[02:17:20] [Server thread/WARN]: Oak Boat (vehicle of _gary_825) moved wrongly! 0.2956260857531987
[02:17:21] [Server thread/WARN]: Oak Boat (vehicle of _gary_825) moved wrongly! 0.4373340673041497
[02:17:21] [Server thread/WARN]: Oak Boat (vehicle of _gary_825) moved wrongly! 0.4899999999999949
[02:17:21] [Server thread/WARN]: Oak Boat (vehicle of _gary_825) moved wrongly! 0.4899999999999949
[02:17:21] [Server thread/WARN]: Oak Boat (vehicle of _gary_825) moved wrongly! 0.4899999999999949
[02:17:22] [Server thread/WARN]: Oak Boat (vehicle of _gary_825) moved wrongly! 0.48473361724215636
[02:17:22] [Server thread/WARN]: Oak Boat (vehicle of _gary_825) moved wrongly! 0.9847336172421564
[02:17:22] [Server thread/WARN]: Oak Boat (vehicle of _gary_825) moved wrongly! 0.4899999999999949
[02:17:22] [Server thread/WARN]: Oak Boat (vehicle of _gary_825) moved wrongly! 0.29250165767192016
[02:17:22] [Server thread/WARN]: Oak Boat (vehicle of _gary_825) moved wrongly! 0.29250165767192016
[02:17:23] [Server thread/WARN]: Oak Boat (vehicle of _gary_825) moved wrongly! 0.434225824175968
[02:17:23] [Server thread/WARN]: Oak Boat (vehicle of _gary_825) moved wrongly! 0.4899999999999949
[02:17:23] [Server thread/WARN]: Oak Boat (vehicle of _gary_825) moved wrongly! 0.4899999999999949
[02:17:23] [Server thread/WARN]: Oak Boat (vehicle of _gary_825) moved wrongly! 0.4899999999999949
[02:17:23] [Server thread/WARN]: Oak Boat (vehicle of _gary_825) moved wrongly! 0.4899999999999949
[02:17:24] [Server thread/WARN]: Oak Boat (vehicle of _gary_825) moved wrongly! 0.4373340673041497
[02:17:24] [Server thread/WARN]: Oak Boat (vehicle of _gary_825) moved wrongly! 0.4899999999999949
[02:17:24] [Server thread/WARN]: Oak Boat (vehicle of _gary_825) moved wrongly! 0.4899999999999949
[02:17:24] [Server thread/WARN]: Oak Boat (vehicle of _gary_825) moved wrongly! 0.4899999999999949
[02:17:25] [Server thread/WARN]: Oak Boat (vehicle of _gary_825) moved wrongly! 0.4899999999999949
[02:17:25] [Server thread/WARN]: Oak Boat (vehicle of _gary_825) moved wrongly! 0.9899999999999949
[02:17:25] [Server thread/WARN]: Oak Boat (vehicle of _gary_825) moved wrongly! 0.4899999999999949
[02:17:25] [Server thread/WARN]: Oak Boat (vehicle of _gary_825) moved wrongly! 0.2984003985956889
[02:17:25] [Server thread/WARN]: Oak Boat (vehicle of _gary_825) moved wrongly! 0.2984003985956889
[02:17:26] [Server thread/WARN]: Oak Boat (vehicle of _gary_825) moved wrongly! 0.4373340673041497
[02:17:26] [Server thread/WARN]: Oak Boat (vehicle of _gary_825) moved wrongly! 0.4899999999999949
[02:17:26] [Server thread/WARN]: Oak Boat (vehicle of _gary_825) moved wrongly! 0.4899999999999949
[02:17:26] [Server thread/WARN]: Oak Boat (vehicle of _gary_825) moved wrongly! 0.4899999999999949
[02:17:27] [Server thread/WARN]: Oak Boat (vehicle of _gary_825) moved wrongly! 0.4899999999999949
[02:17:27] [Server thread/WARN]: Oak Boat (vehicle of _gary_825) moved wrongly! 0.9899999999999949
[02:17:27] [Server thread/WARN]: Oak Boat (vehicle of _gary_825) moved wrongly! 0.4899999999999949
[02:17:27] [Server thread/WARN]: Oak Boat (vehicle of _gary_825) moved wrongly! 0.4899999999999949
[02:17:27] [Server thread/WARN]: Oak Boat (vehicle of _gary_825) moved wrongly! 0.4899999999999949
[02:17:28] [Server thread/WARN]: Oak Boat (vehicle of _gary_825) moved wrongly! 0.4899999999999949
[02:17:28] [Server thread/WARN]: Oak Boat (vehicle of _gary_825) moved wrongly! 0.4899999999999949
[02:17:28] [Server thread/WARN]: Oak Boat (vehicle of _gary_825) moved wrongly! 0.4899999999999949
[02:17:28] [Server thread/WARN]: Oak Boat (vehicle of _gary_825) moved wrongly! 0.4899999999999949
[02:17:29] [Server thread/WARN]: Oak Boat (vehicle of _gary_825) moved wrongly! 0.3373340434622918
[02:17:29] [Server thread/WARN]: Oak Boat (vehicle of _gary_825) moved wrongly! 0.4899999999999949
[02:17:29] [Server thread/WARN]: Oak Boat (vehicle of _gary_825) moved wrongly! 0.4899999999999949
[02:17:29] [Server thread/WARN]: Oak Boat (vehicle of _gary_825) moved wrongly! 0.4899999999999949
[02:17:30] [Server thread/WARN]: Oak Boat (vehicle of _gary_825) moved wrongly! 0.3373340434622918
[02:17:30] [Server thread/WARN]: Oak Boat (vehicle of _gary_825) moved wrongly! 0.8373340434622918
[02:17:30] [Server thread/WARN]: Oak Boat (vehicle of _gary_825) moved wrongly! 0.4899999999999949
[02:17:30] [Server thread/WARN]: Oak Boat (vehicle of _gary_825) moved wrongly! 0.2984003985956889
[02:17:31] [Server thread/WARN]: Oak Boat (vehicle of _gary_825) moved wrongly! 0.4899999999999949
[02:17:31] [Server thread/WARN]: Oak Boat (vehicle of _gary_825) moved wrongly! 0.9899999999999949
[02:17:31] [Server thread/WARN]: Oak Boat (vehicle of _gary_825) moved wrongly! 0.4899999999999949
[02:17:31] [Server thread/WARN]: Oak Boat (vehicle of _gary_825) moved wrongly! 0.2984003985956889
[02:17:32] [Server thread/WARN]: Oak Boat (vehicle of _gary_825) moved wrongly! 0.4899999999999949
[02:17:32] [Server thread/WARN]: Oak Boat (vehicle of _gary_825) moved wrongly! 0.9899999999999949
[02:17:32] [Server thread/WARN]: Oak Boat (vehicle of _gary_825) moved wrongly! 0.4899999999999949
[02:17:32] [Server thread/WARN]: Oak Boat (vehicle of _gary_825) moved wrongly! 0.2984003985956889
[02:17:32] [Server thread/WARN]: Oak Boat (vehicle of _gary_825) moved wrongly! 0.2984003985956889
[02:17:33] [Server thread/WARN]: Oak Boat (vehicle of _gary_825) moved wrongly! 0.3373340434622918
[02:17:33] [Server thread/WARN]: Oak Boat (vehicle of _gary_825) moved wrongly! 0.4899999999999949
[02:17:33] [Server thread/WARN]: Oak Boat (vehicle of _gary_825) moved wrongly! 0.4899999999999949
[02:17:33] [Server thread/WARN]: Oak Boat (vehicle of _gary_825) moved wrongly! 0.4899999999999949
[02:17:34] [Server thread/WARN]: Oak Boat (vehicle of _gary_825) moved wrongly! 0.4373340673041497
[02:17:34] [Server thread/WARN]: Oak Boat (vehicle of _gary_825) moved wrongly! 0.4373340673041497
[02:17:35] [Server thread/WARN]: Oak Boat (vehicle of _gary_825) moved wrongly! 0.8373340434622918
[02:17:35] [Server thread/WARN]: Oak Boat (vehicle of _gary_825) moved wrongly! 0.8373340434622918
[02:17:35] [Server thread/WARN]: Oak Boat (vehicle of _gary_825) moved wrongly! 0.2984003985956889
[02:17:36] [Server thread/WARN]: Oak Boat (vehicle of _gary_825) moved wrongly! 0.4899999999999949
[02:17:36] [Server thread/WARN]: Oak Boat (vehicle of _gary_825) moved wrongly! 0.9899999999999949
[02:17:36] [Server thread/WARN]: Oak Boat (vehicle of _gary_825) moved wrongly! 0.4899999999999949
[02:17:36] [Server thread/WARN]: Oak Boat (vehicle of _gary_825) moved wrongly! 0.2984003985956889
[02:17:36] [Server thread/WARN]: Oak Boat (vehicle of _gary_825) moved wrongly! 0.2984003985956889
[02:17:37] [Server thread/WARN]: Oak Boat (vehicle of _gary_825) moved wrongly! 0.4373340673041497
[02:17:37] [Server thread/WARN]: Oak Boat (vehicle of _gary_825) moved wrongly! 0.4373340673041497
[02:17:38] [Server thread/WARN]: Oak Boat (vehicle of _gary_825) moved wrongly! 0.3373340434622918
[02:17:38] [Server thread/WARN]: Oak Boat (vehicle of _gary_825) moved wrongly! 0.4899999999999949
[02:17:38] [Server thread/WARN]: Oak Boat (vehicle of _gary_825) moved wrongly! 0.4899999999999949
[02:17:38] [Server thread/WARN]: Oak Boat (vehicle of _gary_825) moved wrongly! 0.4899999999999949
[02:17:38] [Server thread/WARN]: Oak Boat (vehicle of _gary_825) moved wrongly! 0.4900000000000091
[02:17:38] [Server thread/WARN]: Oak Boat (vehicle of _gary_825) moved wrongly! 0.4900000000000091
[02:17:39] [Server thread/WARN]: Oak Boat (vehicle of _gary_825) moved wrongly! 0.4900000000000091
[02:17:39] [Server thread/WARN]: Oak Boat (vehicle of _gary_825) moved wrongly! 0.9900000000000091
[02:17:39] [Server thread/WARN]: Oak Boat (vehicle of _gary_825) moved wrongly! 0.4900000000000091
[02:17:39] [Server thread/WARN]: Oak Boat (vehicle of _gary_825) moved wrongly! 0.2984003985956747
[02:17:39] [Server thread/WARN]: Oak Boat (vehicle of _gary_825) moved wrongly! 0.2984003985956747
[02:17:40] [Server thread/WARN]: Oak Boat (vehicle of _gary_825) moved wrongly! 0.4373340673041639
[02:17:40] [Server thread/WARN]: Oak Boat (vehicle of _gary_825) moved wrongly! 0.4900000000000091
[02:17:40] [Server thread/WARN]: Oak Boat (vehicle of _gary_825) moved wrongly! 0.4900000000000091
[02:17:40] [Server thread/WARN]: Oak Boat (vehicle of _gary_825) moved wrongly! 0.4900000000000091
[02:17:41] [Server thread/WARN]: Oak Boat (vehicle of _gary_825) moved wrongly! 0.4900000000000091
[02:17:41] [Server thread/WARN]: Oak Boat (vehicle of _gary_825) moved wrongly! 0.9900000000000091
[02:17:41] [Server thread/WARN]: Oak Boat (vehicle of _gary_825) moved wrongly! 0.4900000000000091
[02:17:41] [Server thread/WARN]: Oak Boat (vehicle of _gary_825) moved wrongly! 0.2984003985956747
[02:17:41] [Server thread/WARN]: Oak Boat (vehicle of _gary_825) moved wrongly! 0.2984003985956747
[02:17:42] [Server thread/WARN]: Oak Boat (vehicle of _gary_825) moved wrongly! 0.4373340673041639
[02:17:42] [Server thread/WARN]: Oak Boat (vehicle of _gary_825) moved wrongly! 0.4373340673041639
[02:17:43] [Server thread/WARN]: Oak Boat (vehicle of _gary_825) moved wrongly! 0.337334043462306
[02:17:43] [Server thread/WARN]: Oak Boat (vehicle of _gary_825) moved wrongly! 0.837334043462306
[02:17:43] [Server thread/WARN]: Oak Boat (vehicle of _gary_825) moved wrongly! 0.4900000000000091
[02:17:43] [Server thread/WARN]: Oak Boat (vehicle of _gary_825) moved wrongly! 0.2984003985956747
[02:17:44] [Server thread/WARN]: Oak Boat (vehicle of _gary_825) moved wrongly! 0.4900000000000091
[02:17:44] [Server thread/WARN]: Oak Boat (vehicle of _gary_825) moved wrongly! 0.9900000000000091
[02:17:44] [Server thread/WARN]: Oak Boat (vehicle of _gary_825) moved wrongly! 0.4900000000000091
[02:17:44] [Server thread/WARN]: Oak Boat (vehicle of _gary_825) moved wrongly! 0.2984003985956747
[02:17:44] [Server thread/WARN]: Oak Boat (vehicle of _gary_825) moved wrongly! 0.2984003985956747
[02:17:45] [Server thread/WARN]: Oak Boat (vehicle of _gary_825) moved wrongly! 0.4900000000000091
[02:17:45] [Server thread/WARN]: Oak Boat (vehicle of _gary_825) moved wrongly! 0.9900000000000091
[02:17:45] [Server thread/WARN]: Oak Boat (vehicle of _gary_825) moved wrongly! 0.4900000000000091
[02:17:45] [Server thread/WARN]: Oak Boat (vehicle of _gary_825) moved wrongly! 0.2984003985956747
[02:17:45] [Server thread/WARN]: Oak Boat (vehicle of _gary_825) moved wrongly! 0.2984003985956747
[02:17:46] [Server thread/WARN]: Oak Boat (vehicle of _gary_825) moved wrongly! 0.4373340673041639
[02:17:46] [Server thread/WARN]: Oak Boat (vehicle of _gary_825) moved wrongly! 0.4373340673041639
[02:17:47] [Server thread/WARN]: Oak Boat (vehicle of _gary_825) moved wrongly! 0.337334043462306
[02:17:47] [Server thread/WARN]: Oak Boat (vehicle of _gary_825) moved wrongly! 0.837334043462306
[02:17:47] [Server thread/WARN]: Oak Boat (vehicle of _gary_825) moved wrongly! 0.4900000000000091
[02:17:47] [Server thread/WARN]: Oak Boat (vehicle of _gary_825) moved wrongly! 0.2984003985956747
[02:17:47] [Server thread/WARN]: Oak Boat (vehicle of _gary_825) moved wrongly! 0.2984003985956747
[02:17:48] [Server thread/WARN]: Oak Boat (vehicle of _gary_825) moved wrongly! 0.4373340673041639
[02:17:48] [Server thread/WARN]: Oak Boat (vehicle of _gary_825) moved wrongly! 0.4373340673041639
[02:17:48] [Server thread/WARN]: Oak Boat (vehicle of _gary_825) moved wrongly! 0.4373340673041639
[02:17:48] [Server thread/WARN]: Oak Boat (vehicle of _gary_825) moved wrongly! 0.4373340673041639
[02:17:49] [Server thread/WARN]: Oak Boat (vehicle of _gary_825) moved wrongly! 0.4373340673041639
[02:17:49] [Server thread/WARN]: Oak Boat (vehicle of _gary_825) moved wrongly! 0.4900000000000091
[02:17:49] [Server thread/WARN]: Oak Boat (vehicle of _gary_825) moved wrongly! 0.9900000000000091
[02:17:49] [Server thread/WARN]: Oak Boat (vehicle of _gary_825) moved wrongly! 0.4900000000000091
[02:17:50] [Server thread/WARN]: Oak Boat (vehicle of _gary_825) moved wrongly! 0.2984003985956747
[02:17:50] [Server thread/WARN]: Oak Boat (vehicle of _gary_825) moved wrongly! 0.4900000000000091
[02:17:50] [Server thread/WARN]: Oak Boat (vehicle of _gary_825) moved wrongly! 0.4900000000000091
[02:17:50] [Server thread/WARN]: Oak Boat (vehicle of _gary_825) moved wrongly! 0.4900000000000091
[02:17:50] [Server thread/WARN]: Oak Boat (vehicle of _gary_825) moved wrongly! 0.4900000000000091
[02:17:50] [Server thread/WARN]: Oak Boat (vehicle of _gary_825) moved wrongly! 0.4900000000000091
[02:17:51] [Server thread/WARN]: Oak Boat (vehicle of _gary_825) moved wrongly! 0.4900000000000091
[02:17:51] [Server thread/WARN]: Oak Boat (vehicle of _gary_825) moved wrongly! 0.4900000000000091
[02:17:51] [Server thread/WARN]: Oak Boat (vehicle of _gary_825) moved wrongly! 0.4900000000000091
[02:17:51] [Server thread/WARN]: Oak Boat (vehicle of _gary_825) moved wrongly! 0.4900000000000091
[02:17:51] [Server thread/WARN]: Oak Boat (vehicle of _gary_825) moved wrongly! 0.4900000000000091
[02:17:51] [Server thread/WARN]: Oak Boat (vehicle of _gary_825) moved wrongly! 0.4900000000000091
[02:17:52] [Server thread/WARN]: Oak Boat (vehicle of _gary_825) moved wrongly! 0.4900000000000091
[02:17:52] [Server thread/WARN]: Oak Boat (vehicle of _gary_825) moved wrongly! 0.9900000000000091
[02:17:52] [Server thread/WARN]: Oak Boat (vehicle of _gary_825) moved wrongly! 0.4900000000000091
[02:17:52] [Server thread/WARN]: Oak Boat (vehicle of _gary_825) moved wrongly! 0.2984003985956747
[02:17:53] [Server thread/WARN]: Oak Boat (vehicle of _gary_825) moved wrongly! 0.4900000000000091
[02:17:53] [Server thread/WARN]: Oak Boat (vehicle of _gary_825) moved wrongly! 0.9900000000000091
[02:17:53] [Server thread/WARN]: Oak Boat (vehicle of _gary_825) moved wrongly! 0.4900000000000091
[02:17:53] [Server thread/WARN]: Oak Boat (vehicle of _gary_825) moved wrongly! 0.2984003985956747
[02:17:53] [Server thread/WARN]: Oak Boat (vehicle of _gary_825) moved wrongly! 0.2984003985956747
[02:17:54] [Server thread/WARN]: Oak Boat (vehicle of _gary_825) moved wrongly! 0.4373340673041639
[02:17:54] [Server thread/WARN]: Oak Boat (vehicle of _gary_825) moved wrongly! 0.4373340673041639
[02:17:54] [Server thread/WARN]: Oak Boat (vehicle of _gary_825) moved wrongly! 0.4373340673041639
[02:17:54] [Server thread/WARN]: Oak Boat (vehicle of _gary_825) moved wrongly! 0.4373340673041639
[02:17:55] [Server thread/WARN]: Oak Boat (vehicle of _gary_825) moved wrongly! 0.4373340673041639
[02:17:55] [Server thread/WARN]: Oak Boat (vehicle of _gary_825) moved wrongly! 0.4373340673041639
[02:17:56] [Server thread/WARN]: Oak Boat (vehicle of _gary_825) moved wrongly! 0.337334043462306
[02:17:56] [Server thread/WARN]: Oak Boat (vehicle of _gary_825) moved wrongly! 0.837334043462306
[02:17:56] [Server thread/WARN]: Oak Boat (vehicle of _gary_825) moved wrongly! 0.4900000000000091
[02:17:56] [Server thread/WARN]: Oak Boat (vehicle of _gary_825) moved wrongly! 0.2984003985956747
[02:17:56] [Server thread/WARN]: Oak Boat (vehicle of _gary_825) moved wrongly! 0.2984003985956747
[02:17:57] [Server thread/WARN]: Oak Boat (vehicle of _gary_825) moved wrongly! 0.4373340673041639
[02:17:57] [Server thread/WARN]: Oak Boat (vehicle of _gary_825) moved wrongly! 0.4900000000000091
[02:17:57] [Server thread/WARN]: Oak Boat (vehicle of _gary_825) moved wrongly! 0.4900000000000091
[02:17:57] [Server thread/WARN]: Oak Boat (vehicle of _gary_825) moved wrongly! 0.4900000000000091
[02:17:58] [Server thread/WARN]: Oak Boat (vehicle of _gary_825) moved wrongly! 0.4900000000000091
[02:17:58] [Server thread/WARN]: Oak Boat (vehicle of _gary_825) moved wrongly! 0.4900000000000091
[02:17:58] [Server thread/WARN]: Oak Boat (vehicle of _gary_825) moved wrongly! 0.4900000000000091
[02:17:58] [Server thread/WARN]: Oak Boat (vehicle of _gary_825) moved wrongly! 0.4900000000000091
[02:17:58] [Server thread/WARN]: Oak Boat (vehicle of _gary_825) moved wrongly! 0.4900000000000091
[02:17:58] [Server thread/WARN]: Oak Boat (vehicle of _gary_825) moved wrongly! 0.4900000000000091
[02:17:59] [Server thread/WARN]: Oak Boat (vehicle of _gary_825) moved wrongly! 0.4900000000000091
[02:17:59] [Server thread/WARN]: Oak Boat (vehicle of _gary_825) moved wrongly! 0.9900000000000091
[02:17:59] [Server thread/WARN]: Oak Boat (vehicle of _gary_825) moved wrongly! 0.4900000000000091
[02:17:59] [Server thread/WARN]: Oak Boat (vehicle of _gary_825) moved wrongly! 0.2984003985956747
[02:17:59] [Server thread/WARN]: Oak Boat (vehicle of _gary_825) moved wrongly! 0.2984003985956747
[02:18:00] [Server thread/WARN]: Oak Boat (vehicle of _gary_825) moved wrongly! 0.4373340673041639
[02:18:00] [Server thread/WARN]: Oak Boat (vehicle of _gary_825) moved wrongly! 0.4900000000000091
[02:18:00] [Server thread/WARN]: Oak Boat (vehicle of _gary_825) moved wrongly! 0.4900000000000091
[02:18:00] [Server thread/WARN]: Oak Boat (vehicle of _gary_825) moved wrongly! 0.4900000000000091
[02:18:01] [Server thread/WARN]: Oak Boat (vehicle of _gary_825) moved wrongly! 0.4900000000000091
[02:18:01] [Server thread/WARN]: Oak Boat (vehicle of _gary_825) moved wrongly! 0.9900000000000091
[02:18:01] [Server thread/WARN]: Oak Boat (vehicle of _gary_825) moved wrongly! 0.4900000000000091
[02:18:01] [Server thread/WARN]: Oak Boat (vehicle of _gary_825) moved wrongly! 0.2984003985956747
[02:18:02] [Server thread/WARN]: Oak Boat (vehicle of _gary_825) moved wrongly! 0.4900000000000091
[02:18:02] [Server thread/WARN]: Oak Boat (vehicle of _gary_825) moved wrongly! 0.9900000000000091
[02:18:02] [Server thread/WARN]: Oak Boat (vehicle of _gary_825) moved wrongly! 0.4900000000000091
[02:18:02] [Server thread/WARN]: Oak Boat (vehicle of _gary_825) moved wrongly! 0.2984003985956747
[02:18:02] [Server thread/WARN]: Oak Boat (vehicle of _gary_825) moved wrongly! 0.2984003985956747
[02:18:03] [Server thread/WARN]: Oak Boat (vehicle of _gary_825) moved wrongly! 0.4373340673041639
[02:18:03] [Server thread/WARN]: Oak Boat (vehicle of _gary_825) moved wrongly! 0.4373340673041639
[02:18:04] [Server thread/WARN]: Oak Boat (vehicle of _gary_825) moved wrongly! 0.337334043462306
[02:18:04] [Server thread/WARN]: Oak Boat (vehicle of _gary_825) moved wrongly! 0.837334043462306
[02:18:04] [Server thread/WARN]: Oak Boat (vehicle of _gary_825) moved wrongly! 0.4900000000000091
[02:18:04] [Server thread/WARN]: Oak Boat (vehicle of _gary_825) moved wrongly! 0.2984003985956747
[02:18:04] [Server thread/WARN]: Oak Boat (vehicle of _gary_825) moved wrongly! 0.2984003985956747
[02:18:05] [Server thread/WARN]: Oak Boat (vehicle of _gary_825) moved wrongly! 0.4373340673041639
[02:18:05] [Server thread/WARN]: Oak Boat (vehicle of _gary_825) moved wrongly! 0.4373340673041639
[02:18:05] [Server thread/WARN]: Oak Boat (vehicle of _gary_825) moved wrongly! 0.4373340673041639
[02:18:05] [Server thread/WARN]: Oak Boat (vehicle of _gary_825) moved wrongly! 0.4373340673041639
[02:18:06] [Server thread/WARN]: Oak Boat (vehicle of _gary_825) moved wrongly! 0.4373340673041639
[02:18:06] [Server thread/WARN]: Oak Boat (vehicle of _gary_825) moved wrongly! 0.4373340673041639
[02:18:07] [Server thread/WARN]: Oak Boat (vehicle of _gary_825) moved wrongly! 0.337334043462306
[02:18:07] [Server thread/WARN]: Oak Boat (vehicle of _gary_825) moved wrongly! 0.837334043462306
[02:18:07] [Server thread/WARN]: Oak Boat (vehicle of _gary_825) moved wrongly! 0.4900000000000091
[02:18:07] [Server thread/WARN]: Oak Boat (vehicle of _gary_825) moved wrongly! 0.2984003985956747
[02:18:08] [Server thread/WARN]: Oak Boat (vehicle of _gary_825) moved wrongly! 0.4900000000000091
[02:18:08] [Server thread/WARN]: Oak Boat (vehicle of _gary_825) moved wrongly! 0.9900000000000091
[02:18:08] [Server thread/WARN]: Oak Boat (vehicle of _gary_825) moved wrongly! 0.4900000000000091
[02:18:08] [Server thread/WARN]: Oak Boat (vehicle of _gary_825) moved wrongly! 0.2984003985956747
[02:18:08] [Server thread/WARN]: Oak Boat (vehicle of _gary_825) moved wrongly! 0.2984003985956747
[02:18:09] [Server thread/WARN]: Oak Boat (vehicle of _gary_825) moved wrongly! 0.4373340673041639
[02:18:09] [Server thread/WARN]: Oak Boat (vehicle of _gary_825) moved wrongly! 0.4900000000000091
[02:18:09] [Server thread/WARN]: Oak Boat (vehicle of _gary_825) moved wrongly! 0.4900000000000091
[02:18:09] [Server thread/WARN]: Oak Boat (vehicle of _gary_825) moved wrongly! 0.4900000000000091
[02:18:09] [Server thread/WARN]: Oak Boat (vehicle of _gary_825) moved wrongly! 0.4900000000000091
[02:18:10] [Server thread/WARN]: Oak Boat (vehicle of _gary_825) moved wrongly! 0.4373340673041639
[02:18:10] [Server thread/WARN]: Oak Boat (vehicle of _gary_825) moved wrongly! 0.4900000000000091
[02:18:10] [Server thread/WARN]: Oak Boat (vehicle of _gary_825) moved wrongly! 0.4900000000000091
[02:18:10] [Server thread/WARN]: Oak Boat (vehicle of _gary_825) moved wrongly! 0.4900000000000091
[02:18:11] [Server thread/WARN]: Oak Boat (vehicle of _gary_825) moved wrongly! 0.4900000000000091
[02:18:11] [Server thread/WARN]: Oak Boat (vehicle of _gary_825) moved wrongly! 0.9900000000000091
[02:18:11] [Server thread/WARN]: Oak Boat (vehicle of _gary_825) moved wrongly! 0.4900000000000091
[02:18:11] [Server thread/WARN]: Oak Boat (vehicle of _gary_825) moved wrongly! 0.2984003985956747
[02:18:11] [Server thread/WARN]: Oak Boat (vehicle of _gary_825) moved wrongly! 0.2984003985956747
[02:18:12] [Server thread/WARN]: Oak Boat (vehicle of _gary_825) moved wrongly! 0.4373340673041639
[02:18:12] [Server thread/WARN]: Oak Boat (vehicle of _gary_825) moved wrongly! 0.4373340673041639
[02:18:13] [Server thread/WARN]: Oak Boat (vehicle of _gary_825) moved wrongly! 0.337334043462306
[02:18:13] [Server thread/WARN]: Oak Boat (vehicle of _gary_825) moved wrongly! 0.837334043462306
[02:18:13] [Server thread/WARN]: Oak Boat (vehicle of _gary_825) moved wrongly! 0.4900000000000091
[02:18:13] [Server thread/WARN]: Oak Boat (vehicle of _gary_825) moved wrongly! 0.2984003985956747
[02:18:13] [Server thread/WARN]: Oak Boat (vehicle of _gary_825) moved wrongly! 0.2984003985956747
[02:18:14] [Server thread/WARN]: Oak Boat (vehicle of _gary_825) moved wrongly! 0.4373340673041639
[02:18:14] [Server thread/WARN]: Oak Boat (vehicle of _gary_825) moved wrongly! 0.4373340673041639
[02:18:14] [Server thread/WARN]: Oak Boat (vehicle of _gary_825) moved wrongly! 0.4373340673041639
[02:18:14] [Server thread/WARN]: Oak Boat (vehicle of _gary_825) moved wrongly! 0.4373340673041639
[02:18:15] [Server thread/WARN]: Oak Boat (vehicle of _gary_825) moved wrongly! 0.4373340673041639
[02:18:15] [Server thread/WARN]: Oak Boat (vehicle of _gary_825) moved wrongly! 0.4900000000000091
[02:18:15] [Server thread/WARN]: Oak Boat (vehicle of _gary_825) moved wrongly! 0.9900000000000091
[02:18:15] [Server thread/WARN]: Oak Boat (vehicle of _gary_825) moved wrongly! 0.4900000000000091
[02:18:16] [Server thread/WARN]: Oak Boat (vehicle of _gary_825) moved wrongly! 0.2984003985956747
[02:18:16] [Server thread/WARN]: Oak Boat (vehicle of _gary_825) moved wrongly! 0.4900000000000091
[02:18:16] [Server thread/WARN]: Oak Boat (vehicle of _gary_825) moved wrongly! 0.4900000000000091
[02:18:16] [Server thread/WARN]: Oak Boat (vehicle of _gary_825) moved wrongly! 0.4900000000000091
[02:18:16] [Server thread/WARN]: Oak Boat (vehicle of _gary_825) moved wrongly! 0.4900000000000091
[02:18:16] [Server thread/WARN]: Oak Boat (vehicle of _gary_825) moved wrongly! 0.4900000000000091
[02:18:17] [Server thread/WARN]: Oak Boat (vehicle of _gary_825) moved wrongly! 0.4900000000000091
[02:18:17] [Server thread/WARN]: Oak Boat (vehicle of _gary_825) moved wrongly! 0.9900000000000091
[02:18:17] [Server thread/WARN]: Oak Boat (vehicle of _gary_825) moved wrongly! 0.4900000000000091
[02:18:18] [Server thread/WARN]: Oak Boat (vehicle of _gary_825) moved wrongly! 0.34657813688184547
[02:18:18] [Server thread/WARN]: Oak Boat (vehicle of _gary_825) moved wrongly! 0.8465781368818455
[02:18:18] [Server thread/WARN]: Oak Boat (vehicle of _gary_825) moved wrongly! 0.4900000000000091
[02:18:18] [Server thread/WARN]: Oak Boat (vehicle of _gary_825) moved wrongly! 0.2984003985956747
[02:18:18] [Server thread/WARN]: Oak Boat (vehicle of _gary_825) moved wrongly! 0.2984003985956747
[02:18:19] [Server thread/WARN]: Oak Boat (vehicle of _gary_825) moved wrongly! 0.4373340673041639
[02:18:19] [Server thread/WARN]: Oak Boat (vehicle of _gary_825) moved wrongly! 0.4373340673041639
[02:18:20] [Server thread/WARN]: Oak Boat (vehicle of _gary_825) moved wrongly! 0.337334043462306
[02:18:20] [Server thread/WARN]: Oak Boat (vehicle of _gary_825) moved wrongly! 0.837334043462306
[02:18:20] [Server thread/WARN]: Oak Boat (vehicle of _gary_825) moved wrongly! 0.4900000000000091
[02:18:20] [Server thread/WARN]: Oak Boat (vehicle of _gary_825) moved wrongly! 0.2984003985956747
[02:18:20] [Server thread/WARN]: Oak Boat (vehicle of _gary_825) moved wrongly! 0.2984003985956747
[02:18:21] [Server thread/WARN]: Oak Boat (vehicle of _gary_825) moved wrongly! 0.4373340673041639
[02:18:21] [Server thread/WARN]: Oak Boat (vehicle of _gary_825) moved wrongly! 0.4373340673041639
[02:18:22] [Server thread/WARN]: Oak Boat (vehicle of _gary_825) moved wrongly! 0.337334043462306
[02:18:22] [Server thread/WARN]: Oak Boat (vehicle of _gary_825) moved wrongly! 0.837334043462306
[02:18:22] [Server thread/WARN]: Oak Boat (vehicle of _gary_825) moved wrongly! 0.4900000000000091
[02:18:23] [Server thread/WARN]: Oak Boat (vehicle of _gary_825) moved wrongly! 0.4373340673041639
[02:18:23] [Server thread/WARN]: Oak Boat (vehicle of _gary_825) moved wrongly! 0.4373340673041639
[02:18:24] [Server thread/WARN]: Oak Boat (vehicle of _gary_825) moved wrongly! 0.337334043462306
[02:18:24] [Server thread/WARN]: Oak Boat (vehicle of _gary_825) moved wrongly! 0.4900000000000091
[02:18:24] [Server thread/WARN]: Oak Boat (vehicle of _gary_825) moved wrongly! 0.4900000000000091
[02:18:24] [Server thread/WARN]: Oak Boat (vehicle of _gary_825) moved wrongly! 0.4900000000000091
[02:18:25] [Server thread/WARN]: Oak Boat (vehicle of _gary_825) moved wrongly! 0.337334043462306
[02:18:25] [Server thread/WARN]: Oak Boat (vehicle of _gary_825) moved wrongly! 0.4900000000000091
[02:18:25] [Server thread/WARN]: Oak Boat (vehicle of _gary_825) moved wrongly! 0.4900000000000091
[02:18:25] [Server thread/WARN]: Oak Boat (vehicle of _gary_825) moved wrongly! 0.4900000000000091
[02:18:25] [Server thread/WARN]: Oak Boat (vehicle of _gary_825) moved wrongly! 0.4373340673041639
[02:18:25] [Server thread/WARN]: Oak Boat (vehicle of _gary_825) moved wrongly! 0.4373340673041639
[02:18:26] [Server thread/WARN]: Oak Boat (vehicle of _gary_825) moved wrongly! 0.837334043462306
[02:18:26] [Server thread/WARN]: Oak Boat (vehicle of _gary_825) moved wrongly! 0.837334043462306
[02:18:27] [Server thread/WARN]: Oak Boat (vehicle of _gary_825) moved wrongly! 0.7419999203682153
[02:18:27] [Server thread/WARN]: Oak Boat (vehicle of _gary_825) moved wrongly! 0.4900000000000091
[02:18:28] [Server thread/WARN]: Oak Boat (vehicle of _gary_825) moved wrongly! 0.2984003985956747
[02:18:28] [Server thread/WARN]: Oak Boat (vehicle of _gary_825) moved wrongly! 0.4900000000000091
[02:18:28] [Server thread/WARN]: Oak Boat (vehicle of _gary_825) moved wrongly! 0.9900000000000091
[02:18:28] [Server thread/WARN]: Oak Boat (vehicle of _gary_825) moved wrongly! 0.4900000000000091
[02:18:29] [Server thread/WARN]: Oak Boat (vehicle of _gary_825) moved wrongly! 0.6584004272058905
[02:18:29] [Server thread/WARN]: Oak Boat (vehicle of _gary_825) moved wrongly! 0.4900000000000091
[02:18:29] [Server thread/WARN]: Oak Boat (vehicle of _gary_825) moved wrongly! 0.2984003985956747
[02:18:30] [Server thread/WARN]: Oak Boat (vehicle of _gary_825) moved wrongly! 0.4900000000000091
[02:18:30] [Server thread/WARN]: Oak Boat (vehicle of _gary_825) moved wrongly! 0.9900000000000091
[02:18:30] [Server thread/WARN]: Oak Boat (vehicle of _gary_825) moved wrongly! 0.4900000000000091
[02:18:30] [Server thread/WARN]: Oak Boat (vehicle of _gary_825) moved wrongly! 0.2984003985956747
[02:18:31] [Server thread/WARN]: Oak Boat (vehicle of _gary_825) moved wrongly! 0.9900000000000091
[02:18:31] [Server thread/WARN]: Oak Boat (vehicle of _gary_825) moved wrongly! 0.9900000000000091
[02:18:32] [Server thread/WARN]: Oak Boat (vehicle of _gary_825) moved wrongly! 0.7419999203682153
[02:18:32] [Server thread/WARN]: Oak Boat (vehicle of _gary_825) moved wrongly! 0.4900000000000091
[02:18:32] [Server thread/WARN]: Oak Boat (vehicle of _gary_825) moved wrongly! 0.4900000000000091
[02:18:32] [Server thread/WARN]: Oak Boat (vehicle of _gary_825) moved wrongly! 0.4900000000000091
[02:18:32] [Server thread/WARN]: Oak Boat (vehicle of _gary_825) moved wrongly! 0.4465781607237034
[02:18:32] [Server thread/WARN]: Oak Boat (vehicle of _gary_825) moved wrongly! 0.4465781607237034
[02:18:33] [Server thread/WARN]: Oak Boat (vehicle of _gary_825) moved wrongly! 0.4900000000000091
[02:18:33] [Server thread/WARN]: Oak Boat (vehicle of _gary_825) moved wrongly! 0.4900000000000091
[02:18:33] [Server thread/WARN]: Oak Boat (vehicle of _gary_825) moved wrongly! 0.4900000000000091
[02:18:33] [Server thread/WARN]: Oak Boat (vehicle of _gary_825) moved wrongly! 0.4900000000000091
[02:18:34] [Server thread/WARN]: Oak Boat (vehicle of _gary_825) moved wrongly! 0.337334043462306
[02:18:34] [Server thread/WARN]: Oak Boat (vehicle of _gary_825) moved wrongly! 0.4900000000000091
[02:18:34] [Server thread/WARN]: Oak Boat (vehicle of _gary_825) moved wrongly! 0.4900000000000091
[02:18:34] [Server thread/WARN]: Oak Boat (vehicle of _gary_825) moved wrongly! 0.4900000000000091
[02:18:35] [Server thread/WARN]: Oak Boat (vehicle of _gary_825) moved wrongly! 0.337334043462306
[02:18:35] [Server thread/WARN]: Oak Boat (vehicle of _gary_825) moved wrongly! 0.337334043462306
[02:18:35] [Server thread/WARN]: Oak Boat (vehicle of _gary_825) moved wrongly! 0.4900000000000091
[02:18:35] [Server thread/WARN]: Oak Boat (vehicle of _gary_825) moved wrongly! 0.4900000000000091
[02:18:35] [Server thread/WARN]: Oak Boat (vehicle of _gary_825) moved wrongly! 0.4900000000000091
[02:18:35] [Server thread/WARN]: Oak Boat (vehicle of _gary_825) moved wrongly! 0.4900000000000091
[02:18:35] [Server thread/WARN]: Oak Boat (vehicle of _gary_825) moved wrongly! 0.4900000000000091
[02:18:35] [Server thread/WARN]: Oak Boat (vehicle of _gary_825) moved wrongly! 0.4900000000000091
[02:18:35] [Server thread/WARN]: Oak Boat (vehicle of _gary_825) moved wrongly! 0.4900000000000091
[02:18:36] [Server thread/WARN]: Oak Boat (vehicle of _gary_825) moved wrongly! 0.337334043462306
[02:18:36] [Server thread/WARN]: Oak Boat (vehicle of _gary_825) moved wrongly! 0.337334043462306
[02:18:36] [Server thread/WARN]: Oak Boat (vehicle of _gary_825) moved wrongly! 0.4900000000000091
[02:18:36] [Server thread/WARN]: Oak Boat (vehicle of _gary_825) moved wrongly! 0.4900000000000091
[02:18:36] [Server thread/WARN]: Oak Boat (vehicle of _gary_825) moved wrongly! 0.4900000000000091
[02:18:37] [Server thread/WARN]: Oak Boat (vehicle of _gary_825) moved wrongly! 0.4900000000000091
[02:18:37] [Server thread/WARN]: Oak Boat (vehicle of _gary_825) moved wrongly! 0.9900000000000091
[02:18:37] [Server thread/WARN]: Oak Boat (vehicle of _gary_825) moved wrongly! 0.4900000000000091
[02:18:37] [Server thread/WARN]: Oak Boat (vehicle of _gary_825) moved wrongly! 0.2984003985956747
[02:18:37] [Server thread/WARN]: Oak Boat (vehicle of _gary_825) moved wrongly! 0.2984003985956747
[02:18:38] [Server thread/WARN]: Oak Boat (vehicle of _gary_825) moved wrongly! 0.337334043462306
[02:18:38] [Server thread/WARN]: Oak Boat (vehicle of _gary_825) moved wrongly! 0.4900000000000091
[02:18:38] [Server thread/WARN]: Oak Boat (vehicle of _gary_825) moved wrongly! 0.4900000000000091
[02:18:38] [Server thread/WARN]: Oak Boat (vehicle of _gary_825) moved wrongly! 0.4900000000000091
[02:18:39] [Server thread/WARN]: Oak Boat (vehicle of _gary_825) moved wrongly! 0.337334043462306
[02:18:39] [Server thread/WARN]: Oak Boat (vehicle of _gary_825) moved wrongly! 0.337334043462306
[02:18:39] [Server thread/WARN]: Oak Boat (vehicle of _gary_825) moved wrongly! 0.4900000000000091
[02:18:39] [Server thread/WARN]: Oak Boat (vehicle of _gary_825) moved wrongly! 0.4900000000000091
[02:18:39] [Server thread/WARN]: Oak Boat (vehicle of _gary_825) moved wrongly! 0.4900000000000091
[02:18:40] [Server thread/WARN]: Oak Boat (vehicle of _gary_825) moved wrongly! 0.4900000000000091
[02:18:40] [Server thread/WARN]: Oak Boat (vehicle of _gary_825) moved wrongly! 0.9900000000000091
[02:18:40] [Server thread/WARN]: Oak Boat (vehicle of _gary_825) moved wrongly! 0.4900000000000091
[02:18:40] [Server thread/WARN]: Oak Boat (vehicle of _gary_825) moved wrongly! 0.2984003985956747
[02:18:41] [Server thread/WARN]: Oak Boat (vehicle of _gary_825) moved wrongly! 0.4900000000000091
[02:18:41] [Server thread/WARN]: Oak Boat (vehicle of _gary_825) moved wrongly! 0.9900000000000091
[02:18:41] [Server thread/WARN]: Oak Boat (vehicle of _gary_825) moved wrongly! 0.4900000000000091
[02:18:41] [Server thread/WARN]: Oak Boat (vehicle of _gary_825) moved wrongly! 0.2984003985956747
[02:18:42] [Server thread/WARN]: Oak Boat (vehicle of _gary_825) moved wrongly! 0.4900000000000091
[02:18:42] [Server thread/WARN]: Oak Boat (vehicle of _gary_825) moved wrongly! 0.9900000000000091
[02:18:42] [Server thread/WARN]: Oak Boat (vehicle of _gary_825) moved wrongly! 0.4900000000000091
[02:18:42] [Server thread/WARN]: Oak Boat (vehicle of _gary_825) moved wrongly! 0.29840039859573153
[02:18:43] [Server thread/WARN]: Oak Boat (vehicle of _gary_825) moved wrongly! 0.4900000000000091
[02:18:43] [Server thread/WARN]: Oak Boat (vehicle of _gary_825) moved wrongly! 0.9900000000000091
[02:18:43] [Server thread/WARN]: Oak Boat (vehicle of _gary_825) moved wrongly! 0.4900000000000091
[02:18:43] [Server thread/WARN]: Oak Boat (vehicle of _gary_825) moved wrongly! 0.29840039859573153
[02:18:44] [Server thread/WARN]: Oak Boat (vehicle of _gary_825) moved wrongly! 0.4900000000000091
[02:18:44] [Server thread/WARN]: Oak Boat (vehicle of _gary_825) moved wrongly! 0.9900000000000091
[02:18:44] [Server thread/WARN]: Oak Boat (vehicle of _gary_825) moved wrongly! 0.4900000000000091
[02:18:44] [Server thread/WARN]: Oak Boat (vehicle of _gary_825) moved wrongly! 0.29840039859573153
[02:18:44] [Server thread/WARN]: Oak Boat (vehicle of _gary_825) moved wrongly! 0.29840039859573153
[02:18:45] [Server thread/WARN]: Oak Boat (vehicle of _gary_825) moved wrongly! 0.4900000000000091
[02:18:45] [Server thread/WARN]: Oak Boat (vehicle of _gary_825) moved wrongly! 0.9900000000000091
[02:18:45] [Server thread/WARN]: Oak Boat (vehicle of _gary_825) moved wrongly! 0.4900000000000091
[02:18:45] [Server thread/WARN]: Oak Boat (vehicle of _gary_825) moved wrongly! 0.29840039859573153
[02:18:45] [Server thread/WARN]: Oak Boat (vehicle of _gary_825) moved wrongly! 0.29840039859573153
[02:18:46] [Server thread/WARN]: Oak Boat (vehicle of _gary_825) moved wrongly! 0.4900000000000091
[02:18:46] [Server thread/WARN]: Oak Boat (vehicle of _gary_825) moved wrongly! 0.9900000000000091
[02:18:46] [Server thread/WARN]: Oak Boat (vehicle of _gary_825) moved wrongly! 0.4900000000000091
[02:18:46] [Server thread/WARN]: Oak Boat (vehicle of _gary_825) moved wrongly! 0.29840039859573153
[02:18:46] [Server thread/WARN]: Oak Boat (vehicle of _gary_825) moved wrongly! 0.29840039859573153
[02:18:47] [Server thread/WARN]: Oak Boat (vehicle of _gary_825) moved wrongly! 0.4900000000000091
[02:18:47] [Server thread/WARN]: Oak Boat (vehicle of _gary_825) moved wrongly! 0.9900000000000091
[02:18:47] [Server thread/WARN]: Oak Boat (vehicle of _gary_825) moved wrongly! 0.4900000000000091
[02:18:47] [Server thread/WARN]: Oak Boat (vehicle of _gary_825) moved wrongly! 0.29840039859573153
[02:18:47] [Server thread/WARN]: Oak Boat (vehicle of _gary_825) moved wrongly! 0.29840039859573153
[02:18:48] [Server thread/WARN]: Oak Boat (vehicle of _gary_825) moved wrongly! 0.4900000000000091
[02:18:48] [Server thread/WARN]: Oak Boat (vehicle of _gary_825) moved wrongly! 0.4900000000000091
[02:18:48] [Server thread/WARN]: Oak Boat (vehicle of _gary_825) moved wrongly! 0.4900000000000091
[02:18:48] [Server thread/WARN]: Oak Boat (vehicle of _gary_825) moved wrongly! 0.4900000000000091
[02:18:49] [Server thread/WARN]: Oak Boat (vehicle of _gary_825) moved wrongly! 0.337334043462306
[02:18:49] [Server thread/WARN]: Oak Boat (vehicle of _gary_825) moved wrongly! 0.337334043462306
[02:18:49] [Server thread/WARN]: Oak Boat (vehicle of _gary_825) moved wrongly! 0.4900000000000091
[02:18:49] [Server thread/WARN]: Oak Boat (vehicle of _gary_825) moved wrongly! 0.4900000000000091
[02:18:49] [Server thread/WARN]: Oak Boat (vehicle of _gary_825) moved wrongly! 0.4900000000000091
[02:18:49] [Server thread/WARN]: Oak Boat (vehicle of _gary_825) moved wrongly! 0.4900000000000091
[02:18:50] [Server thread/WARN]: Oak Boat (vehicle of _gary_825) moved wrongly! 0.337334043462306
[02:18:50] [Server thread/WARN]: Oak Boat (vehicle of _gary_825) moved wrongly! 0.4900000000000091
[02:18:50] [Server thread/WARN]: Oak Boat (vehicle of _gary_825) moved wrongly! 0.4900000000000091
[02:18:50] [Server thread/WARN]: Oak Boat (vehicle of _gary_825) moved wrongly! 0.4900000000000091
[02:18:51] [Server thread/WARN]: Oak Boat (vehicle of _gary_825) moved wrongly! 0.337334043462306
[02:18:51] [Server thread/WARN]: Oak Boat (vehicle of _gary_825) moved wrongly! 0.337334043462306
[02:18:51] [Server thread/WARN]: Oak Boat (vehicle of _gary_825) moved wrongly! 0.4900000000000091
[02:18:51] [Server thread/WARN]: Oak Boat (vehicle of _gary_825) moved wrongly! 0.4900000000000091
[02:18:51] [Server thread/WARN]: Oak Boat (vehicle of _gary_825) moved wrongly! 0.4900000000000091
[02:18:51] [Server thread/WARN]: Oak Boat (vehicle of _gary_825) moved wrongly! 0.4900000000000091
[02:18:51] [Server thread/WARN]: Oak Boat (vehicle of _gary_825) moved wrongly! 0.9900000000000091
[02:18:51] [Server thread/WARN]: Oak Boat (vehicle of _gary_825) moved wrongly! 0.4900000000000091
[02:18:52] [Server thread/WARN]: Oak Boat (vehicle of _gary_825) moved wrongly! 0.29840039859573153
[02:18:52] [Server thread/WARN]: Oak Boat (vehicle of _gary_825) moved wrongly! 0.29840039859573153
[02:18:52] [Server thread/WARN]: Oak Boat (vehicle of _gary_825) moved wrongly! 0.4373340673041639
[02:18:53] [Server thread/WARN]: Oak Boat (vehicle of _gary_825) moved wrongly! 0.4900000000000091
[02:18:53] [Server thread/WARN]: Oak Boat (vehicle of _gary_825) moved wrongly! 0.9900000000000091
[02:18:53] [Server thread/WARN]: Oak Boat (vehicle of _gary_825) moved wrongly! 0.4900000000000091
[02:18:53] [Server thread/WARN]: Oak Boat (vehicle of _gary_825) moved wrongly! 0.6584004272059474
[02:18:53] [Server thread/WARN]: Oak Boat (vehicle of _gary_825) moved wrongly! 0.4900000000000091
[02:18:54] [Server thread/WARN]: Oak Boat (vehicle of _gary_825) moved wrongly! 0.29840039859573153
[02:18:54] [Server thread/WARN]: Oak Boat (vehicle of _gary_825) moved wrongly! 0.4900000000000091
[02:18:54] [Server thread/WARN]: Oak Boat (vehicle of _gary_825) moved wrongly! 0.9900000000000091
[02:18:54] [Server thread/WARN]: Oak Boat (vehicle of _gary_825) moved wrongly! 0.4900000000000091
[02:18:55] [Server thread/WARN]: Oak Boat (vehicle of _gary_825) moved wrongly! 0.29840039859573153
[02:18:55] [Server thread/WARN]: Oak Boat (vehicle of _gary_825) moved wrongly! 0.29840039859573153
[02:18:55] [Server thread/WARN]: Oak Boat (vehicle of _gary_825) moved wrongly! 0.29840039859573153
[02:18:55] [Server thread/WARN]: Oak Boat (vehicle of _gary_825) moved wrongly! 0.29840039859573153
[02:18:55] [Server thread/WARN]: Oak Boat (vehicle of _gary_825) moved wrongly! 0.29840039859573153
[02:18:55] [Server thread/WARN]: Oak Boat (vehicle of _gary_825) moved wrongly! 0.4900000000000091
[02:18:55] [Server thread/WARN]: Oak Boat (vehicle of _gary_825) moved wrongly! 0.9900000000000091
[02:18:55] [Server thread/WARN]: Oak Boat (vehicle of _gary_825) moved wrongly! 0.4900000000000091
[02:18:55] [Server thread/WARN]: Oak Boat (vehicle of _gary_825) moved wrongly! 0.4900000000000091
[02:18:56] [Server thread/WARN]: Oak Boat (vehicle of _gary_825) moved wrongly! 0.4900000000000091
[02:18:56] [Server thread/WARN]: Oak Boat (vehicle of _gary_825) moved wrongly! 0.9900000000000091
[02:18:56] [Server thread/WARN]: Oak Boat (vehicle of _gary_825) moved wrongly! 0.4900000000000091
[02:18:56] [Server thread/WARN]: Oak Boat (vehicle of _gary_825) moved wrongly! 0.29840039859573153
[02:18:56] [Server thread/WARN]: Oak Boat (vehicle of _gary_825) moved wrongly! 0.29840039859573153
[02:18:57] [Server thread/WARN]: Oak Boat (vehicle of _gary_825) moved wrongly! 0.4900000000000091
[02:18:57] [Server thread/WARN]: Oak Boat (vehicle of _gary_825) moved wrongly! 0.9900000000000091
[02:18:57] [Server thread/WARN]: Oak Boat (vehicle of _gary_825) moved wrongly! 0.4900000000000091
[02:18:57] [Server thread/WARN]: Oak Boat (vehicle of _gary_825) moved wrongly! 0.29840039859573153
[02:18:57] [Server thread/WARN]: Oak Boat (vehicle of _gary_825) moved wrongly! 0.29840039859573153
[02:18:58] [Server thread/WARN]: Oak Boat (vehicle of _gary_825) moved wrongly! 0.4900000000000091
[02:18:58] [Server thread/WARN]: Oak Boat (vehicle of _gary_825) moved wrongly! 0.4900000000000091
[02:18:58] [Server thread/WARN]: Oak Boat (vehicle of _gary_825) moved wrongly! 0.4900000000000091
[02:18:58] [Server thread/WARN]: Oak Boat (vehicle of _gary_825) moved wrongly! 0.4900000000000091
[02:18:59] [Server thread/WARN]: Oak Boat (vehicle of _gary_825) moved wrongly! 0.337334043462306
[02:18:59] [Server thread/WARN]: Oak Boat (vehicle of _gary_825) moved wrongly! 0.4900000000000091
[02:18:59] [Server thread/WARN]: Oak Boat (vehicle of _gary_825) moved wrongly! 0.4900000000000091
[02:18:59] [Server thread/WARN]: Oak Boat (vehicle of _gary_825) moved wrongly! 0.4900000000000091
[02:19:00] [Server thread/WARN]: Oak Boat (vehicle of _gary_825) moved wrongly! 0.337334043462306
[02:19:00] [Server thread/WARN]: Oak Boat (vehicle of _gary_825) moved wrongly! 0.337334043462306
[02:19:00] [Server thread/WARN]: Oak Boat (vehicle of _gary_825) moved wrongly! 0.4900000000000091
[02:19:00] [Server thread/WARN]: Oak Boat (vehicle of _gary_825) moved wrongly! 0.4900000000000091
[02:19:00] [Server thread/WARN]: Oak Boat (vehicle of _gary_825) moved wrongly! 0.4900000000000091
[02:19:01] [Server thread/WARN]: Oak Boat (vehicle of _gary_825) moved wrongly! 0.337334043462306
[02:19:01] [Server thread/WARN]: Oak Boat (vehicle of _gary_825) moved wrongly! 0.4900000000000091
[02:19:01] [Server thread/WARN]: Oak Boat (vehicle of _gary_825) moved wrongly! 0.4900000000000091
[02:19:01] [Server thread/WARN]: Oak Boat (vehicle of _gary_825) moved wrongly! 0.4900000000000091
[02:19:02] [Server thread/WARN]: Oak Boat (vehicle of _gary_825) moved wrongly! 0.337334043462306
[02:19:02] [Server thread/WARN]: Oak Boat (vehicle of _gary_825) moved wrongly! 0.4900000000000091
[02:19:02] [Server thread/WARN]: Oak Boat (vehicle of _gary_825) moved wrongly! 0.4900000000000091
[02:19:02] [Server thread/WARN]: Oak Boat (vehicle of _gary_825) moved wrongly! 0.4900000000000091
[02:19:03] [Server thread/WARN]: Oak Boat (vehicle of _gary_825) moved wrongly! 0.337334043462306
[02:19:03] [Server thread/WARN]: Oak Boat (vehicle of _gary_825) moved wrongly! 0.4900000000000091
[02:19:03] [Server thread/WARN]: Oak Boat (vehicle of _gary_825) moved wrongly! 0.4900000000000091
[02:19:03] [Server thread/WARN]: Oak Boat (vehicle of _gary_825) moved wrongly! 0.4900000000000091
[02:19:04] [Server thread/WARN]: Oak Boat (vehicle of _gary_825) moved wrongly! 0.337334043462306
[02:19:04] [Server thread/WARN]: Oak Boat (vehicle of _gary_825) moved wrongly! 0.337334043462306
[02:19:04] [Server thread/WARN]: Oak Boat (vehicle of _gary_825) moved wrongly! 0.4900000000000091
[02:19:04] [Server thread/WARN]: Oak Boat (vehicle of _gary_825) moved wrongly! 0.4900000000000091
[02:19:04] [Server thread/WARN]: Oak Boat (vehicle of _gary_825) moved wrongly! 0.4900000000000091
[02:19:04] [Server thread/WARN]: Oak Boat (vehicle of _gary_825) moved wrongly! 0.4900000000000091
[02:19:04] [Server thread/WARN]: Oak Boat (vehicle of _gary_825) moved wrongly! 0.4900000000000091
[02:19:04] [Server thread/WARN]: Oak Boat (vehicle of _gary_825) moved wrongly! 0.4900000000000091
[02:19:04] [Server thread/WARN]: Oak Boat (vehicle of _gary_825) moved wrongly! 0.4900000000000091
[02:19:05] [Server thread/WARN]: Oak Boat (vehicle of _gary_825) moved wrongly! 0.337334043462306
[02:19:05] [Server thread/WARN]: Oak Boat (vehicle of _gary_825) moved wrongly! 0.837334043462306
[02:19:05] [Server thread/WARN]: Oak Boat (vehicle of _gary_825) moved wrongly! 0.4900000000000091
[02:19:06] [Server thread/WARN]: Oak Boat (vehicle of _gary_825) moved wrongly! 0.29840039859573153
[02:19:06] [Server thread/WARN]: Oak Boat (vehicle of _gary_825) moved wrongly! 0.4900000000000091
[02:19:06] [Server thread/WARN]: Oak Boat (vehicle of _gary_825) moved wrongly! 0.9900000000000091
[02:19:06] [Server thread/WARN]: Oak Boat (vehicle of _gary_825) moved wrongly! 0.4900000000000091
[02:19:07] [Server thread/WARN]: Oak Boat (vehicle of _gary_825) moved wrongly! 0.29840039859573153
[02:19:07] [Server thread/WARN]: Oak Boat (vehicle of _gary_825) moved wrongly! 0.4900000000000091
[02:19:07] [Server thread/WARN]: Oak Boat (vehicle of _gary_825) moved wrongly! 0.9900000000000091
[02:19:07] [Server thread/WARN]: Oak Boat (vehicle of _gary_825) moved wrongly! 0.4900000000000091
[02:19:08] [Server thread/WARN]: Oak Boat (vehicle of _gary_825) moved wrongly! 0.29840039859573153
[02:19:08] [Server thread/WARN]: Oak Boat (vehicle of _gary_825) moved wrongly! 0.4900000000000091
[02:19:08] [Server thread/WARN]: Oak Boat (vehicle of _gary_825) moved wrongly! 0.9900000000000091
[02:19:08] [Server thread/WARN]: Oak Boat (vehicle of _gary_825) moved wrongly! 0.4900000000000091
[02:19:09] [Server thread/WARN]: Oak Boat (vehicle of _gary_825) moved wrongly! 0.29840039859573153
[02:19:09] [Server thread/WARN]: Oak Boat (vehicle of _gary_825) moved wrongly! 0.4900000000000091
[02:19:09] [Server thread/WARN]: Oak Boat (vehicle of _gary_825) moved wrongly! 0.9900000000000091
[02:19:09] [Server thread/WARN]: Oak Boat (vehicle of _gary_825) moved wrongly! 0.4900000000000091
[02:19:10] [Server thread/WARN]: Oak Boat (vehicle of _gary_825) moved wrongly! 0.29840039859573153
[02:19:10] [Server thread/WARN]: Oak Boat (vehicle of _gary_825) moved wrongly! 0.4900000000000091
[02:19:10] [Server thread/WARN]: Oak Boat (vehicle of _gary_825) moved wrongly! 0.9900000000000091
[02:19:10] [Server thread/WARN]: Oak Boat (vehicle of _gary_825) moved wrongly! 0.4900000000000091
[02:19:10] [Server thread/WARN]: Oak Boat (vehicle of _gary_825) moved wrongly! 0.4900000000000091
[02:19:11] [Server thread/WARN]: Oak Boat (vehicle of _gary_825) moved wrongly! 0.4900000000000091
[02:19:11] [Server thread/WARN]: Oak Boat (vehicle of _gary_825) moved wrongly! 0.9900000000000091
[02:19:11] [Server thread/WARN]: Oak Boat (vehicle of _gary_825) moved wrongly! 0.4900000000000091
[02:19:12] [Server thread/WARN]: Oak Boat (vehicle of _gary_825) moved wrongly! 0.34657813688181704
[02:19:12] [Server thread/WARN]: Oak Boat (vehicle of _gary_825) moved wrongly! 0.846578136881817
[02:19:12] [Server thread/WARN]: Oak Boat (vehicle of _gary_825) moved wrongly! 0.4900000000000091
[02:19:12] [Server thread/WARN]: Oak Boat (vehicle of _gary_825) moved wrongly! 0.6584004272059474
[02:19:12] [Server thread/WARN]: Oak Boat (vehicle of _gary_825) moved wrongly! 0.6584004272059474
[02:19:13] [Server thread/WARN]: Oak Boat (vehicle of _gary_825) moved wrongly! 0.4900000000000091
[02:19:13] [Server thread/WARN]: Oak Boat (vehicle of _gary_825) moved wrongly! 0.4900000000000091
[02:19:13] [Server thread/WARN]: Oak Boat (vehicle of _gary_825) moved wrongly! 0.4900000000000091
[02:19:14] [Server thread/WARN]: Oak Boat (vehicle of _gary_825) moved wrongly! 0.337334043462306
[02:19:14] [Server thread/WARN]: Oak Boat (vehicle of _gary_825) moved wrongly! 0.4900000000000091
[02:19:14] [Server thread/WARN]: Oak Boat (vehicle of _gary_825) moved wrongly! 0.4900000000000091
[02:19:14] [Server thread/WARN]: Oak Boat (vehicle of _gary_825) moved wrongly! 0.4900000000000091
[02:19:15] [Server thread/WARN]: Oak Boat (vehicle of _gary_825) moved wrongly! 0.4373340673041639
[02:19:15] [Server thread/WARN]: Oak Boat (vehicle of _gary_825) moved wrongly! 0.4373340673041639
[02:19:16] [Server thread/WARN]: Oak Boat (vehicle of _gary_825) moved wrongly! 0.337334043462306
[02:19:16] [Server thread/WARN]: Oak Boat (vehicle of _gary_825) moved wrongly! 0.4900000000000091
[02:19:16] [Server thread/WARN]: Oak Boat (vehicle of _gary_825) moved wrongly! 0.4900000000000091
[02:19:16] [Server thread/WARN]: Oak Boat (vehicle of _gary_825) moved wrongly! 0.4900000000000091
[02:19:17] [Server thread/WARN]: Oak Boat (vehicle of _gary_825) moved wrongly! 0.337334043462306
[02:19:17] [Server thread/WARN]: Oak Boat (vehicle of _gary_825) moved wrongly! 0.4900000000000091
[02:19:17] [Server thread/WARN]: Oak Boat (vehicle of _gary_825) moved wrongly! 0.4900000000000091
[02:19:17] [Server thread/WARN]: Oak Boat (vehicle of _gary_825) moved wrongly! 0.4900000000000091
[02:19:18] [Server thread/WARN]: Oak Boat (vehicle of _gary_825) moved wrongly! 0.337334043462306
[02:19:18] [Server thread/WARN]: Oak Boat (vehicle of _gary_825) moved wrongly! 0.337334043462306
[02:19:18] [Server thread/WARN]: Oak Boat (vehicle of _gary_825) moved wrongly! 0.4900000000000091
[02:19:18] [Server thread/WARN]: Oak Boat (vehicle of _gary_825) moved wrongly! 0.4900000000000091
[02:19:18] [Server thread/WARN]: Oak Boat (vehicle of _gary_825) moved wrongly! 0.4900000000000091
[02:19:18] [Server thread/WARN]: Oak Boat (vehicle of _gary_825) moved wrongly! 0.4900000000000091
[02:19:18] [Server thread/WARN]: Oak Boat (vehicle of _gary_825) moved wrongly! 0.9900000000000091
[02:19:18] [Server thread/WARN]: Oak Boat (vehicle of _gary_825) moved wrongly! 0.4900000000000091
[02:19:19] [Server thread/WARN]: Oak Boat (vehicle of _gary_825) moved wrongly! 0.29840039859573153
[02:19:19] [Server thread/WARN]: Oak Boat (vehicle of _gary_825) moved wrongly! 0.29840039859573153
[02:19:20] [Server thread/WARN]: Oak Boat (vehicle of _gary_825) moved wrongly! 0.337334043462306
[02:19:20] [Server thread/WARN]: Oak Boat (vehicle of _gary_825) moved wrongly! 0.337334043462306
[02:19:20] [Server thread/WARN]: Oak Boat (vehicle of _gary_825) moved wrongly! 0.4900000000000091
[02:19:20] [Server thread/WARN]: Oak Boat (vehicle of _gary_825) moved wrongly! 0.4900000000000091
[02:19:20] [Server thread/WARN]: Oak Boat (vehicle of _gary_825) moved wrongly! 0.4900000000000091
[02:19:20] [Server thread/WARN]: Oak Boat (vehicle of _gary_825) moved wrongly! 0.4900000000000091
[02:19:21] [Server thread/WARN]: Oak Boat (vehicle of _gary_825) moved wrongly! 0.337334043462306
[02:19:21] [Server thread/WARN]: Oak Boat (vehicle of _gary_825) moved wrongly! 0.337334043462306
[02:19:21] [Server thread/WARN]: Oak Boat (vehicle of _gary_825) moved wrongly! 0.4900000000000091
[02:19:21] [Server thread/WARN]: Oak Boat (vehicle of _gary_825) moved wrongly! 0.4900000000000091
[02:19:21] [Server thread/WARN]: Oak Boat (vehicle of _gary_825) moved wrongly! 0.4900000000000091
[02:19:21] [Server thread/WARN]: Oak Boat (vehicle of _gary_825) moved wrongly! 0.4900000000000091
[02:19:21] [Server thread/WARN]: Oak Boat (vehicle of _gary_825) moved wrongly! 0.4373340673041639
[02:19:22] [Server thread/WARN]: Oak Boat (vehicle of _gary_825) moved wrongly! 0.4900000000000091
[02:19:22] [Server thread/WARN]: Oak Boat (vehicle of _gary_825) moved wrongly! 0.9900000000000091
[02:19:22] [Server thread/WARN]: Oak Boat (vehicle of _gary_825) moved wrongly! 0.4900000000000091
[02:19:22] [Server thread/WARN]: Oak Boat (vehicle of _gary_825) moved wrongly! 0.29840039859573153
[02:19:23] [Server thread/WARN]: Oak Boat (vehicle of _gary_825) moved wrongly! 0.4900000000000091
[02:19:23] [Server thread/WARN]: Oak Boat (vehicle of _gary_825) moved wrongly! 0.9900000000000091
[02:19:23] [Server thread/WARN]: Oak Boat (vehicle of _gary_825) moved wrongly! 0.4900000000000091
[02:19:23] [Server thread/WARN]: Oak Boat (vehicle of _gary_825) moved wrongly! 0.29840039859573153
[02:19:24] [Server thread/WARN]: Oak Boat (vehicle of _gary_825) moved wrongly! 0.4900000000000091
[02:19:24] [Server thread/WARN]: Oak Boat (vehicle of _gary_825) moved wrongly! 0.9900000000000091
[02:19:24] [Server thread/WARN]: Oak Boat (vehicle of _gary_825) moved wrongly! 0.4900000000000091
[02:19:24] [Server thread/WARN]: Oak Boat (vehicle of _gary_825) moved wrongly! 0.29840039859573153
[02:19:24] [Server thread/WARN]: Oak Boat (vehicle of _gary_825) moved wrongly! 0.29840039859573153
[02:19:25] [Server thread/WARN]: Oak Boat (vehicle of _gary_825) moved wrongly! 0.4900000000000091
[02:19:25] [Server thread/WARN]: Oak Boat (vehicle of _gary_825) moved wrongly! 0.9900000000000091
[02:19:25] [Server thread/WARN]: Oak Boat (vehicle of _gary_825) moved wrongly! 0.4900000000000091
[02:19:25] [Server thread/WARN]: Oak Boat (vehicle of _gary_825) moved wrongly! 0.29840039859573153
[02:19:26] [Server thread/WARN]: Oak Boat (vehicle of _gary_825) moved wrongly! 0.4900000000000091
[02:19:26] [Server thread/WARN]: Oak Boat (vehicle of _gary_825) moved wrongly! 0.9900000000000091
[02:19:26] [Server thread/WARN]: Oak Boat (vehicle of _gary_825) moved wrongly! 0.4900000000000091
[02:19:26] [Server thread/WARN]: Oak Boat (vehicle of _gary_825) moved wrongly! 0.29840039859573153
[02:19:26] [Server thread/WARN]: Oak Boat (vehicle of _gary_825) moved wrongly! 0.29840039859573153
[02:19:27] [Server thread/WARN]: Oak Boat (vehicle of _gary_825) moved wrongly! 0.4900000000000091
[02:19:27] [Server thread/WARN]: Oak Boat (vehicle of _gary_825) moved wrongly! 0.9900000000000091
[02:19:27] [Server thread/WARN]: Oak Boat (vehicle of _gary_825) moved wrongly! 0.4900000000000091
[02:19:27] [Server thread/WARN]: Oak Boat (vehicle of _gary_825) moved wrongly! 0.29840039859573153
[02:19:27] [Server thread/WARN]: Oak Boat (vehicle of _gary_825) moved wrongly! 0.29840039859573153
[02:19:28] [Server thread/WARN]: Oak Boat (vehicle of _gary_825) moved wrongly! 0.4900000000000091
[02:19:28] [Server thread/WARN]: Oak Boat (vehicle of _gary_825) moved wrongly! 0.9900000000000091
[02:19:28] [Server thread/WARN]: Oak Boat (vehicle of _gary_825) moved wrongly! 0.4900000000000091
[02:19:28] [Server thread/WARN]: Oak Boat (vehicle of _gary_825) moved wrongly! 0.29840039859573153
[02:19:28] [Server thread/WARN]: Oak Boat (vehicle of _gary_825) moved wrongly! 0.29840039859573153
[02:19:29] [Server thread/WARN]: Oak Boat (vehicle of _gary_825) moved wrongly! 0.337334043462306
[02:19:29] [Server thread/WARN]: Oak Boat (vehicle of _gary_825) moved wrongly! 0.4900000000000091
[02:19:29] [Server thread/WARN]: Oak Boat (vehicle of _gary_825) moved wrongly! 0.4900000000000091
[02:19:29] [Server thread/WARN]: Oak Boat (vehicle of _gary_825) moved wrongly! 0.4900000000000091
[02:19:30] [Server thread/WARN]: Oak Boat (vehicle of _gary_825) moved wrongly! 0.337334043462306
[02:19:30] [Server thread/WARN]: Oak Boat (vehicle of _gary_825) moved wrongly! 0.4900000000000091
[02:19:30] [Server thread/WARN]: Oak Boat (vehicle of _gary_825) moved wrongly! 0.4900000000000091
[02:19:30] [Server thread/WARN]: Oak Boat (vehicle of _gary_825) moved wrongly! 0.4900000000000091
[02:19:31] [Server thread/WARN]: Oak Boat (vehicle of _gary_825) moved wrongly! 0.34657813688181704
[02:19:31] [Server thread/WARN]: Oak Boat (vehicle of _gary_825) moved wrongly! 0.4900000000000091
[02:19:31] [Server thread/WARN]: Oak Boat (vehicle of _gary_825) moved wrongly! 0.4900000000000091
[02:19:31] [Server thread/WARN]: Oak Boat (vehicle of _gary_825) moved wrongly! 0.4900000000000091
[02:19:32] [Server thread/WARN]: Oak Boat (vehicle of _gary_825) moved wrongly! 0.337334043462306
[02:19:32] [Server thread/WARN]: Oak Boat (vehicle of _gary_825) moved wrongly! 0.4900000000000091
[02:19:32] [Server thread/WARN]: Oak Boat (vehicle of _gary_825) moved wrongly! 0.4900000000000091
[02:19:32] [Server thread/WARN]: Oak Boat (vehicle of _gary_825) moved wrongly! 0.4900000000000091
[02:19:33] [Server thread/WARN]: Oak Boat (vehicle of _gary_825) moved wrongly! 0.337334043462306
[02:19:33] [Server thread/WARN]: Oak Boat (vehicle of _gary_825) moved wrongly! 0.337334043462306
[02:19:33] [Server thread/WARN]: Oak Boat (vehicle of _gary_825) moved wrongly! 0.4900000000000091
[02:19:33] [Server thread/WARN]: Oak Boat (vehicle of _gary_825) moved wrongly! 0.4900000000000091
[02:19:33] [Server thread/WARN]: Oak Boat (vehicle of _gary_825) moved wrongly! 0.4900000000000091
[02:19:33] [Server thread/WARN]: Oak Boat (vehicle of _gary_825) moved wrongly! 0.4900000000000091
[02:19:34] [Server thread/WARN]: Oak Boat (vehicle of _gary_825) moved wrongly! 0.337334043462306
[02:19:34] [Server thread/WARN]: Oak Boat (vehicle of _gary_825) moved wrongly! 0.337334043462306
[02:19:34] [Server thread/WARN]: Oak Boat (vehicle of _gary_825) moved wrongly! 0.4900000000000091
[02:19:34] [Server thread/WARN]: Oak Boat (vehicle of _gary_825) moved wrongly! 0.4900000000000091
[02:19:34] [Server thread/WARN]: Oak Boat (vehicle of _gary_825) moved wrongly! 0.4900000000000091
[02:19:35] [Server thread/WARN]: Oak Boat (vehicle of _gary_825) moved wrongly! 0.4900000000000091
[02:19:35] [Server thread/WARN]: Oak Boat (vehicle of _gary_825) moved wrongly! 0.4900000000000091
[02:19:35] [Server thread/WARN]: Oak Boat (vehicle of _gary_825) moved wrongly! 0.4900000000000091
[02:19:35] [Server thread/WARN]: Oak Boat (vehicle of _gary_825) moved wrongly! 0.4900000000000091
[02:19:36] [Server thread/WARN]: Oak Boat (vehicle of _gary_825) moved wrongly! 0.34657813688181704
[02:19:36] [Server thread/WARN]: Oak Boat (vehicle of _gary_825) moved wrongly! 0.846578136881817
[02:19:36] [Server thread/WARN]: Oak Boat (vehicle of _gary_825) moved wrongly! 0.4900000000000091
[02:19:36] [Server thread/WARN]: Oak Boat (vehicle of _gary_825) moved wrongly! 0.29840039859573153
[02:19:37] [Server thread/WARN]: Oak Boat (vehicle of _gary_825) moved wrongly! 0.4900000000000091
[02:19:37] [Server thread/WARN]: Oak Boat (vehicle of _gary_825) moved wrongly! 0.9900000000000091
[02:19:37] [Server thread/WARN]: Oak Boat (vehicle of _gary_825) moved wrongly! 0.4900000000000091
[02:19:37] [Server thread/WARN]: Oak Boat (vehicle of _gary_825) moved wrongly! 0.29840039859573153
[02:19:37] [Server thread/WARN]: Oak Boat (vehicle of _gary_825) moved wrongly! 0.29840039859573153
[02:19:38] [Server thread/WARN]: Oak Boat (vehicle of _gary_825) moved wrongly! 0.4900000000000091
[02:19:38] [Server thread/WARN]: Oak Boat (vehicle of _gary_825) moved wrongly! 0.9900000000000091
[02:19:38] [Server thread/WARN]: Oak Boat (vehicle of _gary_825) moved wrongly! 0.4900000000000091
[02:19:39] [Server thread/WARN]: Oak Boat (vehicle of _gary_825) moved wrongly! 0.34657813688181704
[02:19:39] [Server thread/WARN]: Oak Boat (vehicle of _gary_825) moved wrongly! 0.846578136881817
[02:19:39] [Server thread/WARN]: Oak Boat (vehicle of _gary_825) moved wrongly! 0.4900000000000091
[02:19:39] [Server thread/WARN]: Oak Boat (vehicle of _gary_825) moved wrongly! 0.29840039859573153
[02:19:39] [Server thread/WARN]: Oak Boat (vehicle of _gary_825) moved wrongly! 0.29840039859573153
[02:19:40] [Server thread/WARN]: Oak Boat (vehicle of _gary_825) moved wrongly! 0.4900000000000091
[02:19:40] [Server thread/WARN]: Oak Boat (vehicle of _gary_825) moved wrongly! 0.9900000000000091
[02:19:40] [Server thread/WARN]: Oak Boat (vehicle of _gary_825) moved wrongly! 0.4900000000000091
[02:19:40] [Server thread/WARN]: Oak Boat (vehicle of _gary_825) moved wrongly! 0.29840039859573153
[02:19:40] [Server thread/WARN]: Oak Boat (vehicle of _gary_825) moved wrongly! 0.29840039859573153
[02:19:41] [Server thread/WARN]: Oak Boat (vehicle of _gary_825) moved wrongly! 0.4900000000000091
[02:19:41] [Server thread/WARN]: Oak Boat (vehicle of _gary_825) moved wrongly! 0.4900000000000091
[02:19:41] [Server thread/WARN]: Oak Boat (vehicle of _gary_825) moved wrongly! 0.4900000000000091
[02:19:41] [Server thread/WARN]: Oak Boat (vehicle of _gary_825) moved wrongly! 0.4900000000000091
[02:19:42] [Server thread/WARN]: Oak Boat (vehicle of _gary_825) moved wrongly! 0.337334043462306
[02:19:42] [Server thread/WARN]: Oak Boat (vehicle of _gary_825) moved wrongly! 0.4900000000000091
[02:19:42] [Server thread/WARN]: Oak Boat (vehicle of _gary_825) moved wrongly! 0.4900000000000091
[02:19:42] [Server thread/WARN]: Oak Boat (vehicle of _gary_825) moved wrongly! 0.4900000000000091
[02:19:43] [Server thread/WARN]: Oak Boat (vehicle of _gary_825) moved wrongly! 0.337334043462306
[02:19:43] [Server thread/WARN]: Oak Boat (vehicle of _gary_825) moved wrongly! 0.4900000000000091
[02:19:43] [Server thread/WARN]: Oak Boat (vehicle of _gary_825) moved wrongly! 0.4900000000000091
[02:19:43] [Server thread/WARN]: Oak Boat (vehicle of _gary_825) moved wrongly! 0.4900000000000091
[02:19:44] [Server thread/WARN]: Oak Boat (vehicle of _gary_825) moved wrongly! 0.337334043462306
[02:19:44] [Server thread/WARN]: Oak Boat (vehicle of _gary_825) moved wrongly! 0.4900000000000091
[02:19:44] [Server thread/WARN]: Oak Boat (vehicle of _gary_825) moved wrongly! 0.4900000000000091
[02:19:44] [Server thread/WARN]: Oak Boat (vehicle of _gary_825) moved wrongly! 0.4900000000000091
[02:19:45] [Server thread/WARN]: Oak Boat (vehicle of _gary_825) moved wrongly! 0.337334043462306
[02:19:45] [Server thread/WARN]: Oak Boat (vehicle of _gary_825) moved wrongly! 0.337334043462306
[02:19:45] [Server thread/WARN]: Oak Boat (vehicle of _gary_825) moved wrongly! 0.4900000000000091
[02:19:45] [Server thread/WARN]: Oak Boat (vehicle of _gary_825) moved wrongly! 0.4900000000000091
[02:19:45] [Server thread/WARN]: Oak Boat (vehicle of _gary_825) moved wrongly! 0.4900000000000091
[02:19:45] [Server thread/WARN]: Oak Boat (vehicle of _gary_825) moved wrongly! 0.4900000000000091
[02:19:46] [Server thread/WARN]: Oak Boat (vehicle of _gary_825) moved wrongly! 0.337334043462306
[02:19:46] [Server thread/WARN]: Oak Boat (vehicle of _gary_825) moved wrongly! 0.337334043462306
[02:19:46] [Server thread/WARN]: Oak Boat (vehicle of _gary_825) moved wrongly! 0.4900000000000091
[02:19:46] [Server thread/WARN]: Oak Boat (vehicle of _gary_825) moved wrongly! 0.4900000000000091
[02:19:46] [Server thread/WARN]: Oak Boat (vehicle of _gary_825) moved wrongly! 0.4900000000000091
[02:19:46] [Server thread/WARN]: Oak Boat (vehicle of _gary_825) moved wrongly! 0.4900000000000091
[02:19:46] [Server thread/WARN]: Oak Boat (vehicle of _gary_825) moved wrongly! 0.4900000000000091
[02:19:46] [Server thread/WARN]: Oak Boat (vehicle of _gary_825) moved wrongly! 0.4900000000000091
[02:19:46] [Server thread/WARN]: Oak Boat (vehicle of _gary_825) moved wrongly! 0.4900000000000091
[02:19:46] [Server thread/WARN]: Oak Boat (vehicle of _gary_825) moved wrongly! 0.4900000000000091
[02:19:47] [Server thread/WARN]: Oak Boat (vehicle of _gary_825) moved wrongly! 0.4900000000000091
[02:19:47] [Server thread/WARN]: Oak Boat (vehicle of _gary_825) moved wrongly! 0.4900000000000091
[02:19:47] [Server thread/WARN]: Oak Boat (vehicle of _gary_825) moved wrongly! 0.4900000000000091
[02:19:47] [Server thread/WARN]: Oak Boat (vehicle of _gary_825) moved wrongly! 0.4900000000000091
[02:19:48] [Server thread/WARN]: Oak Boat (vehicle of _gary_825) moved wrongly! 0.337334043462306
[02:19:48] [Server thread/WARN]: Oak Boat (vehicle of _gary_825) moved wrongly! 0.837334043462306
[02:19:48] [Server thread/WARN]: Oak Boat (vehicle of _gary_825) moved wrongly! 0.4900000000000091
[02:19:48] [Server thread/WARN]: Oak Boat (vehicle of _gary_825) moved wrongly! 0.29840039859573153
[02:19:48] [Server thread/WARN]: Oak Boat (vehicle of _gary_825) moved wrongly! 0.29840039859573153
[02:19:49] [Server thread/WARN]: Oak Boat (vehicle of _gary_825) moved wrongly! 0.4900000000000091
[02:19:49] [Server thread/WARN]: Oak Boat (vehicle of _gary_825) moved wrongly! 0.9900000000000091
[02:19:49] [Server thread/WARN]: Oak Boat (vehicle of _gary_825) moved wrongly! 0.4900000000000091
[02:19:49] [Server thread/WARN]: Oak Boat (vehicle of _gary_825) moved wrongly! 0.29840039859573153
[02:19:50] [Server thread/WARN]: Oak Boat (vehicle of _gary_825) moved wrongly! 0.4900000000000091
[02:19:50] [Server thread/WARN]: Oak Boat (vehicle of _gary_825) moved wrongly! 0.9900000000000091
[02:19:50] [Server thread/WARN]: Oak Boat (vehicle of _gary_825) moved wrongly! 0.4900000000000091
[02:19:50] [Server thread/WARN]: Oak Boat (vehicle of _gary_825) moved wrongly! 0.29840039859573153
[02:19:51] [Server thread/WARN]: Oak Boat (vehicle of _gary_825) moved wrongly! 0.4900000000000091
[02:19:51] [Server thread/WARN]: Oak Boat (vehicle of _gary_825) moved wrongly! 0.9900000000000091
[02:19:51] [Server thread/WARN]: Oak Boat (vehicle of _gary_825) moved wrongly! 0.4900000000000091
[02:19:51] [Server thread/WARN]: Oak Boat (vehicle of _gary_825) moved wrongly! 0.29840039859573153
[02:19:52] [Server thread/WARN]: Oak Boat (vehicle of _gary_825) moved wrongly! 0.4900000000000091
[02:19:52] [Server thread/WARN]: Oak Boat (vehicle of _gary_825) moved wrongly! 0.9900000000000091
[02:19:52] [Server thread/WARN]: Oak Boat (vehicle of _gary_825) moved wrongly! 0.4900000000000091
[02:19:52] [Server thread/WARN]: Oak Boat (vehicle of _gary_825) moved wrongly! 0.6584004272059474
[02:19:52] [Server thread/WARN]: Oak Boat (vehicle of _gary_825) moved wrongly! 0.4900000000000091
[02:19:53] [Server thread/WARN]: Oak Boat (vehicle of _gary_825) moved wrongly! 0.29840039859573153
[02:19:53] [Server thread/WARN]: Oak Boat (vehicle of _gary_825) moved wrongly! 0.29840039859573153
[02:19:53] [Server thread/WARN]: Oak Boat (vehicle of _gary_825) moved wrongly! 0.44657816072367496
[02:19:53] [Server thread/WARN]: Oak Boat (vehicle of _gary_825) moved wrongly! 0.44657816072367496
[02:19:54] [Server thread/WARN]: Oak Boat (vehicle of _gary_825) moved wrongly! 0.4900000000000091
[02:19:54] [Server thread/WARN]: Oak Boat (vehicle of _gary_825) moved wrongly! 0.9900000000000091
[02:19:54] [Server thread/WARN]: Oak Boat (vehicle of _gary_825) moved wrongly! 0.4900000000000091
[02:19:54] [Server thread/WARN]: Oak Boat (vehicle of _gary_825) moved wrongly! 0.29840039859573153
[02:19:54] [Server thread/WARN]: Oak Boat (vehicle of _gary_825) moved wrongly! 0.29840039859573153
[02:19:55] [Server thread/WARN]: Oak Boat (vehicle of _gary_825) moved wrongly! 0.337334043462306
[02:19:55] [Server thread/WARN]: Oak Boat (vehicle of _gary_825) moved wrongly! 0.4900000000000091
[02:19:55] [Server thread/WARN]: Oak Boat (vehicle of _gary_825) moved wrongly! 0.4900000000000091
[02:19:55] [Server thread/WARN]: Oak Boat (vehicle of _gary_825) moved wrongly! 0.4900000000000091
[02:19:56] [Server thread/WARN]: Oak Boat (vehicle of _gary_825) moved wrongly! 0.337334043462306
[02:19:56] [Server thread/WARN]: Oak Boat (vehicle of _gary_825) moved wrongly! 0.4900000000000091
[02:19:56] [Server thread/WARN]: Oak Boat (vehicle of _gary_825) moved wrongly! 0.4900000000000091
[02:19:56] [Server thread/WARN]: Oak Boat (vehicle of _gary_825) moved wrongly! 0.4900000000000091
[02:19:57] [Server thread/WARN]: Oak Boat (vehicle of _gary_825) moved wrongly! 0.4373340673041639
[02:19:57] [Server thread/WARN]: Oak Boat (vehicle of _gary_825) moved wrongly! 0.4373340673041639
[02:19:58] [Server thread/WARN]: Oak Boat (vehicle of _gary_825) moved wrongly! 0.337334043462306
[02:19:58] [Server thread/WARN]: Oak Boat (vehicle of _gary_825) moved wrongly! 0.4900000000000091
[02:19:58] [Server thread/WARN]: Oak Boat (vehicle of _gary_825) moved wrongly! 0.4900000000000091
[02:19:58] [Server thread/WARN]: Oak Boat (vehicle of _gary_825) moved wrongly! 0.4900000000000091
[02:19:59] [Server thread/WARN]: Oak Boat (vehicle of _gary_825) moved wrongly! 0.337334043462306
[02:19:59] [Server thread/WARN]: Oak Boat (vehicle of _gary_825) moved wrongly! 0.4900000000000091
[02:19:59] [Server thread/WARN]: Oak Boat (vehicle of _gary_825) moved wrongly! 0.4900000000000091
[02:19:59] [Server thread/WARN]: Oak Boat (vehicle of _gary_825) moved wrongly! 0.4900000000000091
[02:20:00] [Server thread/WARN]: Oak Boat (vehicle of _gary_825) moved wrongly! 0.337334043462306
[02:20:00] [Server thread/WARN]: Oak Boat (vehicle of _gary_825) moved wrongly! 0.837334043462306
[02:20:00] [Server thread/WARN]: Oak Boat (vehicle of _gary_825) moved wrongly! 0.4900000000000091
[02:20:00] [Server thread/WARN]: Oak Boat (vehicle of _gary_825) moved wrongly! 0.29840039859573153
[02:20:00] [Server thread/WARN]: Oak Boat (vehicle of _gary_825) moved wrongly! 0.29840039859573153
[02:20:01] [Server thread/WARN]: Oak Boat (vehicle of _gary_825) moved wrongly! 0.4373340673041639
[02:20:01] [Server thread/WARN]: Oak Boat (vehicle of _gary_825) moved wrongly! 0.4900000000000091
[02:20:01] [Server thread/WARN]: Oak Boat (vehicle of _gary_825) moved wrongly! 0.9900000000000091
[02:20:01] [Server thread/WARN]: Oak Boat (vehicle of _gary_825) moved wrongly! 0.4900000000000091
[02:20:02] [Server thread/WARN]: Oak Boat (vehicle of _gary_825) moved wrongly! 0.29840039859573153
[02:20:02] [Server thread/WARN]: Oak Boat (vehicle of _gary_825) moved wrongly! 0.4900000000000091
[02:20:02] [Server thread/WARN]: Oak Boat (vehicle of _gary_825) moved wrongly! 0.9900000000000091
[02:20:02] [Server thread/WARN]: Oak Boat (vehicle of _gary_825) moved wrongly! 0.4900000000000091
[02:20:03] [Server thread/WARN]: Oak Boat (vehicle of _gary_825) moved wrongly! 0.6584004272059474
[02:20:03] [Server thread/WARN]: Oak Boat (vehicle of _gary_825) moved wrongly! 0.4900000000000091
[02:20:03] [Server thread/WARN]: Oak Boat (vehicle of _gary_825) moved wrongly! 0.29840039859573153
[02:20:04] [Server thread/WARN]: Oak Boat (vehicle of _gary_825) moved wrongly! 0.4900000000000091
[02:20:04] [Server thread/WARN]: Oak Boat (vehicle of _gary_825) moved wrongly! 0.9900000000000091
[02:20:04] [Server thread/WARN]: Oak Boat (vehicle of _gary_825) moved wrongly! 0.4900000000000091
[02:20:04] [Server thread/WARN]: Oak Boat (vehicle of _gary_825) moved wrongly! 0.29840039859573153
[02:20:04] [Server thread/WARN]: Oak Boat (vehicle of _gary_825) moved wrongly! 0.29840039859573153
[02:20:05] [Server thread/WARN]: Oak Boat (vehicle of _gary_825) moved wrongly! 0.4900000000000091
[02:20:05] [Server thread/WARN]: Oak Boat (vehicle of _gary_825) moved wrongly! 0.9900000000000091
[02:20:05] [Server thread/WARN]: Oak Boat (vehicle of _gary_825) moved wrongly! 0.4900000000000091
[02:20:05] [Server thread/WARN]: Oak Boat (vehicle of _gary_825) moved wrongly! 0.29840039859573153
[02:20:05] [Server thread/WARN]: Oak Boat (vehicle of _gary_825) moved wrongly! 0.29840039859573153
[02:20:06] [Server thread/WARN]: Oak Boat (vehicle of _gary_825) moved wrongly! 0.4373340673041639
[02:20:06] [Server thread/WARN]: Oak Boat (vehicle of _gary_825) moved wrongly! 0.4373340673041639
[02:20:07] [Server thread/WARN]: Oak Boat (vehicle of _gary_825) moved wrongly! 0.337334043462306
[02:20:07] [Server thread/WARN]: Oak Boat (vehicle of _gary_825) moved wrongly! 0.4900000000000091
[02:20:07] [Server thread/WARN]: Oak Boat (vehicle of _gary_825) moved wrongly! 0.4900000000000091
[02:20:07] [Server thread/WARN]: Oak Boat (vehicle of _gary_825) moved wrongly! 0.4900000000000091
[02:20:08] [Server thread/WARN]: Oak Boat (vehicle of _gary_825) moved wrongly! 0.337334043462306
[02:20:08] [Server thread/WARN]: Oak Boat (vehicle of _gary_825) moved wrongly! 0.837334043462306
[02:20:08] [Server thread/WARN]: Oak Boat (vehicle of _gary_825) moved wrongly! 0.4900000000000091
[02:20:08] [Server thread/WARN]: Oak Boat (vehicle of _gary_825) moved wrongly! 0.29840039859573153
[02:20:08] [Server thread/WARN]: Oak Boat (vehicle of _gary_825) moved wrongly! 0.29840039859573153
[02:20:09] [Server thread/WARN]: Oak Boat (vehicle of _gary_825) moved wrongly! 0.337334043462306
[02:20:09] [Server thread/WARN]: Oak Boat (vehicle of _gary_825) moved wrongly! 0.337334043462306
[02:20:09] [Server thread/WARN]: Oak Boat (vehicle of _gary_825) moved wrongly! 0.4900000000000091
[02:20:09] [Server thread/WARN]: Oak Boat (vehicle of _gary_825) moved wrongly! 0.4900000000000091
[02:20:09] [Server thread/WARN]: Oak Boat (vehicle of _gary_825) moved wrongly! 0.4900000000000091
[02:20:10] [Server thread/WARN]: Oak Boat (vehicle of _gary_825) moved wrongly! 0.4900000000000091
[02:20:10] [Server thread/WARN]: Oak Boat (vehicle of _gary_825) moved wrongly! 0.4900000000000091
[02:20:10] [Server thread/WARN]: Oak Boat (vehicle of _gary_825) moved wrongly! 0.4900000000000091
[02:20:10] [Server thread/WARN]: Oak Boat (vehicle of _gary_825) moved wrongly! 0.4900000000000091
[02:20:11] [Server thread/WARN]: Oak Boat (vehicle of _gary_825) moved wrongly! 0.337334043462306
[02:20:11] [Server thread/WARN]: Oak Boat (vehicle of _gary_825) moved wrongly! 0.337334043462306
[02:20:11] [Server thread/WARN]: Oak Boat (vehicle of _gary_825) moved wrongly! 0.4900000000000091
[02:20:11] [Server thread/WARN]: Oak Boat (vehicle of _gary_825) moved wrongly! 0.4900000000000091
[02:20:11] [Server thread/WARN]: Oak Boat (vehicle of _gary_825) moved wrongly! 0.4900000000000091
[02:20:11] [Server thread/WARN]: Oak Boat (vehicle of _gary_825) moved wrongly! 0.4900000000000091
[02:20:11] [Server thread/WARN]: Oak Boat (vehicle of _gary_825) moved wrongly! 0.9900000000000091
[02:20:11] [Server thread/WARN]: Oak Boat (vehicle of _gary_825) moved wrongly! 0.4900000000000091
[02:20:12] [Server thread/WARN]: Oak Boat (vehicle of _gary_825) moved wrongly! 0.29840039859573153
[02:20:12] [Server thread/WARN]: Oak Boat (vehicle of _gary_825) moved wrongly! 0.4900000000000091
[02:20:12] [Server thread/WARN]: Oak Boat (vehicle of _gary_825) moved wrongly! 0.9900000000000091
[02:20:12] [Server thread/WARN]: Oak Boat (vehicle of _gary_825) moved wrongly! 0.4900000000000091
[02:20:13] [Server thread/WARN]: Oak Boat (vehicle of _gary_825) moved wrongly! 0.29840039859573153
[02:20:13] [Server thread/WARN]: Oak Boat (vehicle of _gary_825) moved wrongly! 0.4900000000000091
[02:20:13] [Server thread/WARN]: Oak Boat (vehicle of _gary_825) moved wrongly! 0.9900000000000091
[02:20:13] [Server thread/WARN]: Oak Boat (vehicle of _gary_825) moved wrongly! 0.4900000000000091
[02:20:14] [Server thread/WARN]: Oak Boat (vehicle of _gary_825) moved wrongly! 0.29840039859573153
[02:20:14] [Server thread/WARN]: Oak Boat (vehicle of _gary_825) moved wrongly! 0.4900000000000091
[02:20:14] [Server thread/WARN]: Oak Boat (vehicle of _gary_825) moved wrongly! 0.4900000000000091
[02:20:14] [Server thread/WARN]: Oak Boat (vehicle of _gary_825) moved wrongly! 0.9900000000000091
[02:20:14] [Server thread/WARN]: Oak Boat (vehicle of _gary_825) moved wrongly! 0.4900000000000091
[02:20:14] [Server thread/WARN]: Oak Boat (vehicle of _gary_825) moved wrongly! 0.4900000000000091
[02:20:15] [Server thread/WARN]: Oak Boat (vehicle of _gary_825) moved wrongly! 0.29840039859573153
[02:20:15] [Server thread/WARN]: Oak Boat (vehicle of _gary_825) moved wrongly! 0.9900000000000091
[02:20:15] [Server thread/WARN]: Oak Boat (vehicle of _gary_825) moved wrongly! 0.9900000000000091
[02:20:16] [Server thread/WARN]: Oak Boat (vehicle of _gary_825) moved wrongly! 0.6984003747538736
[02:20:16] [Server thread/WARN]: Oak Boat (vehicle of _gary_825) moved wrongly! 0.6984003747538736
[02:20:17] [Server thread/WARN]: Oak Boat (vehicle of _gary_825) moved wrongly! 0.4900000000000091
[02:20:17] [Server thread/WARN]: Oak Boat (vehicle of _gary_825) moved wrongly! 0.4900000000000091
[02:20:17] [Server thread/WARN]: Oak Boat (vehicle of _gary_825) moved wrongly! 0.4900000000000091
[02:20:18] [Server thread/WARN]: Oak Boat (vehicle of _gary_825) moved wrongly! 0.337334043462306
[02:20:18] [Server thread/WARN]: Oak Boat (vehicle of _gary_825) moved wrongly! 0.4900000000000091
[02:20:18] [Server thread/WARN]: Oak Boat (vehicle of _gary_825) moved wrongly! 0.4900000000000091
[02:20:18] [Server thread/WARN]: Oak Boat (vehicle of _gary_825) moved wrongly! 0.4900000000000091
[02:20:19] [Server thread/WARN]: Oak Boat (vehicle of _gary_825) moved wrongly! 0.29840039859573153
[02:20:19] [Server thread/WARN]: Oak Boat (vehicle of _gary_825) moved wrongly! 0.29840039859573153
[02:20:20] [Server thread/WARN]: Oak Boat (vehicle of _gary_825) moved wrongly! 0.337334043462306
[02:20:20] [Server thread/WARN]: Oak Boat (vehicle of _gary_825) moved wrongly! 0.4900000000000091
[02:20:20] [Server thread/WARN]: Oak Boat (vehicle of _gary_825) moved wrongly! 0.4900000000000091
[02:20:20] [Server thread/WARN]: Oak Boat (vehicle of _gary_825) moved wrongly! 0.4900000000000091
[02:20:21] [Server thread/WARN]: Oak Boat (vehicle of _gary_825) moved wrongly! 0.337334043462306
[02:20:21] [Server thread/WARN]: Oak Boat (vehicle of _gary_825) moved wrongly! 0.4900000000000091
[02:20:21] [Server thread/WARN]: Oak Boat (vehicle of _gary_825) moved wrongly! 0.4900000000000091
[02:20:21] [Server thread/WARN]: Oak Boat (vehicle of _gary_825) moved wrongly! 0.4900000000000091
[02:20:22] [Server thread/WARN]: Oak Boat (vehicle of _gary_825) moved wrongly! 0.337334043462306
[02:20:22] [Server thread/WARN]: Oak Boat (vehicle of _gary_825) moved wrongly! 0.337334043462306
[02:20:22] [Server thread/WARN]: Oak Boat (vehicle of _gary_825) moved wrongly! 0.4900000000000091
[02:20:22] [Server thread/WARN]: Oak Boat (vehicle of _gary_825) moved wrongly! 0.4900000000000091
[02:20:22] [Server thread/WARN]: Oak Boat (vehicle of _gary_825) moved wrongly! 0.4900000000000091
[02:20:22] [Server thread/WARN]: Oak Boat (vehicle of _gary_825) moved wrongly! 0.4900000000000091
[02:20:22] [Server thread/WARN]: Oak Boat (vehicle of _gary_825) moved wrongly! 0.4900000000000091
[02:20:22] [Server thread/WARN]: Oak Boat (vehicle of _gary_825) moved wrongly! 0.4900000000000091
[02:20:22] [Server thread/WARN]: Oak Boat (vehicle of _gary_825) moved wrongly! 0.4900000000000091
[02:20:23] [Server thread/WARN]: Oak Boat (vehicle of _gary_825) moved wrongly! 0.337334043462306
[02:20:23] [Server thread/WARN]: Oak Boat (vehicle of _gary_825) moved wrongly! 0.837334043462306
[02:20:23] [Server thread/WARN]: Oak Boat (vehicle of _gary_825) moved wrongly! 0.4900000000000091
[02:20:24] [Server thread/WARN]: Oak Boat (vehicle of _gary_825) moved wrongly! 0.29840039859573153
[02:20:24] [Server thread/WARN]: Oak Boat (vehicle of _gary_825) moved wrongly! 0.4900000000000091
[02:20:24] [Server thread/WARN]: Oak Boat (vehicle of _gary_825) moved wrongly! 0.9900000000000091
[02:20:24] [Server thread/WARN]: Oak Boat (vehicle of _gary_825) moved wrongly! 0.4900000000000091
[02:20:25] [Server thread/WARN]: Oak Boat (vehicle of _gary_825) moved wrongly! 0.29840039859573153
[02:20:25] [Server thread/WARN]: Oak Boat (vehicle of _gary_825) moved wrongly! 0.29840039859573153
[02:20:25] [Server thread/WARN]: Oak Boat (vehicle of _gary_825) moved wrongly! 0.4373340673041639
[02:20:26] [Server thread/WARN]: Oak Boat (vehicle of _gary_825) moved wrongly! 0.4900000000000091
[02:20:26] [Server thread/WARN]: Oak Boat (vehicle of _gary_825) moved wrongly! 0.9900000000000091
[02:20:26] [Server thread/WARN]: Oak Boat (vehicle of _gary_825) moved wrongly! 0.4900000000000091
[02:20:26] [Server thread/WARN]: Oak Boat (vehicle of _gary_825) moved wrongly! 0.29840039859573153
[02:20:27] [Server thread/WARN]: Oak Boat (vehicle of _gary_825) moved wrongly! 0.4900000000000091
[02:20:27] [Server thread/WARN]: Oak Boat (vehicle of _gary_825) moved wrongly! 0.9900000000000091
[02:20:27] [Server thread/WARN]: Oak Boat (vehicle of _gary_825) moved wrongly! 0.4900000000000091
[02:20:27] [Server thread/WARN]: Oak Boat (vehicle of _gary_825) moved wrongly! 0.29840039859573153
[02:20:28] [Server thread/WARN]: Oak Boat (vehicle of _gary_825) moved wrongly! 0.4900000000000091
[02:20:28] [Server thread/WARN]: Oak Boat (vehicle of _gary_825) moved wrongly! 0.9900000000000091
[02:20:28] [Server thread/WARN]: Oak Boat (vehicle of _gary_825) moved wrongly! 0.4900000000000091
[02:20:28] [Server thread/WARN]: Oak Boat (vehicle of _gary_825) moved wrongly! 0.29840039859573153
[02:20:29] [Server thread/WARN]: Oak Boat (vehicle of _gary_825) moved wrongly! 0.4900000000000091
[02:20:29] [Server thread/WARN]: Oak Boat (vehicle of _gary_825) moved wrongly! 0.9900000000000091
[02:20:29] [Server thread/WARN]: Oak Boat (vehicle of _gary_825) moved wrongly! 0.4900000000000091
[02:20:29] [Server thread/WARN]: Oak Boat (vehicle of _gary_825) moved wrongly! 0.29840039859573153
[02:20:29] [Server thread/WARN]: Oak Boat (vehicle of _gary_825) moved wrongly! 0.29840039859573153
[02:20:30] [Server thread/WARN]: Oak Boat (vehicle of _gary_825) moved wrongly! 0.337334043462306
[02:20:30] [Server thread/WARN]: Oak Boat (vehicle of _gary_825) moved wrongly! 0.4900000000000091
[02:20:30] [Server thread/WARN]: Oak Boat (vehicle of _gary_825) moved wrongly! 0.4900000000000091
[02:20:30] [Server thread/WARN]: Oak Boat (vehicle of _gary_825) moved wrongly! 0.4900000000000091
[02:20:31] [Server thread/WARN]: Oak Boat (vehicle of _gary_825) moved wrongly! 0.4373340673041639
[02:20:31] [Server thread/WARN]: Oak Boat (vehicle of _gary_825) moved wrongly! 0.4373340673041639
[02:20:32] [Server thread/WARN]: Oak Boat (vehicle of _gary_825) moved wrongly! 0.337334043462306
[02:20:32] [Server thread/WARN]: Oak Boat (vehicle of _gary_825) moved wrongly! 0.4900000000000091
[02:20:32] [Server thread/WARN]: Oak Boat (vehicle of _gary_825) moved wrongly! 0.4900000000000091
[02:20:32] [Server thread/WARN]: Oak Boat (vehicle of _gary_825) moved wrongly! 0.4900000000000091
[02:20:33] [Server thread/WARN]: Oak Boat (vehicle of _gary_825) moved wrongly! 0.337334043462306
[02:20:33] [Server thread/WARN]: Oak Boat (vehicle of _gary_825) moved wrongly! 0.4900000000000091
[02:20:33] [Server thread/WARN]: Oak Boat (vehicle of _gary_825) moved wrongly! 0.4900000000000091
[02:20:33] [Server thread/WARN]: Oak Boat (vehicle of _gary_825) moved wrongly! 0.4900000000000091
[02:20:34] [Server thread/WARN]: Oak Boat (vehicle of _gary_825) moved wrongly! 0.337334043462306
[02:20:34] [Server thread/WARN]: Oak Boat (vehicle of _gary_825) moved wrongly! 0.4900000000000091
[02:20:34] [Server thread/WARN]: Oak Boat (vehicle of _gary_825) moved wrongly! 0.4900000000000091
[02:20:34] [Server thread/WARN]: Oak Boat (vehicle of _gary_825) moved wrongly! 0.4900000000000091
[02:20:35] [Server thread/WARN]: Oak Boat (vehicle of _gary_825) moved wrongly! 0.337334043462306
[02:20:35] [Server thread/WARN]: Oak Boat (vehicle of _gary_825) moved wrongly! 0.4900000000000091
[02:20:35] [Server thread/WARN]: Oak Boat (vehicle of _gary_825) moved wrongly! 0.4900000000000091
[02:20:35] [Server thread/WARN]: Oak Boat (vehicle of _gary_825) moved wrongly! 0.4900000000000091
[02:20:36] [Server thread/WARN]: Oak Boat (vehicle of _gary_825) moved wrongly! 0.337334043462306
[02:20:36] [Server thread/WARN]: Oak Boat (vehicle of _gary_825) moved wrongly! 0.4900000000000091
[02:20:36] [Server thread/WARN]: Oak Boat (vehicle of _gary_825) moved wrongly! 0.4900000000000091
[02:20:36] [Server thread/WARN]: Oak Boat (vehicle of _gary_825) moved wrongly! 0.4900000000000091
[02:20:37] [Server thread/WARN]: Oak Boat (vehicle of _gary_825) moved wrongly! 0.337334043462306
[02:20:37] [Server thread/WARN]: Oak Boat (vehicle of _gary_825) moved wrongly! 0.4900000000000091
[02:20:37] [Server thread/WARN]: Oak Boat (vehicle of _gary_825) moved wrongly! 0.4900000000000091
[02:20:37] [Server thread/WARN]: Oak Boat (vehicle of _gary_825) moved wrongly! 0.4900000000000091
[02:20:38] [Server thread/WARN]: Oak Boat (vehicle of _gary_825) moved wrongly! 0.337334043462306
[02:20:38] [Server thread/WARN]: Oak Boat (vehicle of _gary_825) moved wrongly! 0.837334043462306
[02:20:38] [Server thread/WARN]: Oak Boat (vehicle of _gary_825) moved wrongly! 0.4900000000000091
[02:20:39] [Server thread/WARN]: Oak Boat (vehicle of _gary_825) moved wrongly! 0.34657813688181704
[02:20:39] [Server thread/WARN]: Oak Boat (vehicle of _gary_825) moved wrongly! 0.4900000000000091
[02:20:39] [Server thread/WARN]: Oak Boat (vehicle of _gary_825) moved wrongly! 0.4900000000000091
[02:20:39] [Server thread/WARN]: Oak Boat (vehicle of _gary_825) moved wrongly! 0.4900000000000091
[02:20:40] [Server thread/WARN]: Oak Boat (vehicle of _gary_825) moved wrongly! 0.337334043462306
[02:20:40] [Server thread/WARN]: Oak Boat (vehicle of _gary_825) moved wrongly! 0.4900000000000091
[02:20:40] [Server thread/WARN]: Oak Boat (vehicle of _gary_825) moved wrongly! 0.4900000000000091
[02:20:40] [Server thread/WARN]: Oak Boat (vehicle of _gary_825) moved wrongly! 0.4900000000000091
[02:20:41] [Server thread/WARN]: Oak Boat (vehicle of _gary_825) moved wrongly! 0.337334043462306
[02:20:41] [Server thread/WARN]: Oak Boat (vehicle of _gary_825) moved wrongly! 0.4900000000000091
[02:20:41] [Server thread/WARN]: Oak Boat (vehicle of _gary_825) moved wrongly! 0.4900000000000091
[02:20:41] [Server thread/WARN]: Oak Boat (vehicle of _gary_825) moved wrongly! 0.4900000000000091
[02:20:42] [Server thread/WARN]: Oak Boat (vehicle of _gary_825) moved wrongly! 0.837334043462306
[02:20:42] [Server thread/WARN]: Oak Boat (vehicle of _gary_825) moved wrongly! 0.837334043462306
[02:20:42] [Server thread/WARN]: Oak Boat (vehicle of _gary_825) moved wrongly! 0.29840039859573153
[02:20:43] [Server thread/WARN]: Oak Boat (vehicle of _gary_825) moved wrongly! 0.4900000000000091
[02:20:43] [Server thread/WARN]: Oak Boat (vehicle of _gary_825) moved wrongly! 0.9900000000000091
[02:20:43] [Server thread/WARN]: Oak Boat (vehicle of _gary_825) moved wrongly! 0.4900000000000091
[02:20:43] [Server thread/WARN]: Oak Boat (vehicle of _gary_825) moved wrongly! 0.29840039859573153
[02:20:44] [Server thread/WARN]: Oak Boat (vehicle of _gary_825) moved wrongly! 0.4900000000000091
[02:20:44] [Server thread/WARN]: Oak Boat (vehicle of _gary_825) moved wrongly! 0.9900000000000091
[02:20:44] [Server thread/WARN]: Oak Boat (vehicle of _gary_825) moved wrongly! 0.4900000000000091
[02:20:44] [Server thread/WARN]: Oak Boat (vehicle of _gary_825) moved wrongly! 0.29840039859573153
[02:20:45] [Server thread/WARN]: Oak Boat (vehicle of _gary_825) moved wrongly! 0.4900000000000091
[02:20:45] [Server thread/WARN]: Oak Boat (vehicle of _gary_825) moved wrongly! 0.9900000000000091
[02:20:45] [Server thread/WARN]: Oak Boat (vehicle of _gary_825) moved wrongly! 0.4900000000000091
[02:20:45] [Server thread/WARN]: Oak Boat (vehicle of _gary_825) moved wrongly! 0.29840039859573153
[02:20:45] [Server thread/WARN]: Oak Boat (vehicle of _gary_825) moved wrongly! 0.29840039859573153
[02:20:46] [Server thread/WARN]: Oak Boat (vehicle of _gary_825) moved wrongly! 0.4900000000000091
[02:20:46] [Server thread/WARN]: Oak Boat (vehicle of _gary_825) moved wrongly! 0.9900000000000091
[02:20:46] [Server thread/WARN]: Oak Boat (vehicle of _gary_825) moved wrongly! 0.4900000000000091
[02:20:46] [Server thread/WARN]: Oak Boat (vehicle of _gary_825) moved wrongly! 0.6584004272059474
[02:20:46] [Server thread/WARN]: Oak Boat (vehicle of _gary_825) moved wrongly! 0.4900000000000091
[02:20:47] [Server thread/WARN]: Oak Boat (vehicle of _gary_825) moved wrongly! 0.29840039859573153
[02:20:47] [Server thread/WARN]: Oak Boat (vehicle of _gary_825) moved wrongly! 0.4900000000000091
[02:20:47] [Server thread/WARN]: Oak Boat (vehicle of _gary_825) moved wrongly! 0.9900000000000091
[02:20:47] [Server thread/WARN]: Oak Boat (vehicle of _gary_825) moved wrongly! 0.4900000000000091
[02:20:48] [Server thread/WARN]: Oak Boat (vehicle of _gary_825) moved wrongly! 0.29840039859573153
[02:20:48] [Server thread/WARN]: Oak Boat (vehicle of _gary_825) moved wrongly! 0.4900000000000091
[02:20:48] [Server thread/WARN]: Oak Boat (vehicle of _gary_825) moved wrongly! 0.9900000000000091
[02:20:48] [Server thread/WARN]: Oak Boat (vehicle of _gary_825) moved wrongly! 0.4900000000000091
[02:20:49] [Server thread/WARN]: Oak Boat (vehicle of _gary_825) moved wrongly! 0.29840039859573153
[02:20:49] [Server thread/WARN]: Oak Boat (vehicle of _gary_825) moved wrongly! 0.29840039859573153
[02:20:49] [Server thread/WARN]: Oak Boat (vehicle of _gary_825) moved wrongly! 0.29840039859573153
[02:20:49] [Server thread/WARN]: Oak Boat (vehicle of _gary_825) moved wrongly! 0.4373340673041639
[02:20:50] [Server thread/WARN]: Oak Boat (vehicle of _gary_825) moved wrongly! 0.4900000000000091
[02:20:50] [Server thread/WARN]: Oak Boat (vehicle of _gary_825) moved wrongly! 0.4900000000000091
[02:20:50] [Server thread/WARN]: Oak Boat (vehicle of _gary_825) moved wrongly! 0.4900000000000091
[02:20:50] [Server thread/WARN]: Oak Boat (vehicle of _gary_825) moved wrongly! 0.4900000000000091
[02:20:51] [Server thread/WARN]: Oak Boat (vehicle of _gary_825) moved wrongly! 0.6984003747538736
[02:20:51] [Server thread/WARN]: Oak Boat (vehicle of _gary_825) moved wrongly! 0.6984003747538736
[02:20:51] [Server thread/WARN]: Oak Boat (vehicle of _gary_825) moved wrongly! 0.4900000000000091
[02:20:51] [Server thread/WARN]: Oak Boat (vehicle of _gary_825) moved wrongly! 0.4900000000000091
[02:20:51] [Server thread/WARN]: Oak Boat (vehicle of _gary_825) moved wrongly! 0.4900000000000091
[02:20:51] [Server thread/WARN]: Oak Boat (vehicle of _gary_825) moved wrongly! 0.4900000000000091
[02:20:51] [Server thread/WARN]: Oak Boat (vehicle of _gary_825) moved wrongly! 0.9900000000000091
[02:20:51] [Server thread/WARN]: Oak Boat (vehicle of _gary_825) moved wrongly! 0.4900000000000091
[02:20:52] [Server thread/WARN]: Oak Boat (vehicle of _gary_825) moved wrongly! 0.29840039859573153
[02:20:52] [Server thread/WARN]: Oak Boat (vehicle of _gary_825) moved wrongly! 0.29840039859573153
[02:20:52] [Server thread/WARN]: Oak Boat (vehicle of _gary_825) moved wrongly! 0.4900000000000091
[02:20:52] [Server thread/WARN]: Oak Boat (vehicle of _gary_825) moved wrongly! 0.4900000000000091
[02:20:52] [Server thread/WARN]: Oak Boat (vehicle of _gary_825) moved wrongly! 0.4900000000000091
[02:20:52] [Server thread/WARN]: Oak Boat (vehicle of _gary_825) moved wrongly! 0.4900000000000091
[02:20:53] [Server thread/WARN]: Oak Boat (vehicle of _gary_825) moved wrongly! 0.4373340673041639
[02:20:53] [Server thread/WARN]: Oak Boat (vehicle of _gary_825) moved wrongly! 0.4373340673041639
[02:20:54] [Server thread/WARN]: Oak Boat (vehicle of _gary_825) moved wrongly! 0.337334043462306
[02:20:54] [Server thread/WARN]: Oak Boat (vehicle of _gary_825) moved wrongly! 0.4900000000000091
[02:20:54] [Server thread/WARN]: Oak Boat (vehicle of _gary_825) moved wrongly! 0.4900000000000091
[02:20:54] [Server thread/WARN]: Oak Boat (vehicle of _gary_825) moved wrongly! 0.4900000000000091
[02:20:55] [Server thread/WARN]: Oak Boat (vehicle of _gary_825) moved wrongly! 0.337334043462306
[02:20:55] [Server thread/WARN]: Oak Boat (vehicle of _gary_825) moved wrongly! 0.4900000000000091
[02:20:55] [Server thread/WARN]: Oak Boat (vehicle of _gary_825) moved wrongly! 0.4900000000000091
[02:20:55] [Server thread/WARN]: Oak Boat (vehicle of _gary_825) moved wrongly! 0.4900000000000091
[02:20:56] [Server thread/WARN]: Oak Boat (vehicle of _gary_825) moved wrongly! 0.337334043462306
[02:20:56] [Server thread/WARN]: Oak Boat (vehicle of _gary_825) moved wrongly! 0.4900000000000091
[02:20:56] [Server thread/WARN]: Oak Boat (vehicle of _gary_825) moved wrongly! 0.4900000000000091
[02:20:56] [Server thread/WARN]: Oak Boat (vehicle of _gary_825) moved wrongly! 0.4900000000000091
[02:20:57] [Server thread/WARN]: Oak Boat (vehicle of _gary_825) moved wrongly! 0.337334043462306
[02:20:57] [Server thread/WARN]: Oak Boat (vehicle of _gary_825) moved wrongly! 0.4900000000000091
[02:20:57] [Server thread/WARN]: Oak Boat (vehicle of _gary_825) moved wrongly! 0.4900000000000091
[02:20:57] [Server thread/WARN]: Oak Boat (vehicle of _gary_825) moved wrongly! 0.4900000000000091
[02:20:58] [Server thread/WARN]: Oak Boat (vehicle of _gary_825) moved wrongly! 0.337334043462306
[02:20:58] [Server thread/WARN]: Oak Boat (vehicle of _gary_825) moved wrongly! 0.4900000000000091
[02:20:58] [Server thread/WARN]: Oak Boat (vehicle of _gary_825) moved wrongly! 0.4900000000000091
[02:20:58] [Server thread/WARN]: Oak Boat (vehicle of _gary_825) moved wrongly! 0.4900000000000091
[02:20:59] [Server thread/WARN]: Oak Boat (vehicle of _gary_825) moved wrongly! 0.337334043462306
[02:20:59] [Server thread/WARN]: Oak Boat (vehicle of _gary_825) moved wrongly! 0.4900000000000091
[02:20:59] [Server thread/WARN]: Oak Boat (vehicle of _gary_825) moved wrongly! 0.4900000000000091
[02:20:59] [Server thread/WARN]: Oak Boat (vehicle of _gary_825) moved wrongly! 0.4900000000000091
[02:21:00] [Server thread/WARN]: Oak Boat (vehicle of _gary_825) moved wrongly! 0.337334043462306
[02:21:00] [Server thread/WARN]: Oak Boat (vehicle of _gary_825) moved wrongly! 0.4900000000000091
[02:21:00] [Server thread/WARN]: Oak Boat (vehicle of _gary_825) moved wrongly! 0.4900000000000091
[02:21:00] [Server thread/WARN]: Oak Boat (vehicle of _gary_825) moved wrongly! 0.4900000000000091
[02:21:01] [Server thread/WARN]: Oak Boat (vehicle of _gary_825) moved wrongly! 0.337334043462306
[02:21:01] [Server thread/WARN]: Oak Boat (vehicle of _gary_825) moved wrongly! 0.4900000000000091
[02:21:01] [Server thread/WARN]: Oak Boat (vehicle of _gary_825) moved wrongly! 0.4900000000000091
[02:21:01] [Server thread/WARN]: Oak Boat (vehicle of _gary_825) moved wrongly! 0.4900000000000091
[02:21:02] [Server thread/WARN]: Oak Boat (vehicle of _gary_825) moved wrongly! 0.337334043462306
[02:21:02] [Server thread/WARN]: Oak Boat (vehicle of _gary_825) moved wrongly! 0.4900000000000091
[02:21:02] [Server thread/WARN]: Oak Boat (vehicle of _gary_825) moved wrongly! 0.4900000000000091
[02:21:02] [Server thread/WARN]: Oak Boat (vehicle of _gary_825) moved wrongly! 0.4900000000000091
[02:21:03] [Server thread/WARN]: Oak Boat (vehicle of _gary_825) moved wrongly! 0.337334043462306
[02:21:03] [Server thread/WARN]: Oak Boat (vehicle of _gary_825) moved wrongly! 0.4900000000000091
[02:21:03] [Server thread/WARN]: Oak Boat (vehicle of _gary_825) moved wrongly! 0.4900000000000091
[02:21:03] [Server thread/WARN]: Oak Boat (vehicle of _gary_825) moved wrongly! 0.4900000000000091
[02:21:04] [Server thread/WARN]: Oak Boat (vehicle of _gary_825) moved wrongly! 0.337334043462306
[02:21:04] [Server thread/WARN]: Oak Boat (vehicle of _gary_825) moved wrongly! 0.4900000000000091
[02:21:04] [Server thread/WARN]: Oak Boat (vehicle of _gary_825) moved wrongly! 0.4900000000000091
[02:21:04] [Server thread/WARN]: Oak Boat (vehicle of _gary_825) moved wrongly! 0.4900000000000091
[02:21:05] [Server thread/WARN]: Oak Boat (vehicle of _gary_825) moved wrongly! 0.337334043462306
[02:21:05] [Server thread/WARN]: Oak Boat (vehicle of _gary_825) moved wrongly! 0.4900000000000091
[02:21:05] [Server thread/WARN]: Oak Boat (vehicle of _gary_825) moved wrongly! 0.4900000000000091
[02:21:05] [Server thread/WARN]: Oak Boat (vehicle of _gary_825) moved wrongly! 0.4900000000000091
[02:21:06] [Server thread/WARN]: Oak Boat (vehicle of _gary_825) moved wrongly! 0.337334043462306
[02:21:06] [Server thread/WARN]: Oak Boat (vehicle of _gary_825) moved wrongly! 0.4900000000000091
[02:21:06] [Server thread/WARN]: Oak Boat (vehicle of _gary_825) moved wrongly! 0.4900000000000091
[02:21:06] [Server thread/WARN]: Oak Boat (vehicle of _gary_825) moved wrongly! 0.4900000000000091
[02:21:07] [Server thread/WARN]: Oak Boat (vehicle of _gary_825) moved wrongly! 0.337334043462306
[02:21:07] [Server thread/WARN]: Oak Boat (vehicle of _gary_825) moved wrongly! 0.4900000000000091
[02:21:07] [Server thread/WARN]: Oak Boat (vehicle of _gary_825) moved wrongly! 0.4900000000000091
[02:21:07] [Server thread/WARN]: Oak Boat (vehicle of _gary_825) moved wrongly! 0.4900000000000091
[02:21:08] [Server thread/WARN]: Oak Boat (vehicle of _gary_825) moved wrongly! 0.337334043462306
[02:21:08] [Server thread/WARN]: Oak Boat (vehicle of _gary_825) moved wrongly! 0.4900000000000091
[02:21:08] [Server thread/WARN]: Oak Boat (vehicle of _gary_825) moved wrongly! 0.4900000000000091
[02:21:08] [Server thread/WARN]: Oak Boat (vehicle of _gary_825) moved wrongly! 0.4900000000000091
[02:21:09] [Server thread/WARN]: Oak Boat (vehicle of _gary_825) moved wrongly! 0.337334043462306
[02:21:09] [Server thread/WARN]: Oak Boat (vehicle of _gary_825) moved wrongly! 0.4900000000000091
[02:21:09] [Server thread/WARN]: Oak Boat (vehicle of _gary_825) moved wrongly! 0.4900000000000091
[02:21:09] [Server thread/WARN]: Oak Boat (vehicle of _gary_825) moved wrongly! 0.4900000000000091
[02:21:10] [Server thread/WARN]: Oak Boat (vehicle of _gary_825) moved wrongly! 0.337334043462306
[02:21:10] [Server thread/WARN]: Oak Boat (vehicle of _gary_825) moved wrongly! 0.4900000000000091
[02:21:10] [Server thread/WARN]: Oak Boat (vehicle of _gary_825) moved wrongly! 0.4900000000000091
[02:21:10] [Server thread/WARN]: Oak Boat (vehicle of _gary_825) moved wrongly! 0.4900000000000091
[02:21:11] [Server thread/WARN]: Oak Boat (vehicle of _gary_825) moved wrongly! 0.337334043462306
[02:21:11] [Server thread/WARN]: Oak Boat (vehicle of _gary_825) moved wrongly! 0.4900000000000091
[02:21:11] [Server thread/WARN]: Oak Boat (vehicle of _gary_825) moved wrongly! 0.4900000000000091
[02:21:11] [Server thread/WARN]: Oak Boat (vehicle of _gary_825) moved wrongly! 0.4900000000000091
[02:21:12] [Server thread/WARN]: Oak Boat (vehicle of _gary_825) moved wrongly! 0.337334043462306
[02:21:12] [Server thread/WARN]: Oak Boat (vehicle of _gary_825) moved wrongly! 0.4900000000000091
[02:21:12] [Server thread/WARN]: Oak Boat (vehicle of _gary_825) moved wrongly! 0.4900000000000091
[02:21:12] [Server thread/WARN]: Oak Boat (vehicle of _gary_825) moved wrongly! 0.4900000000000091
[02:21:13] [Server thread/WARN]: Oak Boat (vehicle of _gary_825) moved wrongly! 0.337334043462306
[02:21:13] [Server thread/WARN]: Oak Boat (vehicle of _gary_825) moved wrongly! 0.4900000000000091
[02:21:13] [Server thread/WARN]: Oak Boat (vehicle of _gary_825) moved wrongly! 0.4900000000000091
[02:21:13] [Server thread/WARN]: Oak Boat (vehicle of _gary_825) moved wrongly! 0.4900000000000091
[02:21:14] [Server thread/WARN]: Oak Boat (vehicle of _gary_825) moved wrongly! 0.337334043462306
[02:21:14] [Server thread/WARN]: Oak Boat (vehicle of _gary_825) moved wrongly! 0.4900000000000091
[02:21:14] [Server thread/WARN]: Oak Boat (vehicle of _gary_825) moved wrongly! 0.4900000000000091
[02:21:14] [Server thread/WARN]: Oak Boat (vehicle of _gary_825) moved wrongly! 0.4900000000000091
[02:21:15] [Server thread/WARN]: Oak Boat (vehicle of _gary_825) moved wrongly! 0.337334043462306
[02:21:15] [Server thread/WARN]: Oak Boat (vehicle of _gary_825) moved wrongly! 0.4900000000000091
[02:21:15] [Server thread/WARN]: Oak Boat (vehicle of _gary_825) moved wrongly! 0.4900000000000091
[02:21:15] [Server thread/WARN]: Oak Boat (vehicle of _gary_825) moved wrongly! 0.4900000000000091
[02:21:16] [Server thread/WARN]: Oak Boat (vehicle of _gary_825) moved wrongly! 0.337334043462306
[02:21:16] [Server thread/WARN]: Oak Boat (vehicle of _gary_825) moved wrongly! 0.4900000000000091
[02:21:16] [Server thread/WARN]: Oak Boat (vehicle of _gary_825) moved wrongly! 0.4900000000000091
[02:21:16] [Server thread/WARN]: Oak Boat (vehicle of _gary_825) moved wrongly! 0.4900000000000091
[02:21:17] [Server thread/WARN]: Oak Boat (vehicle of _gary_825) moved wrongly! 0.337334043462306
[02:21:17] [Server thread/WARN]: Oak Boat (vehicle of _gary_825) moved wrongly! 0.4900000000000091
[02:21:17] [Server thread/WARN]: Oak Boat (vehicle of _gary_825) moved wrongly! 0.4900000000000091
[02:21:17] [Server thread/WARN]: Oak Boat (vehicle of _gary_825) moved wrongly! 0.4900000000000091
[02:21:18] [Server thread/WARN]: Oak Boat (vehicle of _gary_825) moved wrongly! 0.337334043462306
[02:21:18] [Server thread/WARN]: Oak Boat (vehicle of _gary_825) moved wrongly! 0.4900000000000091
[02:21:18] [Server thread/WARN]: Oak Boat (vehicle of _gary_825) moved wrongly! 0.4900000000000091
[02:21:18] [Server thread/WARN]: Oak Boat (vehicle of _gary_825) moved wrongly! 0.4900000000000091
[02:21:18] [Server thread/WARN]: Oak Boat (vehicle of _gary_825) moved wrongly! 0.4373340673041639
[02:21:18] [Server thread/WARN]: Oak Boat (vehicle of _gary_825) moved wrongly! 0.4373340673041639
[02:21:19] [Server thread/WARN]: Oak Boat (vehicle of _gary_825) moved wrongly! 0.4373340673041639
[02:21:19] [Server thread/WARN]: Oak Boat (vehicle of _gary_825) moved wrongly! 0.4373340673041639
[02:21:20] [Server thread/WARN]: Oak Boat (vehicle of _gary_825) moved wrongly! 0.337334043462306
[02:21:20] [Server thread/WARN]: Oak Boat (vehicle of _gary_825) moved wrongly! 0.4900000000000091
[02:21:20] [Server thread/WARN]: Oak Boat (vehicle of _gary_825) moved wrongly! 0.4900000000000091
[02:21:20] [Server thread/WARN]: Oak Boat (vehicle of _gary_825) moved wrongly! 0.4900000000000091
[02:21:21] [Server thread/WARN]: Oak Boat (vehicle of _gary_825) moved wrongly! 0.337334043462306
[02:21:21] [Server thread/WARN]: Oak Boat (vehicle of _gary_825) moved wrongly! 0.4900000000000091
[02:21:21] [Server thread/WARN]: Oak Boat (vehicle of _gary_825) moved wrongly! 0.4900000000000091
[02:21:21] [Server thread/WARN]: Oak Boat (vehicle of _gary_825) moved wrongly! 0.4900000000000091
[02:21:22] [Server thread/WARN]: Oak Boat (vehicle of _gary_825) moved wrongly! 0.337334043462306
[02:21:22] [Server thread/WARN]: Oak Boat (vehicle of _gary_825) moved wrongly! 0.4900000000000091
[02:21:22] [Server thread/WARN]: Oak Boat (vehicle of _gary_825) moved wrongly! 0.4900000000000091
[02:21:22] [Server thread/WARN]: Oak Boat (vehicle of _gary_825) moved wrongly! 0.4900000000000091
[02:21:23] [Server thread/WARN]: Oak Boat (vehicle of _gary_825) moved wrongly! 0.337334043462306
[02:21:23] [Server thread/WARN]: Oak Boat (vehicle of _gary_825) moved wrongly! 0.4900000000000091
[02:21:23] [Server thread/WARN]: Oak Boat (vehicle of _gary_825) moved wrongly! 0.4900000000000091
[02:21:23] [Server thread/WARN]: Oak Boat (vehicle of _gary_825) moved wrongly! 0.4900000000000091
[02:21:24] [Server thread/WARN]: Oak Boat (vehicle of _gary_825) moved wrongly! 0.337334043462306
[02:21:24] [Server thread/WARN]: Oak Boat (vehicle of _gary_825) moved wrongly! 0.4900000000000091
[02:21:24] [Server thread/WARN]: Oak Boat (vehicle of _gary_825) moved wrongly! 0.4900000000000091
[02:21:24] [Server thread/WARN]: Oak Boat (vehicle of _gary_825) moved wrongly! 0.4900000000000091
[02:21:25] [Server thread/WARN]: Oak Boat (vehicle of _gary_825) moved wrongly! 0.337334043462306
[02:21:25] [Server thread/WARN]: Oak Boat (vehicle of _gary_825) moved wrongly! 0.4900000000000091
[02:21:25] [Server thread/WARN]: Oak Boat (vehicle of _gary_825) moved wrongly! 0.4900000000000091
[02:21:25] [Server thread/WARN]: Oak Boat (vehicle of _gary_825) moved wrongly! 0.4900000000000091
[02:21:26] [Server thread/WARN]: Oak Boat (vehicle of _gary_825) moved wrongly! 0.337334043462306
[02:21:26] [Server thread/WARN]: Oak Boat (vehicle of _gary_825) moved wrongly! 0.837334043462306
[02:21:26] [Server thread/WARN]: Oak Boat (vehicle of _gary_825) moved wrongly! 0.4900000000000091
[02:21:27] [Server thread/WARN]: Oak Boat (vehicle of _gary_825) moved wrongly! 0.34657813688181704
[02:21:27] [Server thread/WARN]: Oak Boat (vehicle of _gary_825) moved wrongly! 0.4900000000000091
[02:21:27] [Server thread/WARN]: Oak Boat (vehicle of _gary_825) moved wrongly! 0.4900000000000091
[02:21:27] [Server thread/WARN]: Oak Boat (vehicle of _gary_825) moved wrongly! 0.4900000000000091
[02:21:28] [Server thread/WARN]: Oak Boat (vehicle of _gary_825) moved wrongly! 0.337334043462306
[02:21:28] [Server thread/WARN]: Oak Boat (vehicle of _gary_825) moved wrongly! 0.4900000000000091
[02:21:28] [Server thread/WARN]: Oak Boat (vehicle of _gary_825) moved wrongly! 0.4900000000000091
[02:21:28] [Server thread/WARN]: Oak Boat (vehicle of _gary_825) moved wrongly! 0.4900000000000091
[02:21:29] [Server thread/WARN]: Oak Boat (vehicle of _gary_825) moved wrongly! 0.337334043462306
[02:21:29] [Server thread/WARN]: Oak Boat (vehicle of _gary_825) moved wrongly! 0.837334043462306
[02:21:29] [Server thread/WARN]: Oak Boat (vehicle of _gary_825) moved wrongly! 0.4900000000000091
[02:21:29] [Server thread/WARN]: Oak Boat (vehicle of _gary_825) moved wrongly! 0.29840039859573153
[02:21:29] [Server thread/WARN]: Oak Boat (vehicle of _gary_825) moved wrongly! 0.29840039859573153
[02:21:30] [Server thread/WARN]: Oak Boat (vehicle of _gary_825) moved wrongly! 0.337334043462306
[02:21:30] [Server thread/WARN]: Oak Boat (vehicle of _gary_825) moved wrongly! 0.4900000000000091
[02:21:30] [Server thread/WARN]: Oak Boat (vehicle of _gary_825) moved wrongly! 0.4900000000000091
[02:21:30] [Server thread/WARN]: Oak Boat (vehicle of _gary_825) moved wrongly! 0.4900000000000091
[02:21:31] [Server thread/WARN]: Oak Boat (vehicle of _gary_825) moved wrongly! 0.337334043462306
[02:21:31] [Server thread/WARN]: Oak Boat (vehicle of _gary_825) moved wrongly! 0.4900000000000091
[02:21:31] [Server thread/WARN]: Oak Boat (vehicle of _gary_825) moved wrongly! 0.4900000000000091
[02:21:31] [Server thread/WARN]: Oak Boat (vehicle of _gary_825) moved wrongly! 0.4900000000000091
[02:21:32] [Server thread/WARN]: Oak Boat (vehicle of _gary_825) moved wrongly! 0.337334043462306
[02:21:32] [Server thread/WARN]: Oak Boat (vehicle of _gary_825) moved wrongly! 0.4900000000000091
[02:21:32] [Server thread/WARN]: Oak Boat (vehicle of _gary_825) moved wrongly! 0.4900000000000091
[02:21:32] [Server thread/WARN]: Oak Boat (vehicle of _gary_825) moved wrongly! 0.4900000000000091
[02:21:33] [Server thread/WARN]: Oak Boat (vehicle of _gary_825) moved wrongly! 0.337334043462306
[02:21:33] [Server thread/WARN]: Oak Boat (vehicle of _gary_825) moved wrongly! 0.4900000000000091
[02:21:33] [Server thread/WARN]: Oak Boat (vehicle of _gary_825) moved wrongly! 0.4900000000000091
[02:21:33] [Server thread/WARN]: Oak Boat (vehicle of _gary_825) moved wrongly! 0.4900000000000091
[02:21:34] [Server thread/WARN]: Oak Boat (vehicle of _gary_825) moved wrongly! 0.4373340673041639
[02:21:34] [Server thread/WARN]: Oak Boat (vehicle of _gary_825) moved wrongly! 0.4373340673041639
[02:21:35] [Server thread/WARN]: Oak Boat (vehicle of _gary_825) moved wrongly! 0.337334043462306
[02:21:35] [Server thread/WARN]: Oak Boat (vehicle of _gary_825) moved wrongly! 0.4900000000000091
[02:21:35] [Server thread/WARN]: Oak Boat (vehicle of _gary_825) moved wrongly! 0.4900000000000091
[02:21:35] [Server thread/WARN]: Oak Boat (vehicle of _gary_825) moved wrongly! 0.4900000000000091
[02:21:36] [Server thread/WARN]: Oak Boat (vehicle of _gary_825) moved wrongly! 0.337334043462306
[02:21:36] [Server thread/WARN]: Oak Boat (vehicle of _gary_825) moved wrongly! 0.4900000000000091
[02:21:36] [Server thread/WARN]: Oak Boat (vehicle of _gary_825) moved wrongly! 0.4900000000000091
[02:21:36] [Server thread/WARN]: Oak Boat (vehicle of _gary_825) moved wrongly! 0.4900000000000091
[02:21:37] [Server thread/WARN]: Oak Boat (vehicle of _gary_825) moved wrongly! 0.337334043462306
[02:21:37] [Server thread/WARN]: Oak Boat (vehicle of _gary_825) moved wrongly! 0.4900000000000091
[02:21:37] [Server thread/WARN]: Oak Boat (vehicle of _gary_825) moved wrongly! 0.4900000000000091
[02:21:37] [Server thread/WARN]: Oak Boat (vehicle of _gary_825) moved wrongly! 0.4900000000000091
[02:21:38] [Server thread/WARN]: Oak Boat (vehicle of _gary_825) moved wrongly! 0.337334043462306
[02:21:38] [Server thread/WARN]: Oak Boat (vehicle of _gary_825) moved wrongly! 0.4900000000000091
[02:21:38] [Server thread/WARN]: Oak Boat (vehicle of _gary_825) moved wrongly! 0.4900000000000091
[02:21:38] [Server thread/WARN]: Oak Boat (vehicle of _gary_825) moved wrongly! 0.4900000000000091
[02:21:39] [Server thread/WARN]: Oak Boat (vehicle of _gary_825) moved wrongly! 0.337334043462306
[02:21:39] [Server thread/WARN]: Oak Boat (vehicle of _gary_825) moved wrongly! 0.837334043462306
[02:21:39] [Server thread/WARN]: Oak Boat (vehicle of _gary_825) moved wrongly! 0.4900000000000091
[02:21:39] [Server thread/WARN]: Oak Boat (vehicle of _gary_825) moved wrongly! 0.29840039859573153
[02:21:39] [Server thread/WARN]: Oak Boat (vehicle of _gary_825) moved wrongly! 0.29840039859573153
[02:21:40] [Server thread/WARN]: Oak Boat (vehicle of _gary_825) moved wrongly! 0.337334043462306
[02:21:40] [Server thread/WARN]: Oak Boat (vehicle of _gary_825) moved wrongly! 0.4900000000000091
[02:21:40] [Server thread/WARN]: Oak Boat (vehicle of _gary_825) moved wrongly! 0.4900000000000091
[02:21:40] [Server thread/WARN]: Oak Boat (vehicle of _gary_825) moved wrongly! 0.4900000000000091
[02:21:41] [Server thread/WARN]: Oak Boat (vehicle of _gary_825) moved wrongly! 0.4373340673041639
[02:21:41] [Server thread/WARN]: Oak Boat (vehicle of _gary_825) moved wrongly! 0.4373340673041639
[02:21:42] [Server thread/WARN]: Oak Boat (vehicle of _gary_825) moved wrongly! 0.337334043462306
[02:21:42] [Server thread/WARN]: Oak Boat (vehicle of _gary_825) moved wrongly! 0.4900000000000091
[02:21:42] [Server thread/WARN]: Oak Boat (vehicle of _gary_825) moved wrongly! 0.4900000000000091
[02:21:42] [Server thread/WARN]: Oak Boat (vehicle of _gary_825) moved wrongly! 0.4900000000000091
[02:21:43] [Server thread/WARN]: Oak Boat (vehicle of _gary_825) moved wrongly! 0.337334043462306
[02:21:43] [Server thread/WARN]: Oak Boat (vehicle of _gary_825) moved wrongly! 0.4900000000000091
[02:21:43] [Server thread/WARN]: Oak Boat (vehicle of _gary_825) moved wrongly! 0.4900000000000091
[02:21:43] [Server thread/WARN]: Oak Boat (vehicle of _gary_825) moved wrongly! 0.4900000000000091
[02:21:43] [Server thread/WARN]: Oak Boat (vehicle of _gary_825) moved wrongly! 0.4373340673041639
[02:21:43] [Server thread/WARN]: Oak Boat (vehicle of _gary_825) moved wrongly! 0.4373340673041639
[02:21:43] [Server thread/WARN]: Oak Boat (vehicle of _gary_825) moved wrongly! 0.4373340673041639
[02:21:43] [Server thread/WARN]: Oak Boat (vehicle of _gary_825) moved wrongly! 0.4373340673041639
[02:21:44] [Server thread/WARN]: Oak Boat (vehicle of _gary_825) moved wrongly! 0.4373340673041639
[02:21:44] [Server thread/WARN]: Oak Boat (vehicle of _gary_825) moved wrongly! 0.4373340673041639
[02:21:44] [Server thread/WARN]: Oak Boat (vehicle of _gary_825) moved wrongly! 0.4900000000000091
[02:21:44] [Server thread/WARN]: Oak Boat (vehicle of _gary_825) moved wrongly! 0.4900000000000091
[02:21:44] [Server thread/WARN]: Oak Boat (vehicle of _gary_825) moved wrongly! 0.4900000000000091
[02:21:44] [Server thread/WARN]: Oak Boat (vehicle of _gary_825) moved wrongly! 0.4900000000000091
[02:21:45] [Server thread/WARN]: Oak Boat (vehicle of _gary_825) moved wrongly! 0.337334043462306
[02:21:45] [Server thread/WARN]: Oak Boat (vehicle of _gary_825) moved wrongly! 0.4900000000000091
[02:21:45] [Server thread/WARN]: Oak Boat (vehicle of _gary_825) moved wrongly! 0.4900000000000091
[02:21:45] [Server thread/WARN]: Oak Boat (vehicle of _gary_825) moved wrongly! 0.4900000000000091
[02:21:46] [Server thread/WARN]: Oak Boat (vehicle of _gary_825) moved wrongly! 0.337334043462306
[02:21:46] [Server thread/WARN]: Oak Boat (vehicle of _gary_825) moved wrongly! 0.4900000000000091
[02:21:46] [Server thread/WARN]: Oak Boat (vehicle of _gary_825) moved wrongly! 0.4900000000000091
[02:21:46] [Server thread/WARN]: Oak Boat (vehicle of _gary_825) moved wrongly! 0.4900000000000091
[02:21:47] [Server thread/WARN]: Oak Boat (vehicle of _gary_825) moved wrongly! 0.337334043462306
[02:21:47] [Server thread/WARN]: Oak Boat (vehicle of _gary_825) moved wrongly! 0.337334043462306
[02:21:47] [Server thread/WARN]: Oak Boat (vehicle of _gary_825) moved wrongly! 0.837334043462306
[02:21:47] [Server thread/WARN]: Oak Boat (vehicle of _gary_825) moved wrongly! 0.4900000000000091
[02:21:47] [Server thread/WARN]: Oak Boat (vehicle of _gary_825) moved wrongly! 0.4900000000000091
[02:21:47] [Server thread/WARN]: Oak Boat (vehicle of _gary_825) moved wrongly! 0.29840039859573153
[02:21:47] [Server thread/WARN]: Oak Boat (vehicle of _gary_825) moved wrongly! 0.29840039859573153
[02:21:48] [Server thread/WARN]: Oak Boat (vehicle of _gary_825) moved wrongly! 0.4373340673041639
[02:21:48] [Server thread/WARN]: Oak Boat (vehicle of _gary_825) moved wrongly! 0.4373340673041639
[02:21:49] [Server thread/WARN]: Oak Boat (vehicle of _gary_825) moved wrongly! 0.337334043462306
[02:21:49] [Server thread/WARN]: Oak Boat (vehicle of _gary_825) moved wrongly! 0.4900000000000091
[02:21:49] [Server thread/WARN]: Oak Boat (vehicle of _gary_825) moved wrongly! 0.4900000000000091
[02:21:49] [Server thread/WARN]: Oak Boat (vehicle of _gary_825) moved wrongly! 0.4900000000000091
[02:21:50] [Server thread/WARN]: Oak Boat (vehicle of _gary_825) moved wrongly! 0.337334043462306
[02:21:50] [Server thread/WARN]: Oak Boat (vehicle of _gary_825) moved wrongly! 0.837334043462306
[02:21:50] [Server thread/WARN]: Oak Boat (vehicle of _gary_825) moved wrongly! 0.4900000000000091
[02:21:50] [Server thread/WARN]: Oak Boat (vehicle of _gary_825) moved wrongly! 0.29840039859573153
[02:21:50] [Server thread/WARN]: Oak Boat (vehicle of _gary_825) moved wrongly! 0.29840039859573153
[02:21:51] [Server thread/WARN]: Oak Boat (vehicle of _gary_825) moved wrongly! 0.337334043462306
[02:21:51] [Server thread/WARN]: Oak Boat (vehicle of _gary_825) moved wrongly! 0.4900000000000091
[02:21:51] [Server thread/WARN]: Oak Boat (vehicle of _gary_825) moved wrongly! 0.4900000000000091
[02:21:51] [Server thread/WARN]: Oak Boat (vehicle of _gary_825) moved wrongly! 0.4900000000000091
[02:21:52] [Server thread/WARN]: Oak Boat (vehicle of _gary_825) moved wrongly! 0.337334043462306
[02:21:52] [Server thread/WARN]: Oak Boat (vehicle of _gary_825) moved wrongly! 0.4900000000000091
[02:21:52] [Server thread/WARN]: Oak Boat (vehicle of _gary_825) moved wrongly! 0.4900000000000091
[02:21:52] [Server thread/WARN]: Oak Boat (vehicle of _gary_825) moved wrongly! 0.4900000000000091
[02:21:53] [Server thread/WARN]: Oak Boat (vehicle of _gary_825) moved wrongly! 0.337334043462306
[02:21:53] [Server thread/WARN]: Oak Boat (vehicle of _gary_825) moved wrongly! 0.4900000000000091
[02:21:53] [Server thread/WARN]: Oak Boat (vehicle of _gary_825) moved wrongly! 0.4900000000000091
[02:21:53] [Server thread/WARN]: Oak Boat (vehicle of _gary_825) moved wrongly! 0.4900000000000091
[02:21:54] [Server thread/WARN]: Oak Boat (vehicle of _gary_825) moved wrongly! 0.337334043462306
[02:21:54] [Server thread/WARN]: Oak Boat (vehicle of _gary_825) moved wrongly! 0.4900000000000091
[02:21:54] [Server thread/WARN]: Oak Boat (vehicle of _gary_825) moved wrongly! 0.4900000000000091
[02:21:55] [Server thread/WARN]: Oak Boat (vehicle of _gary_825) moved wrongly! 0.4900000000000091
[02:21:55] [Server thread/WARN]: Oak Boat (vehicle of _gary_825) moved wrongly! 0.4900000000000091
[02:21:55] [Server thread/WARN]: Oak Boat (vehicle of _gary_825) moved wrongly! 0.4900000000000091
[02:21:55] [Server thread/WARN]: Oak Boat (vehicle of _gary_825) moved wrongly! 0.4900000000000091
[02:21:56] [Server thread/WARN]: Oak Boat (vehicle of _gary_825) moved wrongly! 0.337334043462306
[02:21:56] [Server thread/WARN]: Oak Boat (vehicle of _gary_825) moved wrongly! 0.4900000000000091
[02:21:56] [Server thread/WARN]: Oak Boat (vehicle of _gary_825) moved wrongly! 0.4900000000000091
[02:21:56] [Server thread/WARN]: Oak Boat (vehicle of _gary_825) moved wrongly! 0.4900000000000091
[02:21:57] [Server thread/WARN]: Oak Boat (vehicle of _gary_825) moved wrongly! 0.337334043462306
[02:21:57] [Server thread/WARN]: Oak Boat (vehicle of _gary_825) moved wrongly! 0.4900000000000091
[02:21:57] [Server thread/WARN]: Oak Boat (vehicle of _gary_825) moved wrongly! 0.4900000000000091
[02:21:57] [Server thread/WARN]: Oak Boat (vehicle of _gary_825) moved wrongly! 0.4900000000000091
[02:21:58] [Server thread/WARN]: Oak Boat (vehicle of _gary_825) moved wrongly! 0.337334043462306
[02:21:58] [Server thread/WARN]: Oak Boat (vehicle of _gary_825) moved wrongly! 0.837334043462306
[02:21:58] [Server thread/WARN]: Oak Boat (vehicle of _gary_825) moved wrongly! 0.4900000000000091
[02:21:58] [Server thread/WARN]: Oak Boat (vehicle of _gary_825) moved wrongly! 0.29840039859573153
[02:21:58] [Server thread/WARN]: Oak Boat (vehicle of _gary_825) moved wrongly! 0.29840039859573153
[02:21:59] [Server thread/WARN]: Oak Boat (vehicle of _gary_825) moved wrongly! 0.337334043462306
[02:21:59] [Server thread/WARN]: Oak Boat (vehicle of _gary_825) moved wrongly! 0.4900000000000091
[02:21:59] [Server thread/WARN]: Oak Boat (vehicle of _gary_825) moved wrongly! 0.4900000000000091
[02:21:59] [Server thread/WARN]: Oak Boat (vehicle of _gary_825) moved wrongly! 0.4900000000000091
[02:22:00] [Server thread/WARN]: Oak Boat (vehicle of _gary_825) moved wrongly! 0.337334043462306
[02:22:00] [Server thread/WARN]: Oak Boat (vehicle of _gary_825) moved wrongly! 0.337334043462306
[02:22:00] [Server thread/WARN]: Oak Boat (vehicle of _gary_825) moved wrongly! 0.337334043462306
[02:22:00] [Server thread/WARN]: Oak Boat (vehicle of _gary_825) moved wrongly! 0.4900000000000091
[02:22:00] [Server thread/WARN]: Oak Boat (vehicle of _gary_825) moved wrongly! 0.4900000000000091
[02:22:00] [Server thread/WARN]: Oak Boat (vehicle of _gary_825) moved wrongly! 0.4900000000000091
[02:22:00] [Server thread/WARN]: Oak Boat (vehicle of _gary_825) moved wrongly! 0.4900000000000091
[02:22:00] [Server thread/WARN]: Oak Boat (vehicle of _gary_825) moved wrongly! 0.4900000000000091
[02:22:01] [Server thread/WARN]: Oak Boat (vehicle of _gary_825) moved wrongly! 0.337334043462306
[02:22:01] [Server thread/WARN]: Oak Boat (vehicle of _gary_825) moved wrongly! 0.4900000000000091
[02:22:01] [Server thread/WARN]: Oak Boat (vehicle of _gary_825) moved wrongly! 0.4900000000000091
[02:22:01] [Server thread/WARN]: Oak Boat (vehicle of _gary_825) moved wrongly! 0.4900000000000091
[02:22:02] [Server thread/WARN]: Oak Boat (vehicle of _gary_825) moved wrongly! 0.337334043462306
[02:22:02] [Server thread/WARN]: Oak Boat (vehicle of _gary_825) moved wrongly! 0.4900000000000091
[02:22:02] [Server thread/WARN]: Oak Boat (vehicle of _gary_825) moved wrongly! 0.4900000000000091
[02:22:02] [Server thread/WARN]: Oak Boat (vehicle of _gary_825) moved wrongly! 0.4900000000000091
[02:22:03] [Server thread/WARN]: Oak Boat (vehicle of _gary_825) moved wrongly! 0.337334043462306
[02:22:03] [Server thread/WARN]: Oak Boat (vehicle of _gary_825) moved wrongly! 0.837334043462306
[02:22:03] [Server thread/WARN]: Oak Boat (vehicle of _gary_825) moved wrongly! 0.4900000000000091
[02:22:04] [Server thread/WARN]: Oak Boat (vehicle of _gary_825) moved wrongly! 0.29840039859573153
[02:22:04] [Server thread/WARN]: Oak Boat (vehicle of _gary_825) moved wrongly! 0.29840039859573153
[02:22:04] [Server thread/WARN]: Oak Boat (vehicle of _gary_825) moved wrongly! 0.4373340673041639
[02:22:05] [Server thread/WARN]: Oak Boat (vehicle of _gary_825) moved wrongly! 0.4900000000000091
[02:22:05] [Server thread/WARN]: Oak Boat (vehicle of _gary_825) moved wrongly! 0.9900000000000091
[02:22:05] [Server thread/WARN]: Oak Boat (vehicle of _gary_825) moved wrongly! 0.4900000000000091
[02:22:05] [Server thread/WARN]: Oak Boat (vehicle of _gary_825) moved wrongly! 0.29840039859573153
[02:22:05] [Server thread/WARN]: Oak Boat (vehicle of _gary_825) moved wrongly! 0.29840039859573153
[02:22:06] [Server thread/WARN]: Oak Boat (vehicle of _gary_825) moved wrongly! 0.337334043462306
[02:22:06] [Server thread/WARN]: Oak Boat (vehicle of _gary_825) moved wrongly! 0.4900000000000091
[02:22:06] [Server thread/WARN]: Oak Boat (vehicle of _gary_825) moved wrongly! 0.4900000000000091
[02:22:06] [Server thread/WARN]: Oak Boat (vehicle of _gary_825) moved wrongly! 0.4900000000000091
[02:22:07] [Server thread/WARN]: Oak Boat (vehicle of _gary_825) moved wrongly! 0.337334043462306
[02:22:07] [Server thread/WARN]: Oak Boat (vehicle of _gary_825) moved wrongly! 0.4900000000000091
[02:22:07] [Server thread/WARN]: Oak Boat (vehicle of _gary_825) moved wrongly! 0.4900000000000091
[02:22:07] [Server thread/WARN]: Oak Boat (vehicle of _gary_825) moved wrongly! 0.4900000000000091
[02:22:08] [Server thread/WARN]: Oak Boat (vehicle of _gary_825) moved wrongly! 0.337334043462306
[02:22:08] [Server thread/WARN]: Oak Boat (vehicle of _gary_825) moved wrongly! 0.4900000000000091
[02:22:08] [Server thread/WARN]: Oak Boat (vehicle of _gary_825) moved wrongly! 0.4900000000000091
[02:22:08] [Server thread/WARN]: Oak Boat (vehicle of _gary_825) moved wrongly! 0.4900000000000091
[02:22:09] [Server thread/WARN]: Oak Boat (vehicle of _gary_825) moved wrongly! 0.337334043462306
[02:22:09] [Server thread/WARN]: Oak Boat (vehicle of _gary_825) moved wrongly! 0.4900000000000091
[02:22:09] [Server thread/WARN]: Oak Boat (vehicle of _gary_825) moved wrongly! 0.4900000000000091
[02:22:09] [Server thread/WARN]: Oak Boat (vehicle of _gary_825) moved wrongly! 0.4900000000000091
[02:22:10] [Server thread/WARN]: Oak Boat (vehicle of _gary_825) moved wrongly! 0.337334043462306
[02:22:10] [Server thread/WARN]: Oak Boat (vehicle of _gary_825) moved wrongly! 0.4900000000000091
[02:22:10] [Server thread/WARN]: Oak Boat (vehicle of _gary_825) moved wrongly! 0.4900000000000091
[02:22:10] [Server thread/WARN]: Oak Boat (vehicle of _gary_825) moved wrongly! 0.4900000000000091
[02:22:11] [Server thread/WARN]: Oak Boat (vehicle of _gary_825) moved wrongly! 0.4373340673041639
[02:22:11] [Server thread/WARN]: Oak Boat (vehicle of _gary_825) moved wrongly! 0.4373340673041639
[02:22:12] [Server thread/WARN]: Oak Boat (vehicle of _gary_825) moved wrongly! 0.337334043462306
[02:22:12] [Server thread/WARN]: Oak Boat (vehicle of _gary_825) moved wrongly! 0.837334043462306
[02:22:12] [Server thread/WARN]: Oak Boat (vehicle of _gary_825) moved wrongly! 0.4900000000000091
[02:22:12] [Server thread/WARN]: Oak Boat (vehicle of _gary_825) moved wrongly! 0.29840039859573153
[02:22:12] [Server thread/WARN]: Oak Boat (vehicle of _gary_825) moved wrongly! 0.29840039859573153
[02:22:13] [Server thread/WARN]: Oak Boat (vehicle of _gary_825) moved wrongly! 0.4373340673041639
[02:22:13] [Server thread/WARN]: Oak Boat (vehicle of _gary_825) moved wrongly! 0.4900000000000091
[02:22:13] [Server thread/WARN]: Oak Boat (vehicle of _gary_825) moved wrongly! 0.9900000000000091
[02:22:13] [Server thread/WARN]: Oak Boat (vehicle of _gary_825) moved wrongly! 0.4900000000000091
[02:22:14] [Server thread/WARN]: Oak Boat (vehicle of _gary_825) moved wrongly! 0.29840039859573153
[02:22:14] [Server thread/WARN]: Oak Boat (vehicle of _gary_825) moved wrongly! 0.4900000000000091
[02:22:14] [Server thread/WARN]: Oak Boat (vehicle of _gary_825) moved wrongly! 0.9900000000000091
[02:22:14] [Server thread/WARN]: Oak Boat (vehicle of _gary_825) moved wrongly! 0.4900000000000091
[02:22:15] [Server thread/WARN]: Oak Boat (vehicle of _gary_825) moved wrongly! 0.29840039859573153
[02:22:15] [Server thread/WARN]: Oak Boat (vehicle of _gary_825) moved wrongly! 0.29840039859573153
[02:22:15] [Server thread/WARN]: Oak Boat (vehicle of _gary_825) moved wrongly! 0.4373340673041639
[02:22:16] [Server thread/WARN]: Oak Boat (vehicle of _gary_825) moved wrongly! 0.4900000000000091
[02:22:16] [Server thread/WARN]: Oak Boat (vehicle of _gary_825) moved wrongly! 0.9900000000000091
[02:22:16] [Server thread/WARN]: Oak Boat (vehicle of _gary_825) moved wrongly! 0.4900000000000091
[02:22:16] [Server thread/WARN]: Oak Boat (vehicle of _gary_825) moved wrongly! 0.29840039859573153
[02:22:16] [Server thread/WARN]: Oak Boat (vehicle of _gary_825) moved wrongly! 0.29840039859573153
[02:22:17] [Server thread/WARN]: Oak Boat (vehicle of _gary_825) moved wrongly! 0.29840039859573153
[02:22:17] [Server thread/WARN]: Oak Boat (vehicle of _gary_825) moved wrongly! 0.29840039859573153
[02:22:18] [Server thread/WARN]: Oak Boat (vehicle of _gary_825) moved wrongly! 0.337334043462306
[02:22:18] [Server thread/WARN]: Oak Boat (vehicle of _gary_825) moved wrongly! 0.4900000000000091
[02:22:18] [Server thread/WARN]: Oak Boat (vehicle of _gary_825) moved wrongly! 0.4900000000000091
[02:22:18] [Server thread/WARN]: Oak Boat (vehicle of _gary_825) moved wrongly! 0.4900000000000091
[02:22:19] [Server thread/WARN]: Oak Boat (vehicle of _gary_825) moved wrongly! 0.337334043462306
[02:22:19] [Server thread/WARN]: Oak Boat (vehicle of _gary_825) moved wrongly! 0.4900000000000091
[02:22:19] [Server thread/WARN]: Oak Boat (vehicle of _gary_825) moved wrongly! 0.4900000000000091
[02:22:19] [Server thread/WARN]: Oak Boat (vehicle of _gary_825) moved wrongly! 0.4900000000000091
[02:22:20] [Server thread/WARN]: Oak Boat (vehicle of _gary_825) moved wrongly! 0.337334043462306
[02:22:20] [Server thread/WARN]: Oak Boat (vehicle of _gary_825) moved wrongly! 0.4900000000000091
[02:22:20] [Server thread/WARN]: Oak Boat (vehicle of _gary_825) moved wrongly! 0.4900000000000091
[02:22:20] [Server thread/WARN]: Oak Boat (vehicle of _gary_825) moved wrongly! 0.4900000000000091
[02:22:21] [Server thread/WARN]: Oak Boat (vehicle of _gary_825) moved wrongly! 0.337334043462306
[02:22:21] [Server thread/WARN]: Oak Boat (vehicle of _gary_825) moved wrongly! 0.4900000000000091
[02:22:21] [Server thread/WARN]: Oak Boat (vehicle of _gary_825) moved wrongly! 0.4900000000000091
[02:22:21] [Server thread/WARN]: Oak Boat (vehicle of _gary_825) moved wrongly! 0.4900000000000091
[02:22:21] [Server thread/WARN]: Oak Boat (vehicle of _gary_825) moved wrongly! 0.4373340673041639
[02:22:21] [Server thread/WARN]: Oak Boat (vehicle of _gary_825) moved wrongly! 0.4373340673041639
[02:22:22] [Server thread/WARN]: Oak Boat (vehicle of _gary_825) moved wrongly! 0.337334043462306
[02:22:22] [Server thread/WARN]: Oak Boat (vehicle of _gary_825) moved wrongly! 0.4900000000000091
[02:22:22] [Server thread/WARN]: Oak Boat (vehicle of _gary_825) moved wrongly! 0.4900000000000091
[02:22:22] [Server thread/WARN]: Oak Boat (vehicle of _gary_825) moved wrongly! 0.4900000000000091
[02:22:23] [Server thread/WARN]: Oak Boat (vehicle of _gary_825) moved wrongly! 0.337334043462306
[02:22:23] [Server thread/WARN]: Oak Boat (vehicle of _gary_825) moved wrongly! 0.837334043462306
[02:22:23] [Server thread/WARN]: Oak Boat (vehicle of _gary_825) moved wrongly! 0.4900000000000091
[02:22:24] [Server thread/WARN]: Oak Boat (vehicle of _gary_825) moved wrongly! 0.29840039859573153
[02:22:24] [Server thread/WARN]: Oak Boat (vehicle of _gary_825) moved wrongly! 0.29840039859573153
[02:22:24] [Server thread/WARN]: Oak Boat (vehicle of _gary_825) moved wrongly! 0.4373340673041639
[02:22:25] [Server thread/WARN]: Oak Boat (vehicle of _gary_825) moved wrongly! 0.4900000000000091
[02:22:25] [Server thread/WARN]: Oak Boat (vehicle of _gary_825) moved wrongly! 0.9900000000000091
[02:22:25] [Server thread/WARN]: Oak Boat (vehicle of _gary_825) moved wrongly! 0.4900000000000091
[02:22:25] [Server thread/WARN]: Oak Boat (vehicle of _gary_825) moved wrongly! 0.4900000000000091
[02:22:25] [Server thread/WARN]: Oak Boat (vehicle of _gary_825) moved wrongly! 0.4900000000000091
[02:22:25] [Server thread/WARN]: Oak Boat (vehicle of _gary_825) moved wrongly! 0.9900000000000091
[02:22:25] [Server thread/WARN]: Oak Boat (vehicle of _gary_825) moved wrongly! 0.4900000000000091
[02:22:26] [Server thread/WARN]: Oak Boat (vehicle of _gary_825) moved wrongly! 0.29840039859573153
[02:22:26] [Server thread/WARN]: Oak Boat (vehicle of _gary_825) moved wrongly! 0.4900000000000091
[02:22:26] [Server thread/WARN]: Oak Boat (vehicle of _gary_825) moved wrongly! 0.9900000000000091
[02:22:26] [Server thread/WARN]: Oak Boat (vehicle of _gary_825) moved wrongly! 0.4900000000000091
[02:22:27] [Server thread/WARN]: Oak Boat (vehicle of _gary_825) moved wrongly! 0.29840039859573153
[02:22:27] [Server thread/WARN]: Oak Boat (vehicle of _gary_825) moved wrongly! 0.29840039859573153
[02:22:27] [Server thread/WARN]: Oak Boat (vehicle of _gary_825) moved wrongly! 0.4373340673041639
[02:22:28] [Server thread/WARN]: Oak Boat (vehicle of _gary_825) moved wrongly! 0.4900000000000091
[02:22:28] [Server thread/WARN]: Oak Boat (vehicle of _gary_825) moved wrongly! 0.9900000000000091
[02:22:28] [Server thread/WARN]: Oak Boat (vehicle of _gary_825) moved wrongly! 0.4900000000000091
[02:22:28] [Server thread/WARN]: Oak Boat (vehicle of _gary_825) moved wrongly! 0.29840039859573153
[02:22:29] [Server thread/WARN]: Oak Boat (vehicle of _gary_825) moved wrongly! 0.4900000000000091
[02:22:29] [Server thread/WARN]: Oak Boat (vehicle of _gary_825) moved wrongly! 0.9900000000000091
[02:22:29] [Server thread/WARN]: Oak Boat (vehicle of _gary_825) moved wrongly! 0.4900000000000091
[02:22:29] [Server thread/WARN]: Oak Boat (vehicle of _gary_825) moved wrongly! 0.29840039859573153
[02:22:29] [Server thread/WARN]: Oak Boat (vehicle of _gary_825) moved wrongly! 0.29840039859573153
[02:22:30] [Server thread/WARN]: Oak Boat (vehicle of _gary_825) moved wrongly! 0.4900000000000091
[02:22:30] [Server thread/WARN]: Oak Boat (vehicle of _gary_825) moved wrongly! 0.9900000000000091
[02:22:30] [Server thread/WARN]: Oak Boat (vehicle of _gary_825) moved wrongly! 0.4900000000000091
[02:22:30] [Server thread/WARN]: Oak Boat (vehicle of _gary_825) moved wrongly! 0.6584004272059474
[02:22:30] [Server thread/WARN]: Oak Boat (vehicle of _gary_825) moved wrongly! 0.4900000000000091
[02:22:31] [Server thread/WARN]: Oak Boat (vehicle of _gary_825) moved wrongly! 0.4900000000000091
[02:22:31] [Server thread/WARN]: Oak Boat (vehicle of _gary_825) moved wrongly! 0.4900000000000091
[02:22:31] [Server thread/WARN]: Oak Boat (vehicle of _gary_825) moved wrongly! 0.4900000000000091
[02:22:31] [Server thread/WARN]: Oak Boat (vehicle of _gary_825) moved wrongly! 0.4373340673041639
[02:22:31] [Server thread/WARN]: Oak Boat (vehicle of _gary_825) moved wrongly! 0.4373340673041639
[02:22:32] [Server thread/WARN]: Oak Boat (vehicle of _gary_825) moved wrongly! 0.337334043462306
[02:22:32] [Server thread/WARN]: Oak Boat (vehicle of _gary_825) moved wrongly! 0.4900000000000091
[02:22:32] [Server thread/WARN]: Oak Boat (vehicle of _gary_825) moved wrongly! 0.4900000000000091
[02:22:32] [Server thread/WARN]: Oak Boat (vehicle of _gary_825) moved wrongly! 0.4900000000000091
[02:22:33] [Server thread/WARN]: Oak Boat (vehicle of _gary_825) moved wrongly! 0.337334043462306
[02:22:33] [Server thread/WARN]: Oak Boat (vehicle of _gary_825) moved wrongly! 0.4900000000000091
[02:22:33] [Server thread/WARN]: Oak Boat (vehicle of _gary_825) moved wrongly! 0.4900000000000091
[02:22:33] [Server thread/WARN]: Oak Boat (vehicle of _gary_825) moved wrongly! 0.4900000000000091
[02:22:34] [Server thread/WARN]: Oak Boat (vehicle of _gary_825) moved wrongly! 0.4373340673041639
[02:22:34] [Server thread/WARN]: Oak Boat (vehicle of _gary_825) moved wrongly! 0.4373340673041639
[02:22:35] [Server thread/WARN]: Oak Boat (vehicle of _gary_825) moved wrongly! 0.337334043462306
[02:22:35] [Server thread/WARN]: Oak Boat (vehicle of _gary_825) moved wrongly! 0.4900000000000091
[02:22:35] [Server thread/WARN]: Oak Boat (vehicle of _gary_825) moved wrongly! 0.4900000000000091
[02:22:35] [Server thread/WARN]: Oak Boat (vehicle of _gary_825) moved wrongly! 0.4900000000000091
[02:22:36] [Server thread/WARN]: Oak Boat (vehicle of _gary_825) moved wrongly! 0.337334043462306
[02:22:36] [Server thread/WARN]: Oak Boat (vehicle of _gary_825) moved wrongly! 0.837334043462306
[02:22:36] [Server thread/WARN]: Oak Boat (vehicle of _gary_825) moved wrongly! 0.4900000000000091
[02:22:36] [Server thread/WARN]: Oak Boat (vehicle of _gary_825) moved wrongly! 0.6584004272059474
[02:22:36] [Server thread/WARN]: Oak Boat (vehicle of _gary_825) moved wrongly! 0.4900000000000091
[02:22:37] [Server thread/WARN]: Oak Boat (vehicle of _gary_825) moved wrongly! 0.29840039859573153
[02:22:37] [Server thread/WARN]: Oak Boat (vehicle of _gary_825) moved wrongly! 0.4900000000000091
[02:22:37] [Server thread/WARN]: Oak Boat (vehicle of _gary_825) moved wrongly! 0.9900000000000091
[02:22:37] [Server thread/WARN]: Oak Boat (vehicle of _gary_825) moved wrongly! 0.4900000000000091
[02:22:38] [Server thread/WARN]: Oak Boat (vehicle of _gary_825) moved wrongly! 0.29840039859573153
[02:22:38] [Server thread/WARN]: Oak Boat (vehicle of _gary_825) moved wrongly! 0.4900000000000091
[02:22:38] [Server thread/WARN]: Oak Boat (vehicle of _gary_825) moved wrongly! 0.9900000000000091
[02:22:38] [Server thread/WARN]: Oak Boat (vehicle of _gary_825) moved wrongly! 0.4900000000000091
[02:22:39] [Server thread/WARN]: Oak Boat (vehicle of _gary_825) moved wrongly! 0.29840039859573153
[02:22:39] [Server thread/WARN]: Oak Boat (vehicle of _gary_825) moved wrongly! 0.4900000000000091
[02:22:39] [Server thread/WARN]: Oak Boat (vehicle of _gary_825) moved wrongly! 0.9900000000000091
[02:22:39] [Server thread/WARN]: Oak Boat (vehicle of _gary_825) moved wrongly! 0.4900000000000091
[02:22:40] [Server thread/WARN]: Oak Boat (vehicle of _gary_825) moved wrongly! 0.29840039859573153
[02:22:40] [Server thread/WARN]: Oak Boat (vehicle of _gary_825) moved wrongly! 0.4900000000000091
[02:22:40] [Server thread/WARN]: Oak Boat (vehicle of _gary_825) moved wrongly! 0.9900000000000091
[02:22:40] [Server thread/WARN]: Oak Boat (vehicle of _gary_825) moved wrongly! 0.4900000000000091
[02:22:41] [Server thread/WARN]: Oak Boat (vehicle of _gary_825) moved wrongly! 0.29840039859573153
[02:22:41] [Server thread/WARN]: Oak Boat (vehicle of _gary_825) moved wrongly! 0.4900000000000091
[02:22:41] [Server thread/WARN]: Oak Boat (vehicle of _gary_825) moved wrongly! 0.4900000000000091
[02:22:41] [Server thread/WARN]: Oak Boat (vehicle of _gary_825) moved wrongly! 0.4900000000000091
[02:22:41] [Server thread/WARN]: Oak Boat (vehicle of _gary_825) moved wrongly! 0.4900000000000091
[02:22:42] [Server thread/WARN]: Oak Boat (vehicle of _gary_825) moved wrongly! 0.4900000000000091
[02:22:42] [Server thread/WARN]: Oak Boat (vehicle of _gary_825) moved wrongly! 0.4900000000000091
[02:22:42] [Server thread/WARN]: Oak Boat (vehicle of _gary_825) moved wrongly! 0.4900000000000091
[02:22:43] [Server thread/WARN]: Oak Boat (vehicle of _gary_825) moved wrongly! 0.337334043462306
[02:22:43] [Server thread/WARN]: Oak Boat (vehicle of _gary_825) moved wrongly! 0.4900000000000091
[02:22:43] [Server thread/WARN]: Oak Boat (vehicle of _gary_825) moved wrongly! 0.4900000000000091
[02:22:43] [Server thread/WARN]: Oak Boat (vehicle of _gary_825) moved wrongly! 0.4900000000000091
[02:22:44] [Server thread/WARN]: Oak Boat (vehicle of _gary_825) moved wrongly! 0.337334043462306
[02:22:44] [Server thread/WARN]: Oak Boat (vehicle of _gary_825) moved wrongly! 0.4900000000000091
[02:22:44] [Server thread/WARN]: Oak Boat (vehicle of _gary_825) moved wrongly! 0.4900000000000091
[02:22:44] [Server thread/WARN]: Oak Boat (vehicle of _gary_825) moved wrongly! 0.4900000000000091
[02:22:45] [Server thread/WARN]: Oak Boat (vehicle of _gary_825) moved wrongly! 0.4373340673041639
[02:22:45] [Server thread/WARN]: Oak Boat (vehicle of _gary_825) moved wrongly! 0.4373340673041639
[02:22:46] [Server thread/WARN]: Oak Boat (vehicle of _gary_825) moved wrongly! 0.337334043462306
[02:22:46] [Server thread/WARN]: Oak Boat (vehicle of _gary_825) moved wrongly! 0.4900000000000091
[02:22:46] [Server thread/WARN]: Oak Boat (vehicle of _gary_825) moved wrongly! 0.4900000000000091
[02:22:46] [Server thread/WARN]: Oak Boat (vehicle of _gary_825) moved wrongly! 0.4900000000000091
[02:22:47] [Server thread/WARN]: Oak Boat (vehicle of _gary_825) moved wrongly! 0.337334043462306
[02:22:47] [Server thread/WARN]: Oak Boat (vehicle of _gary_825) moved wrongly! 0.837334043462306
[02:22:47] [Server thread/WARN]: Oak Boat (vehicle of _gary_825) moved wrongly! 0.4900000000000091
[02:22:47] [Server thread/WARN]: Oak Boat (vehicle of _gary_825) moved wrongly! 0.29840039859573153
[02:22:48] [Server thread/WARN]: Oak Boat (vehicle of _gary_825) moved wrongly! 0.4900000000000091
[02:22:48] [Server thread/WARN]: Oak Boat (vehicle of _gary_825) moved wrongly! 0.9900000000000091
[02:22:48] [Server thread/WARN]: Oak Boat (vehicle of _gary_825) moved wrongly! 0.4900000000000091
[02:22:48] [Server thread/WARN]: Oak Boat (vehicle of _gary_825) moved wrongly! 0.6584004272059474
[02:22:48] [Server thread/WARN]: Oak Boat (vehicle of _gary_825) moved wrongly! 0.4900000000000091
[02:22:49] [Server thread/WARN]: Oak Boat (vehicle of _gary_825) moved wrongly! 0.6584004272059474
[02:22:49] [Server thread/WARN]: Oak Boat (vehicle of _gary_825) moved wrongly! 0.4900000000000091
[02:22:49] [Server thread/WARN]: Oak Boat (vehicle of _gary_825) moved wrongly! 0.29840039859573153
[02:22:50] [Server thread/WARN]: Oak Boat (vehicle of _gary_825) moved wrongly! 0.4900000000000091
[02:22:50] [Server thread/WARN]: Oak Boat (vehicle of _gary_825) moved wrongly! 0.9900000000000091
[02:22:50] [Server thread/WARN]: Oak Boat (vehicle of _gary_825) moved wrongly! 0.4900000000000091
[02:22:50] [Server thread/WARN]: Oak Boat (vehicle of _gary_825) moved wrongly! 0.29840039859573153
[02:22:51] [Server thread/WARN]: Oak Boat (vehicle of _gary_825) moved wrongly! 0.4900000000000091
[02:22:51] [Server thread/WARN]: Oak Boat (vehicle of _gary_825) moved wrongly! 0.9900000000000091
[02:22:51] [Server thread/WARN]: Oak Boat (vehicle of _gary_825) moved wrongly! 0.4900000000000091
[02:22:51] [Server thread/WARN]: Oak Boat (vehicle of _gary_825) moved wrongly! 0.29840039859573153
[02:22:52] [Server thread/WARN]: Oak Boat (vehicle of _gary_825) moved wrongly! 0.4900000000000091
[02:22:52] [Server thread/WARN]: Oak Boat (vehicle of _gary_825) moved wrongly! 0.9900000000000091
[02:22:52] [Server thread/WARN]: Oak Boat (vehicle of _gary_825) moved wrongly! 0.4900000000000091
[02:22:52] [Server thread/WARN]: Oak Boat (vehicle of _gary_825) moved wrongly! 0.29840039859573153
[02:22:53] [Server thread/WARN]: Oak Boat (vehicle of _gary_825) moved wrongly! 0.4900000000000091
[02:22:53] [Server thread/WARN]: Oak Boat (vehicle of _gary_825) moved wrongly! 0.9900000000000091
[02:22:53] [Server thread/WARN]: Oak Boat (vehicle of _gary_825) moved wrongly! 0.4900000000000091
[02:22:53] [Server thread/WARN]: Oak Boat (vehicle of _gary_825) moved wrongly! 0.29840039859573153
[02:22:54] [Server thread/WARN]: Oak Boat (vehicle of _gary_825) moved wrongly! 0.4900000000000091
[02:22:54] [Server thread/WARN]: Oak Boat (vehicle of _gary_825) moved wrongly! 0.9900000000000091
[02:22:54] [Server thread/WARN]: Oak Boat (vehicle of _gary_825) moved wrongly! 0.4900000000000091
[02:22:54] [Server thread/WARN]: Oak Boat (vehicle of _gary_825) moved wrongly! 0.4900000000000091
[02:22:54] [Server thread/WARN]: Oak Boat (vehicle of _gary_825) moved wrongly! 0.4900000000000091
[02:22:54] [Server thread/WARN]: Oak Boat (vehicle of _gary_825) moved wrongly! 0.4900000000000091
[02:22:54] [Server thread/WARN]: Oak Boat (vehicle of _gary_825) moved wrongly! 0.4900000000000091
[02:22:55] [Server thread/WARN]: Oak Boat (vehicle of _gary_825) moved wrongly! 0.337334043462306
[02:22:55] [Server thread/WARN]: Oak Boat (vehicle of _gary_825) moved wrongly! 0.4900000000000091
[02:22:55] [Server thread/WARN]: Oak Boat (vehicle of _gary_825) moved wrongly! 0.4900000000000091
[02:22:55] [Server thread/WARN]: Oak Boat (vehicle of _gary_825) moved wrongly! 0.4900000000000091
[02:22:56] [Server thread/WARN]: Oak Boat (vehicle of _gary_825) moved wrongly! 0.4900000000000091
[02:22:56] [Server thread/WARN]: Oak Boat (vehicle of _gary_825) moved wrongly! 0.4900000000000091
[02:22:56] [Server thread/WARN]: Oak Boat (vehicle of _gary_825) moved wrongly! 0.4900000000000091
[02:22:57] [Server thread/WARN]: Oak Boat (vehicle of _gary_825) moved wrongly! 0.337334043462306
[02:22:57] [Server thread/WARN]: Oak Boat (vehicle of _gary_825) moved wrongly! 0.337334043462306
[02:22:57] [Server thread/WARN]: Oak Boat (vehicle of _gary_825) moved wrongly! 0.4900000000000091
[02:22:57] [Server thread/WARN]: Oak Boat (vehicle of _gary_825) moved wrongly! 0.4900000000000091
[02:22:57] [Server thread/WARN]: Oak Boat (vehicle of _gary_825) moved wrongly! 0.4900000000000091
[02:22:57] [Server thread/WARN]: Oak Boat (vehicle of _gary_825) moved wrongly! 0.4900000000000091
[02:22:58] [Server thread/WARN]: Oak Boat (vehicle of _gary_825) moved wrongly! 0.4373340673041639
[02:22:58] [Server thread/WARN]: Oak Boat (vehicle of _gary_825) moved wrongly! 0.4900000000000091
[02:22:58] [Server thread/WARN]: Oak Boat (vehicle of _gary_825) moved wrongly! 0.9900000000000091
[02:22:58] [Server thread/WARN]: Oak Boat (vehicle of _gary_825) moved wrongly! 0.4900000000000091
[02:22:59] [Server thread/WARN]: Oak Boat (vehicle of _gary_825) moved wrongly! 0.29840039859573153
[02:22:59] [Server thread/WARN]: Oak Boat (vehicle of _gary_825) moved wrongly! 0.29840039859573153
[02:22:59] [Server thread/WARN]: Oak Boat (vehicle of _gary_825) moved wrongly! 0.4373340673041639
[02:22:59] [Server thread/WARN]: Oak Boat (vehicle of _gary_825) moved wrongly! 0.4373340673041639
[02:23:00] [Server thread/WARN]: Oak Boat (vehicle of _gary_825) moved wrongly! 0.337334043462306
[02:23:00] [Server thread/WARN]: Oak Boat (vehicle of _gary_825) moved wrongly! 0.837334043462306
[02:23:00] [Server thread/WARN]: Oak Boat (vehicle of _gary_825) moved wrongly! 0.4900000000000091
[02:23:01] [Server thread/WARN]: Oak Boat (vehicle of _gary_825) moved wrongly! 0.29840039859573153
[02:23:01] [Server thread/WARN]: Oak Boat (vehicle of _gary_825) moved wrongly! 0.29840039859573153
[02:23:02] [Server thread/WARN]: Oak Boat (vehicle of _gary_825) moved wrongly! 0.337334043462306
[02:23:02] [Server thread/WARN]: Oak Boat (vehicle of _gary_825) moved wrongly! 0.4900000000000091
[02:23:02] [Server thread/WARN]: Oak Boat (vehicle of _gary_825) moved wrongly! 0.4900000000000091
[02:23:02] [Server thread/WARN]: Oak Boat (vehicle of _gary_825) moved wrongly! 0.4900000000000091
[02:23:03] [Server thread/WARN]: Oak Boat (vehicle of _gary_825) moved wrongly! 0.337334043462306
[02:23:03] [Server thread/WARN]: Oak Boat (vehicle of _gary_825) moved wrongly! 0.4900000000000091
[02:23:03] [Server thread/WARN]: Oak Boat (vehicle of _gary_825) moved wrongly! 0.4900000000000091
[02:23:03] [Server thread/WARN]: Oak Boat (vehicle of _gary_825) moved wrongly! 0.4900000000000091
[02:23:04] [Server thread/WARN]: Oak Boat (vehicle of _gary_825) moved wrongly! 0.337334043462306
[02:23:04] [Server thread/WARN]: Oak Boat (vehicle of _gary_825) moved wrongly! 0.4900000000000091
[02:23:04] [Server thread/WARN]: Oak Boat (vehicle of _gary_825) moved wrongly! 0.4900000000000091
[02:23:04] [Server thread/WARN]: Oak Boat (vehicle of _gary_825) moved wrongly! 0.4900000000000091
[02:23:05] [Server thread/WARN]: Oak Boat (vehicle of _gary_825) moved wrongly! 0.337334043462306
[02:23:05] [Server thread/WARN]: Oak Boat (vehicle of _gary_825) moved wrongly! 0.837334043462306
[02:23:05] [Server thread/WARN]: Oak Boat (vehicle of _gary_825) moved wrongly! 0.4900000000000091
[02:23:05] [Server thread/WARN]: Oak Boat (vehicle of _gary_825) moved wrongly! 0.29840039859573153
[02:23:05] [Server thread/WARN]: Oak Boat (vehicle of _gary_825) moved wrongly! 0.29840039859573153
[02:23:06] [Server thread/WARN]: Oak Boat (vehicle of _gary_825) moved wrongly! 0.337334043462306
[02:23:06] [Server thread/WARN]: Oak Boat (vehicle of _gary_825) moved wrongly! 0.4900000000000091
[02:23:06] [Server thread/WARN]: Oak Boat (vehicle of _gary_825) moved wrongly! 0.4900000000000091
[02:23:06] [Server thread/WARN]: Oak Boat (vehicle of _gary_825) moved wrongly! 0.4900000000000091
[02:23:07] [Server thread/WARN]: Oak Boat (vehicle of _gary_825) moved wrongly! 0.337334043462306
[02:23:07] [Server thread/WARN]: Oak Boat (vehicle of _gary_825) moved wrongly! 0.4900000000000091
[02:23:07] [Server thread/WARN]: Oak Boat (vehicle of _gary_825) moved wrongly! 0.4900000000000091
[02:23:07] [Server thread/WARN]: Oak Boat (vehicle of _gary_825) moved wrongly! 0.4900000000000091
[02:23:08] [Server thread/WARN]: Oak Boat (vehicle of _gary_825) moved wrongly! 0.337334043462306
[02:23:08] [Server thread/WARN]: Oak Boat (vehicle of _gary_825) moved wrongly! 0.4900000000000091
[02:23:08] [Server thread/WARN]: Oak Boat (vehicle of _gary_825) moved wrongly! 0.4900000000000091
[02:23:08] [Server thread/WARN]: Oak Boat (vehicle of _gary_825) moved wrongly! 0.4900000000000091
[02:23:09] [Server thread/WARN]: Oak Boat (vehicle of _gary_825) moved wrongly! 0.337334043462306
[02:23:09] [Server thread/WARN]: Oak Boat (vehicle of _gary_825) moved wrongly! 0.837334043462306
[02:23:09] [Server thread/WARN]: Oak Boat (vehicle of _gary_825) moved wrongly! 0.4900000000000091
[02:23:10] [Server thread/WARN]: Oak Boat (vehicle of _gary_825) moved wrongly! 0.29840039859573153
[02:23:11] [Server thread/WARN]: Oak Boat (vehicle of _gary_825) moved wrongly! 0.4900000000000091
[02:23:11] [Server thread/WARN]: Oak Boat (vehicle of _gary_825) moved wrongly! 0.4900000000000091
[02:23:11] [Server thread/WARN]: Oak Boat (vehicle of _gary_825) moved wrongly! 0.4900000000000091
[02:23:11] [Server thread/WARN]: Oak Boat (vehicle of _gary_825) moved wrongly! 0.4900000000000091
[02:23:11] [Server thread/WARN]: Oak Boat (vehicle of _gary_825) moved wrongly! 0.4900000000000091
[02:23:11] [Server thread/WARN]: Oak Boat (vehicle of _gary_825) moved wrongly! 0.4900000000000091
[02:23:11] [Server thread/WARN]: Oak Boat (vehicle of _gary_825) moved wrongly! 0.29840039859573153
[02:23:11] [Server thread/WARN]: Oak Boat (vehicle of _gary_825) moved wrongly! 0.29840039859573153
[02:23:12] [Server thread/WARN]: Oak Boat (vehicle of _gary_825) moved wrongly! 0.337334043462306
[02:23:12] [Server thread/WARN]: Oak Boat (vehicle of _gary_825) moved wrongly! 0.837334043462306
[02:23:12] [Server thread/WARN]: Oak Boat (vehicle of _gary_825) moved wrongly! 0.4900000000000091
[02:23:13] [Server thread/WARN]: Oak Boat (vehicle of _gary_825) moved wrongly! 0.356800801959821
[02:23:13] [Server thread/WARN]: Oak Boat (vehicle of _gary_825) moved wrongly! 0.356800801959821
[02:23:13] [Server thread/WARN]: Oak Boat (vehicle of _gary_825) moved wrongly! 0.356800801959821
[02:23:14] [Server thread/WARN]: Oak Boat (vehicle of _gary_825) moved wrongly! 0.3688901606960826
[02:23:14] [Server thread/WARN]: Oak Boat (vehicle of _gary_825) moved wrongly! 0.8688901606960826
[02:23:14] [Server thread/WARN]: Oak Boat (vehicle of _gary_825) moved wrongly! 0.4900000000000091
[02:23:14] [Server thread/WARN]: Oak Boat (vehicle of _gary_825) moved wrongly! 0.38445351988605125
[02:23:14] [Server thread/WARN]: Oak Boat (vehicle of _gary_825) moved wrongly! 0.8844535198860513
[02:23:14] [Server thread/WARN]: Oak Boat (vehicle of _gary_825) moved wrongly! 0.8844535198860513
[02:23:14] [Server thread/WARN]: Oak Boat (vehicle of _gary_825) moved wrongly! 0.4900000000000091
[02:23:15] [Server thread/WARN]: Oak Boat (vehicle of _gary_825) moved wrongly! 0.6584004272059474
[02:23:15] [Server thread/WARN]: Oak Boat (vehicle of _gary_825) moved wrongly! 0.6584004272059474
[02:23:16] [Server thread/WARN]: Oak Boat (vehicle of _gary_825) moved wrongly! 0.29840039859573153
[02:23:16] [Server thread/WARN]: Oak Boat (vehicle of _gary_825) moved wrongly! 0.4900000000000091
[02:23:16] [Server thread/WARN]: Oak Boat (vehicle of _gary_825) moved wrongly! 0.9900000000000091
[02:23:16] [Server thread/WARN]: Oak Boat (vehicle of _gary_825) moved wrongly! 0.4900000000000091
[02:23:16] [Server thread/WARN]: Oak Boat (vehicle of _gary_825) moved wrongly! 0.4900000000000091
[02:23:17] [Server thread/WARN]: Oak Boat (vehicle of _gary_825) moved wrongly! 0.4900000000000091
[02:23:17] [Server thread/WARN]: Oak Boat (vehicle of _gary_825) moved wrongly! 0.9900000000000091
[02:23:17] [Server thread/WARN]: Oak Boat (vehicle of _gary_825) moved wrongly! 0.9900000000000091
[02:23:17] [Server thread/WARN]: Oak Boat (vehicle of _gary_825) moved wrongly! 0.4900000000000091
[02:23:17] [Server thread/WARN]: Oak Boat (vehicle of _gary_825) moved wrongly! 0.4900000000000091
[02:23:17] [Server thread/WARN]: Oak Boat (vehicle of _gary_825) moved wrongly! 0.4900000000000091
[02:23:17] [Server thread/WARN]: Oak Boat (vehicle of _gary_825) moved wrongly! 0.9900000000000091
[02:23:17] [Server thread/WARN]: Oak Boat (vehicle of _gary_825) moved wrongly! 0.4900000000000091
[02:23:18] [Server thread/WARN]: Oak Boat (vehicle of _gary_825) moved wrongly! 0.29840039859573153
[02:23:18] [Server thread/WARN]: Oak Boat (vehicle of _gary_825) moved wrongly! 0.29840039859573153
[02:23:19] [Server thread/WARN]: Oak Boat (vehicle of _gary_825) moved wrongly! 0.4900000000000091
[02:23:19] [Server thread/WARN]: Oak Boat (vehicle of _gary_825) moved wrongly! 0.9900000000000091
[02:23:19] [Server thread/WARN]: Oak Boat (vehicle of _gary_825) moved wrongly! 0.4900000000000091
[02:23:19] [Server thread/WARN]: Oak Boat (vehicle of _gary_825) moved wrongly! 0.29840039859573153
[02:23:19] [Server thread/WARN]: Oak Boat (vehicle of _gary_825) moved wrongly! 0.29840039859573153
[02:23:20] [Server thread/WARN]: Oak Boat (vehicle of _gary_825) moved wrongly! 0.4373340673041639
[02:23:20] [Server thread/WARN]: Oak Boat (vehicle of _gary_825) moved wrongly! 0.44657816072367496
[02:23:20] [Server thread/WARN]: Oak Boat (vehicle of _gary_825) moved wrongly! 0.44657816072367496
[02:23:21] [Server thread/WARN]: Oak Boat (vehicle of _gary_825) moved wrongly! 0.9900000000000091
[02:23:22] [Server thread/WARN]: Oak Boat (vehicle of _gary_825) moved wrongly! 0.6984003747538736
[02:23:22] [Server thread/WARN]: Oak Boat (vehicle of _gary_825) moved wrongly! 0.6984003747538736
[02:23:23] [Server thread/WARN]: Oak Boat (vehicle of _gary_825) moved wrongly! 0.7419999203682437
[02:23:23] [Server thread/WARN]: Oak Boat (vehicle of _gary_825) moved wrongly! 0.4900000000000091
[02:23:23] [Server thread/WARN]: Oak Boat (vehicle of _gary_825) moved wrongly! 0.29840039859573153
[02:23:24] [Server thread/WARN]: Oak Boat (vehicle of _gary_825) moved wrongly! 0.4900000000000091
[02:23:24] [Server thread/WARN]: Oak Boat (vehicle of _gary_825) moved wrongly! 0.9900000000000091
[02:23:24] [Server thread/WARN]: Oak Boat (vehicle of _gary_825) moved wrongly! 0.4900000000000091
[02:23:24] [Server thread/WARN]: Oak Boat (vehicle of _gary_825) moved wrongly! 0.6584004272059474
[02:23:24] [Server thread/WARN]: Oak Boat (vehicle of _gary_825) moved wrongly! 0.4900000000000091
[02:23:25] [Server thread/WARN]: Oak Boat (vehicle of _gary_825) moved wrongly! 0.29840039859573153
[02:23:25] [Server thread/WARN]: Oak Boat (vehicle of _gary_825) moved wrongly! 0.29840039859573153
[02:23:26] [Server thread/WARN]: Oak Boat (vehicle of _gary_825) moved wrongly! 0.337334043462306
[02:23:26] [Server thread/WARN]: Oak Boat (vehicle of _gary_825) moved wrongly! 0.837334043462306
[02:23:26] [Server thread/WARN]: Oak Boat (vehicle of _gary_825) moved wrongly! 0.4900000000000091
[02:23:26] [Server thread/WARN]: Oak Boat (vehicle of _gary_825) moved wrongly! 0.6584004272059474
[02:23:26] [Server thread/WARN]: Oak Boat (vehicle of _gary_825) moved wrongly! 0.4900000000000091
[02:23:27] [Server thread/WARN]: Oak Boat (vehicle of _gary_825) moved wrongly! 0.29840039859573153
[02:23:27] [Server thread/WARN]: Oak Boat (vehicle of _gary_825) moved wrongly! 0.29840039859573153
[02:23:28] [Server thread/WARN]: Oak Boat (vehicle of _gary_825) moved wrongly! 0.337334043462306
[02:23:28] [Server thread/WARN]: Oak Boat (vehicle of _gary_825) moved wrongly! 0.837334043462306
[02:23:28] [Server thread/WARN]: Oak Boat (vehicle of _gary_825) moved wrongly! 0.4900000000000091
[02:23:28] [Server thread/WARN]: Oak Boat (vehicle of _gary_825) moved wrongly! 0.6584004272059474
[02:23:28] [Server thread/WARN]: Oak Boat (vehicle of _gary_825) moved wrongly! 0.4900000000000091
[02:23:29] [Server thread/WARN]: Oak Boat (vehicle of _gary_825) moved wrongly! 0.29840039859573153
[02:23:29] [Server thread/WARN]: Oak Boat (vehicle of _gary_825) moved wrongly! 0.4900000000000091
[02:23:29] [Server thread/WARN]: Oak Boat (vehicle of _gary_825) moved wrongly! 0.9900000000000091
[02:23:29] [Server thread/WARN]: Oak Boat (vehicle of _gary_825) moved wrongly! 0.4900000000000091
[02:23:30] [Server thread/WARN]: Oak Boat (vehicle of _gary_825) moved wrongly! 0.29840039859573153
[02:23:30] [Server thread/WARN]: Oak Boat (vehicle of _gary_825) moved wrongly! 0.29840039859573153
[02:23:31] [Server thread/WARN]: Oak Boat (vehicle of _gary_825) moved wrongly! 0.337334043462306
[02:23:31] [Server thread/WARN]: Oak Boat (vehicle of _gary_825) moved wrongly! 0.4900000000000091
[02:23:31] [Server thread/WARN]: Oak Boat (vehicle of _gary_825) moved wrongly! 0.4900000000000091
[02:23:31] [Server thread/WARN]: Oak Boat (vehicle of _gary_825) moved wrongly! 0.4900000000000091
[02:23:31] [Server thread/WARN]: Oak Boat (vehicle of _gary_825) moved wrongly! 0.4373340673041639
[02:23:31] [Server thread/WARN]: Oak Boat (vehicle of _gary_825) moved wrongly! 0.4373340673041639
[02:23:32] [Server thread/WARN]: Oak Boat (vehicle of _gary_825) moved wrongly! 0.4373340673041639
[02:23:32] [Server thread/WARN]: Oak Boat (vehicle of _gary_825) moved wrongly! 0.4373340673041639
[02:23:32] [Server thread/WARN]: Oak Boat (vehicle of _gary_825) moved wrongly! 0.4373340673041639
[02:23:32] [Server thread/WARN]: Oak Boat (vehicle of _gary_825) moved wrongly! 0.4373340673041639
[02:23:33] [Server thread/WARN]: Oak Boat (vehicle of _gary_825) moved wrongly! 0.4900000000000091
[02:23:33] [Server thread/WARN]: Oak Boat (vehicle of _gary_825) moved wrongly! 0.9900000000000091
[02:23:33] [Server thread/WARN]: Oak Boat (vehicle of _gary_825) moved wrongly! 0.4900000000000091
[02:23:33] [Server thread/WARN]: Oak Boat (vehicle of _gary_825) moved wrongly! 0.29840039859573153
[02:23:33] [Server thread/WARN]: Oak Boat (vehicle of _gary_825) moved wrongly! 0.29840039859573153
[02:23:34] [Server thread/WARN]: Oak Boat (vehicle of _gary_825) moved wrongly! 0.4373340673041639
[02:23:34] [Server thread/WARN]: Oak Boat (vehicle of _gary_825) moved wrongly! 0.4373340673041639
[02:23:34] [Server thread/WARN]: Oak Boat (vehicle of _gary_825) moved wrongly! 0.4373340673041639
[02:23:34] [Server thread/WARN]: Oak Boat (vehicle of _gary_825) moved wrongly! 0.4373340673041639
[02:23:35] [Server thread/WARN]: Oak Boat (vehicle of _gary_825) moved wrongly! 0.337334043462306
[02:23:35] [Server thread/WARN]: Oak Boat (vehicle of _gary_825) moved wrongly! 0.837334043462306
[02:23:35] [Server thread/WARN]: Oak Boat (vehicle of _gary_825) moved wrongly! 0.4900000000000091
[02:23:36] [Server thread/WARN]: Oak Boat (vehicle of _gary_825) moved wrongly! 0.356800801959821
[02:23:36] [Server thread/WARN]: Oak Boat (vehicle of _gary_825) moved wrongly! 0.356800801959821
[02:23:36] [Server thread/WARN]: Oak Boat (vehicle of _gary_825) moved wrongly! 0.356800801959821
[02:23:37] [Server thread/WARN]: Oak Boat (vehicle of _gary_825) moved wrongly! 0.337334043462306
[02:23:37] [Server thread/WARN]: Oak Boat (vehicle of _gary_825) moved wrongly! 0.4900000000000091
[02:23:37] [Server thread/WARN]: Oak Boat (vehicle of _gary_825) moved wrongly! 0.4900000000000091
[02:23:37] [Server thread/WARN]: Oak Boat (vehicle of _gary_825) moved wrongly! 0.4900000000000091
[02:23:38] [Server thread/WARN]: Oak Boat (vehicle of _gary_825) moved wrongly! 0.337334043462306
[02:23:38] [Server thread/WARN]: Oak Boat (vehicle of _gary_825) moved wrongly! 0.837334043462306
[02:23:38] [Server thread/WARN]: Oak Boat (vehicle of _gary_825) moved wrongly! 0.4900000000000091
[02:23:39] [Server thread/WARN]: Oak Boat (vehicle of _gary_825) moved wrongly! 0.4373340673041639
[02:23:40] [Server thread/WARN]: Oak Boat (vehicle of _gary_825) moved wrongly! 0.4900000000000091
[02:23:40] [Server thread/WARN]: Oak Boat (vehicle of _gary_825) moved wrongly! 0.4900000000000091
[02:23:40] [Server thread/WARN]: Oak Boat (vehicle of _gary_825) moved wrongly! 0.4900000000000091
[02:23:40] [Server thread/WARN]: Oak Boat (vehicle of _gary_825) moved wrongly! 0.4900000000000091
[02:23:40] [Server thread/WARN]: Oak Boat (vehicle of _gary_825) moved wrongly! 0.4900000000000091
[02:23:40] [Server thread/WARN]: Oak Boat (vehicle of _gary_825) moved wrongly! 0.4900000000000091
[02:23:40] [Server thread/WARN]: Oak Boat (vehicle of _gary_825) moved wrongly! 0.4900000000000091
[02:23:41] [Server thread/WARN]: Oak Boat (vehicle of _gary_825) moved wrongly! 0.4373340673041639
[02:23:41] [Server thread/WARN]: Oak Boat (vehicle of _gary_825) moved wrongly! 0.44657816072367496
[02:23:42] [Server thread/WARN]: Oak Boat (vehicle of _gary_825) moved wrongly! 0.4900000000000091
[02:23:42] [Server thread/WARN]: Oak Boat (vehicle of _gary_825) moved wrongly! 0.9900000000000091
[02:23:42] [Server thread/WARN]: Oak Boat (vehicle of _gary_825) moved wrongly! 0.4900000000000091
[02:23:42] [Server thread/WARN]: Oak Boat (vehicle of _gary_825) moved wrongly! 0.29840039859573153
[02:23:43] [Server thread/WARN]: Oak Boat (vehicle of _gary_825) moved wrongly! 0.4900000000000091
[02:23:43] [Server thread/WARN]: Oak Boat (vehicle of _gary_825) moved wrongly! 0.4900000000000091
[02:23:43] [Server thread/WARN]: Oak Boat (vehicle of _gary_825) moved wrongly! 0.4900000000000091
[02:23:43] [Server thread/WARN]: Oak Boat (vehicle of _gary_825) moved wrongly! 0.4900000000000091
[02:23:44] [Server thread/WARN]: Oak Boat (vehicle of _gary_825) moved wrongly! 0.337334043462306
[02:23:44] [Server thread/WARN]: Oak Boat (vehicle of _gary_825) moved wrongly! 0.837334043462306
[02:23:44] [Server thread/WARN]: Oak Boat (vehicle of _gary_825) moved wrongly! 0.4900000000000091
[02:23:44] [Server thread/WARN]: Oak Boat (vehicle of _gary_825) moved wrongly! 0.29840039859573153
[02:23:44] [Server thread/WARN]: Oak Boat (vehicle of _gary_825) moved wrongly! 0.29840039859573153
[02:23:45] [Server thread/WARN]: Oak Boat (vehicle of _gary_825) moved wrongly! 0.337334043462306
[02:23:45] [Server thread/WARN]: Oak Boat (vehicle of _gary_825) moved wrongly! 0.4900000000000091
[02:23:45] [Server thread/WARN]: Oak Boat (vehicle of _gary_825) moved wrongly! 0.4900000000000091
[02:23:45] [Server thread/WARN]: Oak Boat (vehicle of _gary_825) moved wrongly! 0.4900000000000091
[02:23:46] [Server thread/WARN]: Oak Boat (vehicle of _gary_825) moved wrongly! 0.337334043462306
[02:23:46] [Server thread/WARN]: Oak Boat (vehicle of _gary_825) moved wrongly! 0.837334043462306
[02:23:46] [Server thread/WARN]: Oak Boat (vehicle of _gary_825) moved wrongly! 0.4900000000000091
[02:23:47] [Server thread/WARN]: Oak Boat (vehicle of _gary_825) moved wrongly! 0.29840039859573153
[02:23:47] [Server thread/WARN]: Oak Boat (vehicle of _gary_825) moved wrongly! 0.29840039859573153
[02:23:48] [Server thread/WARN]: Oak Boat (vehicle of _gary_825) moved wrongly! 0.6984003747538736
[02:23:49] [Server thread/WARN]: Oak Boat (vehicle of _gary_825) moved wrongly! 0.337334043462306
[02:23:49] [Server thread/WARN]: Oak Boat (vehicle of _gary_825) moved wrongly! 0.4900000000000091
[02:23:49] [Server thread/WARN]: Oak Boat (vehicle of _gary_825) moved wrongly! 0.4900000000000091
[02:23:49] [Server thread/WARN]: Oak Boat (vehicle of _gary_825) moved wrongly! 0.4900000000000091
[02:23:50] [Server thread/WARN]: Oak Boat (vehicle of _gary_825) moved wrongly! 0.337334043462306
[02:23:50] [Server thread/WARN]: Oak Boat (vehicle of _gary_825) moved wrongly! 0.4900000000000091
[02:23:50] [Server thread/WARN]: Oak Boat (vehicle of _gary_825) moved wrongly! 0.4900000000000091
[02:23:50] [Server thread/WARN]: Oak Boat (vehicle of _gary_825) moved wrongly! 0.4900000000000091
[02:23:51] [Server thread/WARN]: Oak Boat (vehicle of _gary_825) moved wrongly! 0.337334043462306
[02:23:51] [Server thread/WARN]: Oak Boat (vehicle of _gary_825) moved wrongly! 0.4900000000000091
[02:23:51] [Server thread/WARN]: Oak Boat (vehicle of _gary_825) moved wrongly! 0.4900000000000091
[02:23:51] [Server thread/WARN]: Oak Boat (vehicle of _gary_825) moved wrongly! 0.4900000000000091
[02:23:52] [Server thread/WARN]: Oak Boat (vehicle of _gary_825) moved wrongly! 0.337334043462306
[02:23:52] [Server thread/WARN]: Oak Boat (vehicle of _gary_825) moved wrongly! 0.4900000000000091
[02:23:52] [Server thread/WARN]: Oak Boat (vehicle of _gary_825) moved wrongly! 0.4900000000000091
[02:23:52] [Server thread/WARN]: Oak Boat (vehicle of _gary_825) moved wrongly! 0.4900000000000091
[02:23:53] [Server thread/WARN]: Oak Boat (vehicle of _gary_825) moved wrongly! 0.337334043462306
[02:23:53] [Server thread/WARN]: Oak Boat (vehicle of _gary_825) moved wrongly! 0.837334043462306
[02:23:53] [Server thread/WARN]: Oak Boat (vehicle of _gary_825) moved wrongly! 0.4900000000000091
[02:23:54] [Server thread/WARN]: Oak Boat (vehicle of _gary_825) moved wrongly! 0.29840039859573153
[02:23:54] [Server thread/WARN]: Oak Boat (vehicle of _gary_825) moved wrongly! 0.29840039859573153
[02:23:55] [Server thread/WARN]: Oak Boat (vehicle of _gary_825) moved wrongly! 0.6984003747538736
[02:23:55] [Server thread/WARN]: Oak Boat (vehicle of _gary_825) moved wrongly! 0.6984003747538736
[02:23:55] [Server thread/WARN]: Oak Boat (vehicle of _gary_825) moved wrongly! 0.4139999456406258
[02:23:55] [Server thread/WARN]: Oak Boat (vehicle of _gary_825) moved wrongly! 0.4139999456406258
[02:23:56] [Server thread/WARN]: Oak Boat (vehicle of _gary_825) moved wrongly! 0.337334043462306
[02:23:56] [Server thread/WARN]: Oak Boat (vehicle of _gary_825) moved wrongly! 0.4900000000000091
[02:23:56] [Server thread/WARN]: Oak Boat (vehicle of _gary_825) moved wrongly! 0.4900000000000091
[02:23:56] [Server thread/WARN]: Oak Boat (vehicle of _gary_825) moved wrongly! 0.4900000000000091
[02:23:57] [Server thread/WARN]: Oak Boat (vehicle of _gary_825) moved wrongly! 0.337334043462306
[02:23:57] [Server thread/WARN]: Oak Boat (vehicle of _gary_825) moved wrongly! 0.4900000000000091
[02:23:57] [Server thread/WARN]: Oak Boat (vehicle of _gary_825) moved wrongly! 0.4900000000000091
[02:23:57] [Server thread/WARN]: Oak Boat (vehicle of _gary_825) moved wrongly! 0.4900000000000091
[02:23:58] [Server thread/WARN]: Oak Boat (vehicle of _gary_825) moved wrongly! 0.337334043462306
[02:23:58] [Server thread/WARN]: Oak Boat (vehicle of _gary_825) moved wrongly! 0.4900000000000091
[02:23:58] [Server thread/WARN]: Oak Boat (vehicle of _gary_825) moved wrongly! 0.4900000000000091
[02:23:58] [Server thread/WARN]: Oak Boat (vehicle of _gary_825) moved wrongly! 0.4900000000000091
[02:23:59] [Server thread/WARN]: Oak Boat (vehicle of _gary_825) moved wrongly! 0.337334043462306
[02:23:59] [Server thread/WARN]: Oak Boat (vehicle of _gary_825) moved wrongly! 0.837334043462306
[02:23:59] [Server thread/WARN]: Oak Boat (vehicle of _gary_825) moved wrongly! 0.4900000000000091
[02:24:01] [Server thread/WARN]: Oak Boat (vehicle of _gary_825) moved wrongly! 0.6984003747538736
[02:24:01] [Server thread/WARN]: Oak Boat (vehicle of _gary_825) moved wrongly! 0.4900000000000091
[02:24:02] [Server thread/WARN]: Oak Boat (vehicle of _gary_825) moved wrongly! 0.6984003747538736
[02:24:02] [Server thread/WARN]: Oak Boat (vehicle of _gary_825) moved wrongly! 0.4900000000000091
[02:24:03] [Server thread/WARN]: Oak Boat (vehicle of _gary_825) moved wrongly! 0.29840039859573153
[02:24:04] [Server thread/WARN]: Oak Boat (vehicle of _gary_825) moved wrongly! 0.4900000000000091
[02:24:04] [Server thread/WARN]: Oak Boat (vehicle of _gary_825) moved wrongly! 0.9900000000000091
[02:24:04] [Server thread/WARN]: Oak Boat (vehicle of _gary_825) moved wrongly! 0.4900000000000091
[02:24:05] [Server thread/WARN]: Oak Boat (vehicle of _gary_825) moved wrongly! 0.4373340673041639
[02:24:05] [Server thread/WARN]: Oak Boat (vehicle of _gary_825) moved wrongly! 0.4373340673041639
[02:24:05] [Server thread/WARN]: Oak Boat (vehicle of _gary_825) moved wrongly! 0.4373340673041639
[02:24:05] [Server thread/WARN]: Oak Boat (vehicle of _gary_825) moved wrongly! 0.4373340673041639
[02:24:06] [Server thread/WARN]: Oak Boat (vehicle of _gary_825) moved wrongly! 0.4373340673041639
[02:24:06] [Server thread/WARN]: Oak Boat (vehicle of _gary_825) moved wrongly! 0.4373340673041639
[02:24:06] [Server thread/WARN]: Oak Boat (vehicle of _gary_825) moved wrongly! 0.4373340673041639
[02:24:07] [Server thread/WARN]: Oak Boat (vehicle of _gary_825) moved wrongly! 0.4900000000000091
[02:24:07] [Server thread/WARN]: Oak Boat (vehicle of _gary_825) moved wrongly! 0.9900000000000091
[02:24:07] [Server thread/WARN]: Oak Boat (vehicle of _gary_825) moved wrongly! 0.4900000000000091
[02:24:07] [Server thread/WARN]: Oak Boat (vehicle of _gary_825) moved wrongly! 0.4900000000000091
[02:24:07] [Server thread/WARN]: Oak Boat (vehicle of _gary_825) moved wrongly! 0.4900000000000091
[02:24:07] [Server thread/WARN]: Oak Boat (vehicle of _gary_825) moved wrongly! 0.9900000000000091
[02:24:07] [Server thread/WARN]: Oak Boat (vehicle of _gary_825) moved wrongly! 0.4900000000000091
[02:24:08] [Server thread/WARN]: Oak Boat (vehicle of _gary_825) moved wrongly! 0.29840039859573153
[02:24:09] [Server thread/WARN]: Oak Boat (vehicle of _gary_825) moved wrongly! 0.846578136881817
[02:24:10] [Server thread/WARN]: Oak Boat (vehicle of _gary_825) moved wrongly! 0.4900000000000091
[02:24:10] [Server thread/WARN]: Oak Boat (vehicle of _gary_825) moved wrongly! 0.9900000000000091
[02:24:10] [Server thread/WARN]: Oak Boat (vehicle of _gary_825) moved wrongly! 0.4900000000000091
[02:24:11] [Server thread/WARN]: Oak Boat (vehicle of _gary_825) moved wrongly! 0.4900000000000091
[02:24:11] [Server thread/WARN]: Oak Boat (vehicle of _gary_825) moved wrongly! 0.4900000000000091
[02:24:11] [Server thread/WARN]: Oak Boat (vehicle of _gary_825) moved wrongly! 0.4900000000000091
[02:24:11] [Server thread/WARN]: Oak Boat (vehicle of _gary_825) moved wrongly! 0.4900000000000091
[02:24:11] [Server thread/WARN]: Oak Boat (vehicle of _gary_825) moved wrongly! 0.5750402226684628
[02:24:11] [Server thread/WARN]: Oak Boat (vehicle of _gary_825) moved wrongly! 0.4900000000000091
[02:24:12] [Server thread/WARN]: Oak Boat (vehicle of _gary_825) moved wrongly! 0.29840039859573153
[02:24:12] [Server thread/WARN]: Oak Boat (vehicle of _gary_825) moved wrongly! 0.29840039859573153
[02:24:13] [Server thread/WARN]: Oak Boat (vehicle of _gary_825) moved wrongly! 0.6984003747538736
[02:24:13] [Server thread/WARN]: Oak Boat (vehicle of _gary_825) moved wrongly! 0.4900000000000091
[02:24:14] [Server thread/WARN]: Oak Boat (vehicle of _gary_825) moved wrongly! 0.29840039859573153
[02:24:14] [Server thread/WARN]: Oak Boat (vehicle of _gary_825) moved wrongly! 0.3419999442101016
[02:24:14] [Server thread/WARN]: Oak Boat (vehicle of _gary_825) moved wrongly! 0.3419999442101016
[02:24:15] [Server thread/WARN]: Oak Boat (vehicle of _gary_825) moved wrongly! 0.6984003747538736
[02:24:15] [Server thread/WARN]: Oak Boat (vehicle of _gary_825) moved wrongly! 0.4900000000000091
[02:24:16] [Server thread/WARN]: Oak Boat (vehicle of _gary_825) moved wrongly! 0.29840039859573153
[02:24:16] [Server thread/WARN]: Oak Boat (vehicle of _gary_825) moved wrongly! 0.29840039859573153
[02:24:16] [Server thread/WARN]: Oak Boat (vehicle of _gary_825) moved wrongly! 0.29840039859573153
[02:24:17] [Server thread/WARN]: Oak Boat (vehicle of _gary_825) moved wrongly! 0.6984003747538736
[02:24:17] [Server thread/WARN]: Oak Boat (vehicle of _gary_825) moved wrongly! 0.4900000000000091
[02:24:18] [Server thread/WARN]: Oak Boat (vehicle of _gary_825) moved wrongly! 0.29840039859573153
[02:24:18] [Server thread/WARN]: Oak Boat (vehicle of _gary_825) moved wrongly! 0.29840039859573153
[02:24:18] [Server thread/WARN]: Oak Boat (vehicle of _gary_825) moved wrongly! 0.29840039859573153
[02:24:18] [Server thread/WARN]: Oak Boat (vehicle of _gary_825) moved wrongly! 0.29840039859573153
[02:24:19] [Server thread/WARN]: Oak Boat (vehicle of _gary_825) moved wrongly! 0.29840039859573153
[02:24:20] [Server thread/WARN]: Oak Boat (vehicle of _gary_825) moved wrongly! 0.6984003747538736
[02:24:20] [Server thread/WARN]: Oak Boat (vehicle of _gary_825) moved wrongly! 0.4900000000000091
[02:24:20] [Server thread/WARN]: Oak Boat (vehicle of _gary_825) moved wrongly! 0.4900000000000091
[02:24:20] [Server thread/WARN]: Oak Boat (vehicle of _gary_825) moved wrongly! 0.4900000000000091
[02:24:20] [Server thread/WARN]: Oak Boat (vehicle of _gary_825) moved wrongly! 0.9900000000000091
[02:24:20] [Server thread/WARN]: Oak Boat (vehicle of _gary_825) moved wrongly! 0.4900000000000091
[02:24:21] [Server thread/WARN]: Oak Boat (vehicle of _gary_825) moved wrongly! 0.29840039859573153
[02:24:21] [Server thread/WARN]: Oak Boat (vehicle of _gary_825) moved wrongly! 0.29840039859573153
[02:24:22] [Server thread/WARN]: Oak Boat (vehicle of _gary_825) moved wrongly! 0.4900000000000091
[02:24:22] [Server thread/WARN]: Oak Boat (vehicle of _gary_825) moved wrongly! 0.4900000000000091
[02:24:22] [Server thread/WARN]: Oak Boat (vehicle of _gary_825) moved wrongly! 0.4900000000000091
[02:24:22] [Server thread/WARN]: Oak Boat (vehicle of _gary_825) moved wrongly! 0.4900000000000091
[02:24:22] [Server thread/WARN]: Oak Boat (vehicle of _gary_825) moved wrongly! 0.9900000000000091
[02:24:22] [Server thread/WARN]: Oak Boat (vehicle of _gary_825) moved wrongly! 0.4900000000000091
[02:24:24] [Server thread/WARN]: Oak Boat (vehicle of _gary_825) moved wrongly! 0.4900000000000091
[02:24:24] [Server thread/WARN]: Oak Boat (vehicle of _gary_825) moved wrongly! 0.4900000000000091
[02:24:24] [Server thread/WARN]: Oak Boat (vehicle of _gary_825) moved wrongly! 0.4900000000000091
[02:24:24] [Server thread/WARN]: Oak Boat (vehicle of _gary_825) moved wrongly! 0.4900000000000091
[02:24:24] [Server thread/WARN]: Oak Boat (vehicle of _gary_825) moved wrongly! 0.9900000000000091
[02:24:24] [Server thread/WARN]: Oak Boat (vehicle of _gary_825) moved wrongly! 0.4900000000000091
[02:24:25] [Server thread/WARN]: Oak Boat (vehicle of _gary_825) moved wrongly! 0.29840039859573153
[02:24:25] [Server thread/WARN]: Oak Boat (vehicle of _gary_825) moved wrongly! 0.29840039859573153
[02:24:26] [Server thread/WARN]: Oak Boat (vehicle of _gary_825) moved wrongly! 0.29840039859573153
[02:24:26] [Server thread/WARN]: Oak Boat (vehicle of _gary_825) moved wrongly! 0.44657816072367496
[02:24:26] [Server thread/WARN]: Oak Boat (vehicle of _gary_825) moved wrongly! 0.44657816072367496
[02:24:27] [Server thread/WARN]: Oak Boat (vehicle of _gary_825) moved wrongly! 0.4900000000000091
[02:24:27] [Server thread/WARN]: Oak Boat (vehicle of _gary_825) moved wrongly! 0.4900000000000091
[02:24:27] [Server thread/WARN]: Oak Boat (vehicle of _gary_825) moved wrongly! 0.4900000000000091
[02:24:27] [Server thread/WARN]: Oak Boat (vehicle of _gary_825) moved wrongly! 0.4900000000000091
[02:24:27] [Server thread/WARN]: Oak Boat (vehicle of _gary_825) moved wrongly! 0.4900000000000091
[02:24:27] [Server thread/WARN]: Oak Boat (vehicle of _gary_825) moved wrongly! 0.4900000000000091
[02:24:27] [Server thread/WARN]: Oak Boat (vehicle of _gary_825) moved wrongly! 0.4900000000000091
[02:24:28] [Server thread/WARN]: Oak Boat (vehicle of _gary_825) moved wrongly! 0.337334043462306
[02:24:28] [Server thread/WARN]: Oak Boat (vehicle of _gary_825) moved wrongly! 0.837334043462306
[02:24:28] [Server thread/WARN]: Oak Boat (vehicle of _gary_825) moved wrongly! 0.4900000000000091
[02:24:29] [Server thread/WARN]: Oak Boat (vehicle of _gary_825) moved wrongly! 0.29840039859573153
[02:24:29] [Server thread/WARN]: Oak Boat (vehicle of _gary_825) moved wrongly! 0.29840039859573153
[02:24:29] [Server thread/WARN]: Oak Boat (vehicle of _gary_825) moved wrongly! 0.4900000000000091
[02:24:29] [Server thread/WARN]: Oak Boat (vehicle of _gary_825) moved wrongly! 0.9900000000000091
[02:24:29] [Server thread/WARN]: Oak Boat (vehicle of _gary_825) moved wrongly! 0.4900000000000091
[02:24:29] [Server thread/WARN]: Oak Boat (vehicle of _gary_825) moved wrongly! 0.4900000000000091
[02:24:30] [Server thread/WARN]: Oak Boat (vehicle of _gary_825) moved wrongly! 0.4900000000000091
[02:24:30] [Server thread/WARN]: Oak Boat (vehicle of _gary_825) moved wrongly! 0.9900000000000091
[02:24:30] [Server thread/WARN]: Oak Boat (vehicle of _gary_825) moved wrongly! 0.4900000000000091
[02:24:31] [Server thread/WARN]: Oak Boat (vehicle of _gary_825) moved wrongly! 0.4900000000000091
[02:24:31] [Server thread/WARN]: Oak Boat (vehicle of _gary_825) moved wrongly! 0.9900000000000091
[02:24:31] [Server thread/WARN]: Oak Boat (vehicle of _gary_825) moved wrongly! 0.4900000000000091
[02:24:31] [Server thread/WARN]: Oak Boat (vehicle of _gary_825) moved wrongly! 0.4900000000000091
[02:24:31] [Server thread/WARN]: Oak Boat (vehicle of _gary_825) moved wrongly! 0.4900000000000091
[02:24:31] [Server thread/WARN]: Oak Boat (vehicle of _gary_825) moved wrongly! 0.4900000000000091
[02:24:31] [Server thread/WARN]: Oak Boat (vehicle of _gary_825) moved wrongly! 0.4900000000000091
[02:24:31] [Server thread/WARN]: Oak Boat (vehicle of _gary_825) moved wrongly! 0.4900000000000091
[02:24:32] [Server thread/WARN]: Oak Boat (vehicle of _gary_825) moved wrongly! 0.4373340673041639
[02:24:32] [Server thread/WARN]: Oak Boat (vehicle of _gary_825) moved wrongly! 0.4373340673041639
[02:24:32] [Server thread/WARN]: Oak Boat (vehicle of _gary_825) moved wrongly! 0.29840039859573153
[02:24:32] [Server thread/WARN]: Oak Boat (vehicle of _gary_825) moved wrongly! 0.29840039859573153
[02:24:33] [Server thread/WARN]: Oak Boat (vehicle of _gary_825) moved wrongly! 0.4373340673041639
[02:24:33] [Server thread/WARN]: Oak Boat (vehicle of _gary_825) moved wrongly! 0.4373340673041639
[02:24:33] [Server thread/WARN]: Oak Boat (vehicle of _gary_825) moved wrongly! 0.4373340673041639
[02:24:33] [Server thread/WARN]: Oak Boat (vehicle of _gary_825) moved wrongly! 0.29840039859573153
[02:24:33] [Server thread/WARN]: Oak Boat (vehicle of _gary_825) moved wrongly! 0.29840039859573153
[02:24:34] [Server thread/WARN]: Oak Boat (vehicle of _gary_825) moved wrongly! 0.29432147307397827
[02:24:34] [Server thread/WARN]: Oak Boat (vehicle of _gary_825) moved wrongly! 0.29432147307397827
[02:24:34] [Server thread/WARN]: Oak Boat (vehicle of _gary_825) moved wrongly! 0.29840039859573153
[02:24:34] [Server thread/WARN]: Oak Boat (vehicle of _gary_825) moved wrongly! 0.2945773220390038
[02:24:35] [Server thread/WARN]: Oak Boat (vehicle of _gary_825) moved wrongly! 0.29395617085208414
[02:24:35] [Server thread/WARN]: Oak Boat (vehicle of _gary_825) moved wrongly! 0.29395617085208414
[02:24:35] [Server thread/WARN]: Oak Boat (vehicle of _gary_825) moved wrongly! 0.29840039859573153
[02:24:35] [Server thread/WARN]: Oak Boat (vehicle of _gary_825) moved wrongly! 0.29840039859573153
[02:24:36] [Server thread/WARN]: Oak Boat (vehicle of _gary_825) moved wrongly! 0.4900000000000091
[02:24:36] [Server thread/WARN]: Oak Boat (vehicle of _gary_825) moved wrongly! 0.9900000000000091
[02:24:36] [Server thread/WARN]: Oak Boat (vehicle of _gary_825) moved wrongly! 0.4900000000000091
[02:24:36] [Server thread/WARN]: Oak Boat (vehicle of _gary_825) moved wrongly! 0.4900000000000091
[02:24:36] [Server thread/WARN]: Oak Boat (vehicle of _gary_825) moved wrongly! 0.4900000000000091
[02:24:36] [Server thread/WARN]: Oak Boat (vehicle of _gary_825) moved wrongly! 0.9900000000000091
[02:24:36] [Server thread/WARN]: Oak Boat (vehicle of _gary_825) moved wrongly! 0.4900000000000091
[02:24:36] [Server thread/WARN]: Oak Boat (vehicle of _gary_825) moved wrongly! 0.4900000000000091
[02:24:37] [Server thread/WARN]: Oak Boat (vehicle of _gary_825) moved wrongly! 0.4900000000000091
[02:24:37] [Server thread/WARN]: Oak Boat (vehicle of _gary_825) moved wrongly! 0.9900000000000091
[02:24:37] [Server thread/WARN]: Oak Boat (vehicle of _gary_825) moved wrongly! 0.4900000000000091
[02:24:37] [Server thread/WARN]: Oak Boat (vehicle of _gary_825) moved wrongly! 0.4900000000000091
[02:24:37] [Server thread/WARN]: Oak Boat (vehicle of _gary_825) moved wrongly! 0.4900000000000091
[02:24:37] [Server thread/WARN]: Oak Boat (vehicle of _gary_825) moved wrongly! 0.9900000000000091
[02:24:37] [Server thread/WARN]: Oak Boat (vehicle of _gary_825) moved wrongly! 0.4900000000000091
[02:24:38] [Server thread/WARN]: Oak Boat (vehicle of _gary_825) moved wrongly! 0.29840039859573153
[02:24:38] [Server thread/WARN]: Oak Boat (vehicle of _gary_825) moved wrongly! 0.30394685486783146
[02:24:38] [Server thread/WARN]: Oak Boat (vehicle of _gary_825) moved wrongly! 0.30394685486783146
[02:24:38] [Server thread/WARN]: Oak Boat (vehicle of _gary_825) moved wrongly! 0.30394685486783146
[02:24:39] [Server thread/WARN]: Oak Boat (vehicle of _gary_825) moved wrongly! 0.337334043462306
[02:24:39] [Server thread/WARN]: Oak Boat (vehicle of _gary_825) moved wrongly! 0.837334043462306
[02:24:39] [Server thread/WARN]: Oak Boat (vehicle of _gary_825) moved wrongly! 0.4900000000000091
[02:24:39] [Server thread/WARN]: Oak Boat (vehicle of _gary_825) moved wrongly! 0.4900000000000091
[02:24:40] [Server thread/WARN]: Oak Boat (vehicle of _gary_825) moved wrongly! 0.4900000000000091
[02:24:40] [Server thread/WARN]: Oak Boat (vehicle of _gary_825) moved wrongly! 0.4900000000000091
[02:24:40] [Server thread/WARN]: Oak Boat (vehicle of _gary_825) moved wrongly! 0.4900000000000091
[02:24:40] [Server thread/WARN]: Oak Boat (vehicle of _gary_825) moved wrongly! 0.4900000000000091
[02:24:40] [Server thread/WARN]: Oak Boat (vehicle of _gary_825) moved wrongly! 0.5750402226684628
[02:24:40] [Server thread/WARN]: Oak Boat (vehicle of _gary_825) moved wrongly! 0.4900000000000091
[02:24:41] [Server thread/WARN]: Oak Boat (vehicle of _gary_825) moved wrongly! 0.3419999442101016
[02:24:41] [Server thread/WARN]: Oak Boat (vehicle of _gary_825) moved wrongly! 0.3419999442101016
[02:24:42] [Server thread/WARN]: Oak Boat (vehicle of _gary_825) moved wrongly! 0.4373340673041639
[02:24:42] [Server thread/WARN]: Oak Boat (vehicle of _gary_825) moved wrongly! 0.29840039859573153
[02:24:42] [Server thread/WARN]: Oak Boat (vehicle of _gary_825) moved wrongly! 0.29840039859573153
[02:24:43] [Server thread/WARN]: Oak Boat (vehicle of _gary_825) moved wrongly! 0.4373340673041639
[02:24:43] [Server thread/WARN]: Oak Boat (vehicle of _gary_825) moved wrongly! 0.29840039859573153
[02:24:43] [Server thread/WARN]: Oak Boat (vehicle of _gary_825) moved wrongly! 0.29840039859573153
[02:24:44] [Server thread/WARN]: Oak Boat (vehicle of _gary_825) moved wrongly! 0.4900000000000091
[02:24:44] [Server thread/WARN]: Oak Boat (vehicle of _gary_825) moved wrongly! 0.4900000000000091
[02:24:44] [Server thread/WARN]: Oak Boat (vehicle of _gary_825) moved wrongly! 0.4900000000000091
[02:24:44] [Server thread/WARN]: Oak Boat (vehicle of _gary_825) moved wrongly! 0.4900000000000091
[02:24:44] [Server thread/WARN]: Oak Boat (vehicle of _gary_825) moved wrongly! 0.4900000000000091
[02:24:44] [Server thread/WARN]: Oak Boat (vehicle of _gary_825) moved wrongly! 0.4900000000000091
[02:24:44] [Server thread/WARN]: Oak Boat (vehicle of _gary_825) moved wrongly! 0.9900000000000091
[02:24:44] [Server thread/WARN]: Oak Boat (vehicle of _gary_825) moved wrongly! 0.4900000000000091
[02:24:45] [Server thread/WARN]: Oak Boat (vehicle of _gary_825) moved wrongly! 0.29840039859573153
[02:24:45] [Server thread/WARN]: Oak Boat (vehicle of _gary_825) moved wrongly! 0.4900000000000091
[02:24:45] [Server thread/WARN]: Oak Boat (vehicle of _gary_825) moved wrongly! 0.9900000000000091
[02:24:45] [Server thread/WARN]: Oak Boat (vehicle of _gary_825) moved wrongly! 0.4900000000000091
[02:26:14] [Server thread/INFO]: redbean920108 has made the advancement [The City at the End of the Game]
[02:26:20] [Server thread/INFO]: _gary_825 has made the advancement [The City at the End of the Game]
[02:34:28] [Server thread/WARN]: _gary_825 moved too quickly! -5.794180118174211,-53.04831898799779,6.632118118156427
[02:50:09] [Server thread/INFO]: _gary_825 has reached the goal [Sky's the Limit]
[02:51:45] [Server thread/INFO]: redbean920108 lost connection: Disconnected
[02:51:45] [Server thread/INFO]: redbean920108 left the game
[02:54:30] [Server thread/WARN]: _gary_825 moved wrongly!
[02:59:33] [Server thread/WARN]: _gary_825 moved too quickly! 5.1283824661221615,-13.250091275627952,7.8689241996737564
[03:04:14] [Server thread/INFO]: _gary_825 has made the advancement [Local Brewery]
[03:08:44] [Server thread/INFO]: _gary_825 lost connection: Disconnected
[03:08:44] [Server thread/INFO]: _gary_825 left the game
[03:08:55] [Server thread/INFO]: Stopping the server
[03:08:55] [Server thread/INFO]: Stopping server
[03:08:55] [Server thread/INFO]: Saving players
[03:08:55] [Server thread/INFO]: Saving worlds
[03:08:55] [Server thread/INFO]: Saving chunks for level 'ServerLevel[world]'/minecraft:overworld
[03:08:55] [Server thread/INFO]: Saving chunks for level 'ServerLevel[world]'/minecraft:the_end
[03:09:07] [Server thread/INFO]: Saving chunks for level 'ServerLevel[world]'/minecraft:the_nether
[03:09:07] [Server thread/INFO]: ThreadedAnvilChunkStorage (world): All chunks are saved
[03:09:07] [Server thread/INFO]: ThreadedAnvilChunkStorage (DIM1): All chunks are saved
[03:09:07] [Server thread/INFO]: ThreadedAnvilChunkStorage (DIM-1): All chunks are saved
[03:09:07] [Server thread/INFO]: ThreadedAnvilChunkStorage: All dimensions are saved
